observed_electricity,predicted_electricity,residual,relative_bias,relative_bias_pct,log_bias,standardized_residual,symmetric_bias,bias_z,city,spatial_unit_id,model_name,vulnerability_z,vulnerability_z_with_apartment_sensitivity,ntl_value
644.0269991999488,607.2461219475498,-36.78087725239903,0.22294815239174703,22.2948152391747,0.028056310409872037,-0.09915573771454163,0.021713568773018138,-0.2229522003136323,Tokyo,533923072,random_forest,-0.7672270904253079,-1.048214558952424,37.641666650772095
256.54647770229707,652.4392296555387,395.89275195324166,1.8300098670518226,183.00098670518227,0.9661953483317572,1.0672675805524274,0.8718563179450306,2.309466665693182,Tokyo,533923074,random_forest,-1.094432266236513,-0.6355476297155227,42.803749799728394
765.0607117200328,440.22256455155707,-324.8381471684758,-0.3488246334475431,-34.882463344754306,-0.5016289321619843,-0.8757150053623096,-0.4739010560748147,-1.1239556756126285,Tokyo,533923081,random_forest,-0.9889884372526202,-1.2285111344168758,135.30999978383383
441.16831552143475,510.0645411743864,68.89622565295171,0.31522686500788094,31.522686500788094,0.19358692464129915,0.18573390823407768,0.1842504698821117,-0.07753877242337352,Tokyo,533923083,random_forest,-0.8511966135710805,-0.44246731376552084,137.7179168065389
324.6972274337741,644.2410213407834,319.5437939070093,1.1172552344145696,111.72552344145696,0.7059525790956638,0.8614422217155339,0.6650054723306471,1.1863030298112045,Tokyo,533923171,random_forest,-0.21728368493995806,-0.966462167105081,31.386250257492065
244.44050345584583,644.9060430546302,400.46553959878446,1.872389938930328,187.2389938930328,1.0002008615575557,1.0795951313417758,0.904728524295122,2.376249473465162,Tokyo,533923172,random_forest,-0.35892626730800253,0.07525618757981718,44.4883337020874
761.9619379105092,676.2756440423179,-85.68629386819107,0.01979452436948037,1.979452436948037,-0.061887328697380485,-0.23099741809370045,-0.05951389587679393,-0.5430830799234044,Tokyo,533923173,random_forest,-0.7295914368584739,-0.591995211715711,26.40291666984558
857.2640420716581,713.1574432797288,-144.10659879192937,0.048017466315413905,4.80174663154139,-0.09010066888771899,-0.38848981264619614,-0.08701547102058414,-0.49860917454310305,Tokyo,533923183,random_forest,-0.6838352417854535,-0.9642399342312309,28.37333345413208
164.8522661775871,692.0878905597914,527.2356243822043,3.588079500906639,358.80795009066384,1.4574884469769886,1.4213482980913568,1.2180532100448012,5.079844845892284,Tokyo,533923262,random_forest,-1.0037205481879239,-1.5438108027343973,21.52999985218048
1159.7318848455957,740.1201687276629,-419.61171611793276,-0.26823151684412105,-26.823151684412107,-0.39215200424581775,-1.1312103563985725,-0.3727812038385363,-0.9969564900213255,Tokyo,533923264,random_forest,-1.3707174288304234,-1.6457057806581878,18.363749941190083
673.9562610407066,673.3584872747659,-0.5977737659406918,0.3575395979243967,35.75395979243967,0.11133197461676929,-0.0016115085657556621,0.09473437441396255,-0.01086207784929046,Tokyo,533923271,random_forest,-0.5550526196154486,-0.40558505384972565,22.33875000476837
1105.4004110133394,645.7139696436585,-459.6864413696808,-0.37484081270295794,-37.484081270295796,-0.5079135015250913,-1.2392458151174226,-0.4890403094237667,-1.1649521492183503,Tokyo,533923272,random_forest,-1.2605773623211216,-0.6798735343345121,25.96083339055379
992.4054615180889,717.7957292573207,-274.6097322607681,-0.19826884826700528,-19.826884826700525,-0.2784681863707125,-0.7403067196863343,-0.2690097308259345,-0.8867088372991982,Tokyo,533923273,random_forest,1.10470105206721,0.7122279685245685,22.197500069936115
720.2691272406904,725.3882437527085,5.119116512018086,0.1738100621164984,17.381006211649844,0.06613821643116631,0.013800371609209985,0.06231130924610013,-0.3003843397998913,Tokyo,533923274,random_forest,-0.7483863315036661,-0.5900210157347875,23.789583524068195
1228.4744437039833,713.3641797487866,-515.1102639551966,-0.3812585629124885,-38.12585629124885,-0.5194801858945088,-1.3886601419621758,-0.4991500218884329,-1.1750652839907583,Tokyo,533923281,random_forest,-0.42711467852201823,-0.7209639059163521,22.4983332157135
1450.7770216267636,702.9964555388598,-747.7805660879036,-0.4611160120208568,-46.11160120208567,-0.6761640975291119,-2.0159044377933495,-0.6361574214285776,-1.3009051997005212,Tokyo,533923283,random_forest,-0.7290277315438745,-1.2979729289668447,20.219583471616108
872.0560543096827,664.2972517174134,-207.75880259226938,-0.1071145838767691,-10.711458387676911,-0.21149904540580103,-0.5600866231754339,-0.19897168087721742,-0.743067322631148,Tokyo,533923284,random_forest,-0.9895174952894517,-1.575971999814489,21.078750093777973
720.2938731571235,680.7327299513325,-39.56114320579096,0.08802545161307675,8.802545161307675,0.0026189740994223554,-0.10665091842378426,0.0017057851585278634,-0.4355643170653334,Tokyo,533923362,random_forest,-0.17129658352174376,-0.5896859356452981,20.948333263397217
953.8741986102283,684.7648692471806,-269.1093293630477,-0.21885783276663928,-21.88578327666393,-0.29899824154500626,-0.7254784570729106,-0.28782613869081936,-0.9191531002065649,Tokyo,533923364,random_forest,1.9599136160612358,1.6198548423768317,23.455833435058594
872.1025015669969,678.2499818944817,-193.85251967251506,-0.14797315666293273,-14.797315666293272,-0.21582813600448567,-0.5225973666709433,-0.2087084796515415,-0.8074525417038826,Tokyo,533923371,random_forest,-0.2706989005270767,-0.6691473512232482,21.32000009218852
831.7220332159189,690.5431646737569,-141.17886854216206,-0.048903646915675066,-4.890364691567506,-0.12955168756841332,-0.38059709027438476,-0.12482070193108913,-0.6513381291450169,Tokyo,533923372,random_forest,0.031591292393176346,-0.18174313348978566,20.831249952316284
900.4901917617899,654.6472902785738,-245.8429014832162,-0.1652186732086594,-16.52186732086594,-0.25884131481296596,-0.6627556512905552,-0.24775132678933956,-0.8346281448907636,Tokyo,533923373,random_forest,1.1849429851642084,0.7046467492336034,22.378333409627277
811.23524123806,711.5899838543165,-99.6452573837433,-0.003478690707537861,-0.34786907075378615,-0.07333743286447574,-0.2686286935963714,-0.07068927910934253,-0.5797571717744082,Tokyo,533923374,random_forest,-0.6440689004743989,-0.8455083532111017,26.06375002861023
1141.171768884519,700.1259598153524,-441.0458090691665,-0.33354153081327415,-33.35415308132742,-0.44889986979718915,-1.188993461576767,-0.43213456179058096,-1.0998724577193273,Tokyo,533923381,random_forest,-0.8729570865455304,-1.0187750053811964,20.866666793823242
1003.4010996146512,685.4636143233225,-317.93748529132864,-0.2467597322628097,-24.675973226280973,-0.33793636796342863,-0.8571118542071124,-0.3270282001619879,-0.9631211046938563,Tokyo,533923382,random_forest,-0.3965207327537694,-1.130131852490499,20.958333214124043
728.9810193634462,755.9219605163838,26.940941152937693,0.1860379197917296,18.603791979172957,0.08770323023605142,0.0726287433660749,0.0835729234842249,-0.28111559785605655,Tokyo,533923383,random_forest,-0.18277242315984243,-0.43405391761686385,23.729166587193806
575.6255564085757,673.0675944767996,97.44203806822405,0.2870182161707315,28.701821617073147,0.1978284464969681,0.2626891442191746,0.1918518779313497,-0.12199015462487696,Tokyo,533923384,random_forest,-0.5638105754136208,-1.220027636125529,20.330833156903584
1130.8748648796281,659.7168941627564,-471.15797071687183,-0.3522327938028131,-35.223279380281305,-0.5056981625504962,-1.2701713405563393,-0.4789999839859023,-1.1293262780626334,Tokyo,533923461,random_forest,0.08433230145169068,-0.14191619068237757,42.45375029246012
830.1894877708037,668.8244720074775,-161.36501576332603,-0.12346258348366136,-12.346258348366137,-0.1826011078371332,-0.43501592062455824,-0.177045198630342,-0.7688286124735377,Tokyo,533923462,random_forest,-0.313274612777816,-0.3907329914513802,28.600833415985107
585.0865688364055,595.963814734248,10.877245897842444,0.20562447548636867,20.562447548636868,0.07312721852809112,0.029323426244073383,0.06577408586171173,-0.2502509691310241,Tokyo,533923463,random_forest,-0.07486614993443262,0.4283423585378068,56.212916215260826
1072.2328285959268,632.1554275620931,-440.0774010338336,-0.322620431130563,-32.2620431130563,-0.4655636671689929,-1.1863827785173828,-0.44063170249690065,-1.0826629139776367,Tokyo,533923464,random_forest,0.6412042151815472,0.3394574053853841,26.84583353996277
598.6007219044087,687.7065129674424,89.10579106303364,0.3240473061159451,32.404730611594516,0.19488252108312576,0.24021587051506854,0.18538952277213783,-0.06363946086315227,Tokyo,533923471,random_forest,1.24942294020574,0.9217799792574123,21.43624957402547
520.7822523582199,656.6690438639848,135.8867915057649,0.37959374955838726,37.95937495583873,0.2670294409082558,0.3663304429895673,0.2588365535326365,0.02389100547178542,Tokyo,533923472,random_forest,0.5486933763935604,0.7480418277927711,27.744999885559082
965.2554110817574,672.6431338877492,-292.6122771940083,-0.19386796096650208,-19.38679609665021,-0.2947648100103543,-0.7888388852283669,-0.28251029577990905,-0.8797738889239759,Tokyo,533923473,random_forest,-0.8932781985281572,-1.0888578587781732,20.30458339055379
689.7259065882286,719.773568385061,30.047661796832525,0.22575948562698844,22.575948562698844,0.10765296563264089,0.08100399703945747,0.10192074099251759,-0.21852208213048385,Tokyo,533923474,random_forest,0.5288862184427702,0.419395634520982,21.25541663169861
731.2518907549393,720.2048216857592,-11.047069069180159,0.11497987629794726,11.497987629794727,0.03767814709149694,-0.02978124408565072,0.03558302924098498,-0.3930893498804147,Tokyo,533923481,random_forest,-0.09547736131101948,-0.10228977062685551,24.10125009218852
306.95037335134276,707.74026871571,400.78989536436734,1.700814603799662,170.08146037996622,0.9083837145218111,1.0804695459186127,0.8221839785294361,2.105879884256047,Tokyo,533923482,random_forest,-0.7178364231401362,-0.4218410125077362,19.395416776339214
300.2555660548022,699.0104916789786,398.75492562417634,1.9022598944614886,190.22598944614887,0.937302135749089,1.0749835722037728,0.8324173553043605,2.4233187541429704,Tokyo,533923483,random_forest,2.1063921490613375,1.7699146171442666,18.160833477973938
323.0341120343032,728.2452486439942,405.211136609691,1.3848069312775324,138.48069312775326,0.8320585845378149,1.0923885503046602,0.775079991278062,1.607912827734378,Tokyo,533923484,random_forest,-1.6424568217034032,-1.8929100032666597,15.744166533152262
660.619240020207,685.0051853595143,24.385945339307245,0.13999429694210166,13.999429694210166,0.07483350458116263,0.06574085722296862,0.07130601897015032,-0.35367145436114644,Tokyo,533923544,random_forest,0.855542639151255,0.9525639875609385,22.78249994913737
359.26658576328197,605.3676732804169,246.10108751713497,1.0998130302465545,109.98130302465546,0.6123477958306279,0.6634516821787022,0.5603892015168586,1.158817484920872,Tokyo,533923553,random_forest,0.4507117529582871,0.7697206944062152,42.86333346366882
304.70152630568356,576.9566000716457,272.2550737659621,1.0648223300797128,106.48223300797127,0.6594473633362662,0.7339589129574157,0.6182776408217238,1.1036788997446079,Tokyo,533923554,random_forest,-0.4880727083039258,0.1408843281700943,51.57541664441427
569.3115938454544,648.3706780513897,79.05908420593532,0.359896034295526,35.98960342955261,0.19984786240534555,0.21313145316468154,0.18666553093360727,-0.007148789262825229,Tokyo,533923561,random_forest,0.08786696769067599,0.4780616657308293,41.921666383743286
1014.6847253992531,668.1721334739345,-346.51259192531853,-0.2572629648811226,-25.726296488112258,-0.3650293999391085,-0.9341460630195232,-0.34970833789299133,-0.9796721706510835,Tokyo,533923562,random_forest,-0.6412330415985392,-1.0561300992940887,19.547916889190674
790.3575709209528,724.6727203649384,-65.68485055601427,0.07730887550164035,7.730887550164035,-0.015049526922651454,-0.1770765218256507,-0.013576973616829779,-0.45245157116144624,Tokyo,533923563,random_forest,0.13943936429369883,0.07459186770718068,22.451250076293945
728.2571052933595,692.6947527591078,-35.56235253425168,0.032691353436597785,3.2691353436597783,-0.0204007072706488,-0.09587077752932954,-0.018915215942492743,-0.5227601682745874,Tokyo,533923564,random_forest,2.5121258655839527,2.0282167616455298,16.15958333015442
1057.084979397302,680.7045555889564,-376.38042380834577,-0.2978841933888793,-29.78841933888793,-0.39995803236898464,-1.014665265538063,-0.386809181192566,-1.0436833809829629,Tokyo,533923571,random_forest,-0.8652786762532623,-1.1223401341255113,15.84666657447815
692.4574007296468,705.2183208150918,12.760920085445159,0.11776602559533993,11.776602559533993,0.06026965024166101,0.034401529803264726,0.0584924610268416,-0.3886989167191585,Tokyo,533923572,random_forest,1.2605842662958373,0.9296289280177976,16.482499996821087
1095.9743494634693,649.6287024051511,-446.3456470583181,-0.3332357019944709,-33.32357019944709,-0.48688189061885495,-1.2032810312281301,-0.4612614026372266,-1.0993905305702696,Tokyo,533923573,random_forest,-1.3156626643754776,-1.7757541181368517,13.665416598320007
976.5073677388456,733.5981794648146,-242.90918827403098,-0.13994586310798957,-13.994586310798956,-0.23179414564250453,-0.6548467997560075,-0.22298060173254233,-0.794803077494717,Tokyo,533923574,random_forest,-0.768255979010951,-1.1484113103312423,14.424999952316284
574.7489919354839,706.7072226914864,131.95823075600248,0.47789461795520105,47.78946179552011,0.2796215475790455,0.35573963144839665,0.262103861641619,0.1787941877217587,Tokyo,533923581,random_forest,-0.920406223290259,-1.1075886249991924,16.292083342870075
789.9868030351184,730.8419633120308,-59.14483972308756,0.042550953688258834,4.2550953688258835,-0.021723937595383085,-0.15944563188384964,-0.022947796445214608,-0.5072233426126848,Tokyo,533923583,random_forest,-0.8358379704692397,-0.9810068940085115,17.12333349386851
417.60026841842244,738.8569315469521,321.2566631285296,0.8954784313321328,89.54784313321328,0.6041159064116223,0.8660598606615246,0.5772739151742171,0.8368256232839527,Tokyo,533923641,random_forest,1.6192681182861541,1.4098251013206418,24.418750206629436
1049.1010211412151,677.9393270752447,-371.1616940659705,-0.2888652666976837,-28.88652666976837,-0.39862816440013155,-1.0005963515753247,-0.3824945058844924,-1.0294712944802693,Tokyo,533923642,random_forest,0.27797467661805225,-0.035773982187244674,24.175000031789143
605.852604716219,689.9548463176094,84.10224160139029,0.24207869200687893,24.207869200687895,0.16323988025462102,0.2267270503693205,0.15833394316179333,-0.19280616485257465,Tokyo,533923643,random_forest,3.9978466421900842,3.5066919184620877,24.074583371480305
757.399700485107,705.2677444411406,-52.13195604396634,0.012945169330885806,1.2945169330885802,-0.040134124797821226,-0.14053994755398017,-0.03921476002552108,-0.5538763405440053,Tokyo,533923644,random_forest,1.0323081593705823,0.926321036576295,23.825416644414265
870.964971926479,631.7794964979548,-239.18547542852434,-0.17187394209601778,-17.187394209601777,-0.2565117919132515,-0.6448082274919583,-0.24672924342956293,-0.8451155632238296,Tokyo,533923651,random_forest,-0.11601560890442669,0.25228893121353463,32.06625032424927
920.841971213606,671.8596054253074,-248.98236578829855,-0.19787893999398565,-19.787893999398566,-0.2752046773281012,-0.671219176971651,-0.265805892374638,-0.8860944171698408,Tokyo,533923652,random_forest,0.26060906611567664,0.49306004960783045,32.43541646003723
407.373294519263,661.8309003507653,254.45760583150232,0.8428259904570079,84.28259904570079,0.536426292361631,0.6859796042970396,0.5057722697482131,0.7538555460323283,Tokyo,533923653,random_forest,-0.19894473305361016,-0.21996881597929654,22.553333044052124
860.5626959805428,705.3215560569291,-155.24113992361362,-0.057996854876957334,-5.799685487695733,-0.13893838443590967,-0.4185068683147921,-0.13388261396663384,-0.6656672685822944,Tokyo,533923654,random_forest,0.36692946825432937,0.4208492524085205,22.769583304723103
1175.4923424715732,733.685144135229,-441.8071983363443,-0.2965292568341388,-29.652925683413873,-0.4307082915713078,-1.1910460530350098,-0.4095409909755881,-1.0415482626722186,Tokyo,533923661,random_forest,-0.5208322501764118,-0.4923891269174069,20.274166584014893
899.100224748177,693.4967246844899,-205.60350006368705,-0.16277220418607077,-16.277220418607076,-0.22518070074941443,-0.5542762502810336,-0.2187151095595745,-0.8307729822349754,Tokyo,533923662,random_forest,1.0740018590798428,0.6475594532668659,17.71708333492279
536.8361580901178,699.1066585517842,162.2705004616664,0.49706954057174163,49.706954057174165,0.32215787004035024,0.4374569717891906,0.3068896969743956,0.20901016222067162,Tokyo,533923663,random_forest,1.8419217316283012,1.4504617381214044,19.554166714350384
1003.2103952186734,739.4047492198905,-263.8056459987828,-0.1825475236464086,-18.25475236464086,-0.2754919559767137,-0.7111805208660266,-0.26632286749761896,-0.861935066195929,Tokyo,533923664,random_forest,-0.30939189716626825,-0.5139670480223014,18.359999974568684
633.527605702765,750.8017476096447,117.27414190687973,0.38437774392474794,38.437774392474786,0.2295017030142575,0.31615352662253443,0.21898782326377278,0.031429656587498585,Tokyo,533923671,random_forest,-1.3585907431166564,-1.099550176664433,16.764999945958454
544.4200774074368,642.8485033914666,98.4284259840298,0.32774389732934833,32.77438973293483,0.21731558381385505,0.26534829834410917,0.20956629337527946,-0.05781434708977274,Tokyo,533923672,random_forest,-1.2677569326402314,-1.5478527580844124,15.019166787465414
485.4557198408284,705.7751049756326,220.31938513480426,0.7666952127646501,76.66952127646502,0.4466618083793978,0.5939480729604087,0.41412369644058616,0.6338881446854066,Tokyo,533923673,random_forest,-1.299155384952046,-1.1394254437990428,19.304583311080933
508.9780342024648,699.198283361519,190.22024915905422,0.5592371463753052,55.923714637530516,0.37481015928128425,0.5128053092420386,0.35843334830638773,0.30697430159083855,Tokyo,533923674,random_forest,-0.7771877236443354,-1.3931102231514294,18.147083401679993
1253.3289902967583,701.6487102890463,-551.680280007712,-0.3920456840207062,-39.20456840207061,-0.5417597683224508,-1.4872474294549798,-0.518251145872578,-1.1920637033763692,Tokyo,533923681,random_forest,-0.8763891777836519,-1.2450308462499975,17.556666612625122
1059.913426917254,696.040739018208,-363.87268789904584,-0.2862189754842029,-28.62189754842029,-0.3876190369932067,-0.9809462823633374,-0.37390026424229855,-1.025301250646337,Tokyo,533923683,random_forest,-0.1710863439884366,-0.8891135532175457,18.387083252271015
636.3610649252893,727.1057902597944,90.74472533450502,0.3003331785264494,30.03331785264494,0.1782486773861632,0.24463419190632327,0.16996160913844213,-0.10100834567367381,Tokyo,533923733,random_forest,1.0578002549940309,0.5568575514086025,17.988749901453655
743.2236959231599,700.9364926529921,-42.28720327016759,0.08111217489661059,8.11121748966106,0.012568520580647946,-0.11399996817272096,0.012627336990326204,-0.44645830590409286,Tokyo,533923734,random_forest,-0.438046092665498,-0.6191411974082397,19.828333139419556
964.5525774769585,726.7535801688088,-237.79899730814975,-0.14854685631580036,-14.854685631580034,-0.23275306265090376,-0.6410704900827222,-0.2227632169605087,-0.8083565815494531,Tokyo,533923741,random_forest,-0.33558250263803296,-0.502086337411024,22.87541659673055
1347.4840213707469,658.9988017963808,-688.4852195743662,-0.3907472863478764,-39.07472863478764,-0.6141884898918951,-1.8560530621384717,-0.5695937186555368,-1.1900176794233008,Tokyo,533923742,random_forest,-0.8000966007761677,-1.243296492870841,23.17916663487752
417.3886688814291,684.7265846176606,267.33791573623154,1.1770881637773336,117.70881637773336,0.6110723609322931,0.7207029911763464,0.5490875510711677,1.2805881700422792,Tokyo,533923743,random_forest,4.257570135807921,3.7593035051486074,23.11708339055379
200.50882434627542,681.0791999184615,480.5703755721861,2.7802700722862705,278.02700722862704,1.2584720924187436,1.2955457746866659,1.089298275124433,3.8068932109209332,Tokyo,533923744,random_forest,5.4014673505779385,4.793726292860934,25.63416663805644
920.8810159303988,723.6436741461504,-197.2373417842484,-0.10560629566403788,-10.560629566403787,-0.18746422494292947,-0.5317223402602972,-0.17946635771128827,-0.7406905517265508,Tokyo,533923751,random_forest,-1.1784977925550126,-1.6215201449903198,19.138750036557514
657.6808841989335,734.2054504425951,76.52456624366154,0.2609819535796728,26.09819535796728,0.15203822767701558,0.2062987722425967,0.1469235359845763,-0.16301827568857297,Tokyo,533923752,random_forest,-0.5664771790069886,-0.8372750578861186,18.046666661898296
529.2286521697389,716.6125111368024,187.3838589670635,0.5194086557934148,51.94086557934148,0.34887482217119,0.5051588259892557,0.3338027538887887,0.24421229311657885,Tokyo,533923754,random_forest,-0.5359731519654474,-0.8704160232115081,18.24500008424123
917.1113771319984,700.9565213186343,-216.1548558133643,-0.11046205377268954,-11.046205377268956,-0.21398423560095717,-0.5827211254825783,-0.20266458321077416,-0.7483422886392903,Tokyo,533923761,random_forest,1.0107989951472347,0.6620282799381945,16.99250018596649
752.970918645276,700.660762977112,-52.31015566816404,0.010070906289897772,1.0070906289897772,-0.04729481067438527,-0.14102034705822597,-0.047715484360693054,-0.5584056239464188,Tokyo,533923762,random_forest,0.0528403245062145,-0.11019085379443892,18.390416741371155
806.5246843582818,676.8598559783859,-129.66482837989582,-0.034692516609933506,-3.4692516609933506,-0.11796022110180386,-0.34955696204335124,-0.11427721868935493,-0.6289441325951374,Tokyo,533923763,random_forest,-0.5802057368212431,-1.0302342813953729,17.027499953905743
883.6154831724402,759.8124598509803,-123.80302332146,-0.03222653679023375,-3.222653679023375,-0.10540895395937903,-0.3337544133189288,-0.10021341006566775,-0.6250582246915192,Tokyo,533923764,random_forest,0.1505963918964026,-0.09451942550407456,17.68583345413208
877.2401271176527,659.1400758619461,-218.1000512557067,-0.15651540096586838,-15.651540096586837,-0.24470851896583024,-0.5879650811327073,-0.2356737014911611,-0.8209134688316061,Tokyo,533923771,random_forest,-0.6559155758397764,-0.7056705189722492,22.204999923706055
719.2324962536023,675.3576767072487,-43.87481954635371,0.006301168735070514,0.6301168735070513,-0.03384934690439945,-0.11827994393274939,-0.03417328106352335,-0.564346002226016,Tokyo,533923772,random_forest,-0.6733484580378819,-1.1705916580746554,21.6579167842865
483.61608899769584,716.7388339252302,233.1227449275343,0.7148968330118041,71.48968330118042,0.4624358345117148,0.628464013859835,0.43793835247596063,0.5522639028046653,Tokyo,533923773,random_forest,-0.17338629360817975,-0.2463137744766349,19.00416688124339
604.0339295712167,713.7225840271317,109.68865445591503,0.3414150983629591,34.1415098362959,0.20888173410347555,0.29570418826218453,0.19900345919095763,-0.03627117478801035,Tokyo,533923781,random_forest,-0.36276760352181653,-1.0691018661213811,15.932499965031942
346.2145570762046,677.1001550950693,330.8855980188647,1.1531925082800192,115.3192508280019,0.7071148285505121,0.8920180273442999,0.6617100499760934,1.242933232310284,Tokyo,533923824,random_forest,-0.9882739730852419,-1.2743467291480275,19.80708320935567
1009.0665343381976,689.5867737683106,-319.47976056988693,-0.2436145746113101,-24.36145746113101,-0.341845113064788,-0.8612695974266374,-0.32740108603604035,-0.9581649437072769,Tokyo,533923831,random_forest,-0.7996962340329021,-1.0753784697925055,20.968333164850872
1202.8077384251903,714.5953704105056,-488.21236801468467,-0.3439264008134883,-34.39264008134883,-0.4806232724761077,-1.3161474420434571,-0.4584481918471217,-1.1162370070516057,Tokyo,533923832,random_forest,-1.2159941651738493,-1.4547032041808825,20.575000087420147
1025.6632305361336,663.2078858246522,-362.4553447114815,-0.2859132152844926,-28.591321528449257,-0.3968169598299,-0.9771253373545159,-0.3795613615684644,-1.0248194316277164,Tokyo,533923833,random_forest,-1.0389478870310171,-1.1996887301357329,24.40208347638448
577.1385245135688,693.6885114952739,116.5499869817051,0.3381328234476324,33.81328234476324,0.2309787109491458,0.314201313375075,0.2242959955162603,-0.04144340609883612,Tokyo,533923834,random_forest,0.508568555027254,0.1665175764296426,23.41541663805644
800.3670322944807,719.5549133849978,-80.81211890948278,0.0007653935302495441,0.07653935302495422,-0.07867061485745112,-0.21785737223606816,-0.07519995681543394,-0.5730693147402629,Tokyo,533923841,random_forest,2.267687864441375,2.0019510051773,20.339583317438763
1200.811232391149,739.1034667938475,-461.70776559730143,-0.33412675013126125,-33.412675013126126,-0.46467079900479674,-1.2446950025735735,-0.4427328345107358,-1.1007946503321577,Tokyo,533923843,random_forest,-1.6298242938005774,-1.7237824282296608,16.68416674931844
355.5555999106395,696.0035058243199,340.4479059136804,1.0905881486379143,109.05881486379143,0.6897264876184268,0.9177965776234994,0.6498505883183507,1.1442808532474946,Tokyo,533923844,random_forest,6.230166281577792,5.509230763954333,15.450000007947287
387.8067164554871,679.0534643065388,291.2467478510517,0.9016891396731116,90.16891396731116,0.5882696492856232,0.7851576225862996,0.5583688591710677,0.8466125000606715,Tokyo,533923851,random_forest,1.4511848875287905,1.1967295247251344,21.097916563351948
320.97817118795336,720.4814703455818,399.50329915762836,1.4089122318330904,140.89122318330905,0.8314232358508655,1.0770010751927923,0.7709047779797292,1.645898125586223,Tokyo,533923852,random_forest,4.276434404214911,3.686805702991785,18.806250055631
907.0640531531949,688.9271591413041,-218.1368940118908,-0.17863350995394875,-17.86335099539487,-0.23401882939808338,-0.5880644036867564,-0.22828211266897813,-0.8557673365896699,Tokyo,533923853,random_forest,1.1760805820284845,0.764456842433836,14.544583360354105
343.3711817981179,730.9739875166473,387.60280571852945,1.6053081114684211,160.5308111468421,0.84578470353006,1.0449191267927185,0.7627590826366591,1.955380098965021,Tokyo,533923861,random_forest,0.05537018912900377,0.37955411775719416,17.698750178019207
647.0884806806946,750.6898325994738,103.60135191877914,0.41478670324847156,41.47867032484716,0.2294067072645712,0.27929373209988784,0.2151704818880874,0.07934830313637753,Tokyo,533923862,random_forest,-0.33280009438753794,-0.5106290899387473,17.480833292007446
475.95763075264404,647.5883978075252,171.63076705488115,0.9067405577418329,90.67405577418329,0.4843134457292637,0.46269084897178153,0.4449608665394984,0.8545725592796938,Tokyo,533923863,random_forest,2.417426474980798,2.052467188243988,14.369166692097982
837.0965750569416,691.9064889597927,-145.1900860971488,-0.06520812096204856,-6.520812096204856,-0.13724091077369616,-0.39141073218588346,-0.13331668224224416,-0.6770308311107832,Tokyo,533923864,random_forest,-0.6543339438946388,-0.9632850959224148,14.940416614214579
372.7331146394449,735.1547590117874,362.4216443723424,1.0802489034205738,108.02489034205736,0.696589387423462,0.9770344862862929,0.6593645889680755,1.1279881997608163,Tokyo,533923871,random_forest,-0.2889438491394975,-0.4374403466231334,16.90333330631256
869.828020783675,705.5607716525129,-164.26724913116195,-0.11221177378919013,-11.221177378919014,-0.17281197666610848,-0.4428399072204397,-0.16808110004118912,-0.751099509435228,Tokyo,533923873,random_forest,-1.1347705496495621,-1.3293936711588015,15.552083373069763
313.1196941905078,718.0385937258983,404.91889953539044,1.4779046244253913,147.79046244253914,0.8615977157319684,1.0916007229102518,0.7968526977164917,1.7546168107604556,Tokyo,533923874,random_forest,-1.4181734822104675,-1.9274388168068164,15.012083331743876
275.7694623057561,673.5619856336449,397.79252332788866,2.5094684257393403,250.94684257393405,1.0236169685358674,1.07238907971759,0.8668951182760991,3.3801621200080922,Tokyo,533923884,random_forest,-0.6911401519762275,-1.1090017302301605,11.069999933242798
323.9311345406566,661.3994241059416,337.46828956528503,1.190013643336242,119.00136433362421,0.7354240058217653,0.9097639780989142,0.6892839770236171,1.3009562293324533,Tokyo,533923893,random_forest,0.1289553889717527,0.07159581362531124,12.524583260218302
606.5422190825883,692.8124681767467,86.27024909415844,0.3556570005209585,35.56570005209584,0.21032981177997623,0.23257167394479708,0.1989453634980922,-0.013828687742408844,Tokyo,533923921,random_forest,-0.8260450484038658,-1.0851486262494485,17.828333457310993
494.3720518091088,685.1215730809851,190.7495212718762,0.5343911954866017,53.43911954866018,0.37414079130032823,0.5142321476080314,0.36032439240124675,0.2678218818670321,Tokyo,533923922,random_forest,-0.09170415102396619,-0.3015032768617459,21.35249988238017
997.409336059025,690.768438773936,-306.640897285089,-0.10655320990053076,-10.655320990053077,-0.26490611779924955,-0.8266579444286859,-0.2527624869686008,-0.7421827056712997,Tokyo,533923923,random_forest,-1.0602859282166475,-1.1792854364237653,17.012500087420147
372.73058339278003,692.6107740799613,319.8801906871813,1.049325499222521,104.93254992225208,0.669159847784473,0.8623490970647504,0.6316006829595974,1.0792588874525657,Tokyo,533923924,random_forest,1.5491745655346272,1.3394571633127583,18.176666736602783
1051.1096049082314,701.9057846085219,-349.20382029970955,-0.26500256528968696,-26.50025652896869,-0.36128267782143597,-0.9414012117477565,-0.3479340684934755,-0.9918682860281138,Tokyo,533923931,random_forest,-0.3833865243234781,-0.4409135623784812,22.19125008583069
559.0225519046136,701.3262203373771,142.30366843276354,0.30440459862346025,30.440459862346028,0.2292678528733719,0.38362938235835226,0.22401408825761127,-0.09459257397613798,Tokyo,533923932,random_forest,0.13281342072292224,0.10609516886239381,20.272499958674114
873.0721016451872,691.3452883308752,-181.726813314312,-0.09829181690951012,-9.829181690951012,-0.1769805622093569,-0.4899082779630573,-0.17209059244847943,-0.7291643459660644,Tokyo,533923933,random_forest,-0.746625317269985,-0.9326631689395859,13.855416735013327
1330.7223106692622,654.046708609828,-676.6756020594343,-0.47990281889562797,-47.990281889562795,-0.6863701184642811,-1.8242161016227116,-0.6517917799374092,-1.330509578753108,Tokyo,533923934,random_forest,-1.166789497698423,-1.2823746099256026,13.114583333333334
472.8112085006417,671.7624438836095,198.95123538296778,0.5618259996919098,56.18259996919099,0.39625709005802295,0.5363427407738323,0.3821206974355254,0.31105383439314954,Tokyo,533923941,random_forest,-1.058171556943503,-1.1774929842316808,14.37125007311503
1289.5638001414466,697.7843099437005,-591.7794901977462,-0.410223337538504,-41.0223337538504,-0.6027638029045158,-1.5953488959012148,-0.567946123807132,-1.2207081743934285,Tokyo,533923943,random_forest,-0.1343208010387059,-0.415701404971105,12.220833341280619
979.4727350991396,627.6328397845219,-351.8398953146177,-0.295282800108387,-29.5282800108387,-0.40861861076018097,-0.9485076752771722,-0.39050237200347976,-1.0395840876195992,Tokyo,533923944,random_forest,0.8430306077501228,0.45260180484975393,12.295000076293945
390.8705803649901,698.3059952116204,307.43541484663024,1.0482241503671483,104.82241503671484,0.6232872084451171,0.8287998448080914,0.5791701963436148,1.0775233743767718,Tokyo,533923951,random_forest,-0.43819740227181914,-0.3453277496229357,9.822083294391632
296.33878987180543,661.2028867122361,364.8640968404307,1.3686900668471929,136.86900668471932,0.8236141686327773,0.9836189724214136,0.7675196280926891,1.5825157622875796,Tokyo,533923952,random_forest,-0.8778758184384082,-1.3126342156640212,8.665000081062317
255.10850557140668,610.0782607121063,354.9697551406996,1.5462088731680266,154.62088731680265,0.8956201730712082,0.9569453087210024,0.8268158436439942,1.8622511141393148,Tokyo,533923953,random_forest,-0.8777997889602421,-1.3183628195082455,11.234166661898294
252.85074278899444,683.2836619015303,430.4329191125359,1.9953792282084917,199.53792282084916,1.0269301482845503,1.160382699367056,0.9200180933909067,2.570056838573521,Tokyo,533923954,random_forest,-0.3029681813500349,-1.0287457250207137,10.338750024636587
781.362904981505,672.670127605346,-108.69277737615904,-0.032905862369533564,-3.2905862369533563,-0.10659635710447495,-0.29301945277209324,-0.10572715182500005,-0.6261287105960035,Tokyo,533923961,random_forest,-0.6944368723794563,-1.2916760304000696,13.087499976158142
1028.4643162376185,711.4774175129238,-316.9868987246947,-0.23236806129011414,-23.236806129011413,-0.33651295381020246,-0.854549215158856,-0.32010801328720956,-0.9404426109234251,Tokyo,533923962,random_forest,-1.51238496277472,-1.8944664605701644,13.883333325386047
911.7324574670711,688.044629605076,-223.68782786199498,-0.17693409805861096,-17.693409805861098,-0.248057353116629,-0.6030288901815912,-0.2403863572804692,-0.8530893916759115,Tokyo,533923963,random_forest,-1.7485823480484675,-2.199894514956413,14.319583336512247
960.437828498817,706.0739233087901,-254.36390519002694,-0.20358982447159757,-20.358982447159757,-0.2787339043955353,-0.6857270013978195,-0.26942481722580297,-0.8950936680764863,Tokyo,533923964,random_forest,-0.8166666041156313,-1.294467436981273,15.69166668256124
706.0107639650317,678.945069873019,-27.065694092012787,0.029407624396986975,2.940762439698698,-0.018987222920409035,-0.07296505861003068,-0.018716261533344537,-0.5279346910044278,Tokyo,533923971,random_forest,-1.0375643610681056,-1.556584912538162,13.949999928474426
1114.0478234998104,717.109360771251,-396.93846272855944,-0.30484203546979943,-30.48420354697994,-0.4057929134651001,-1.0700866602239412,-0.3931842793034037,-1.0546475962285145,Tokyo,533923972,random_forest,-1.101338259634541,-1.464090739481341,16.012500007947285
677.4344936613874,720.9680050937513,43.53351143236392,0.18105867917300164,18.105867917300163,0.09654885607141632,0.11735982836295533,0.09339520988437704,-0.28896191935461907,Tokyo,533923973,random_forest,-1.2025626128647549,-1.5144839623725466,15.132499972979227
750.5553060267581,691.4172635484224,-59.13804247833577,0.025415684982389664,2.5415684982389655,-0.03474792629393175,-0.15942730752977932,-0.034172534267999925,-0.5342252164977943,Tokyo,533923974,random_forest,-0.6121873769142973,-0.579249783581028,17.705833236376446
289.59701318594733,693.4587264883426,403.86171330239523,1.5845447762247085,158.45447762247085,0.8990384708929233,1.088750707123109,0.8260979851624723,1.92266109296,Tokyo,533923983,random_forest,-0.2723488468968197,0.12390424293470782,24.7400000890096
414.53895596518174,673.2062033433758,258.6672473781941,0.7480414189679485,74.80414189679485,0.4986286265456708,0.6973281675793027,0.4756718662269837,0.6044933685530163,Tokyo,533923991,random_forest,-0.48711482855567556,-1.1550060722777675,13.785833358764648
990.4150590161908,694.6903992766325,-295.72465973955826,-0.21289025415881843,-21.28902541588184,-0.3107358845721055,-0.797229402540831,-0.2985981899703754,-0.909749348929956,Tokyo,533923992,random_forest,-0.7410288441479184,-0.7549328841790218,13.953750212987265
504.738127593588,714.3398777014677,209.60175010787967,0.6048459094603716,60.484590946037166,0.39831781875981725,0.5650549337251122,0.37905730125344067,0.37884490309806695,Tokyo,533923993,random_forest,-0.8251857825598464,-0.7486915753042785,17.97124993801117
583.7412618900663,678.7421259347519,95.00086404468566,0.24375699190885539,24.375699190885538,0.1818178481981191,0.2561081045791334,0.1793289221806282,-0.19016148836267296,Tokyo,533923994,random_forest,-0.16231546103699085,-0.05840435104987762,19.393333276112873
414.413916218638,660.9855734390818,246.57165722044374,0.7255003191776085,72.55003191776085,0.49229923403973236,0.6647202676384101,0.4711539909408697,0.5689729489892452,Tokyo,533924803,random_forest,-1.1573057883899842,-1.570529978733575,12.059583306312561
516.5466794034818,728.8236190587139,212.27693965523198,0.8891227286617368,88.91227286617368,0.47517829350382607,0.5722668441772113,0.43034258102154227,0.8268102634490349,Tokyo,533924901,random_forest,-0.4698809265058912,-0.41506098680782294,17.042083263397217
332.44379618549914,656.9238169872548,324.48002080175564,1.0896736892380399,108.96736892380399,0.6984910367996969,0.8747495503014234,0.6601809499547051,1.1428398418567596,Tokyo,533925464,random_forest,0.08880736103473284,0.4045921050145023,35.415416876475014
241.42477320887846,640.1756294237583,398.75085621487983,2.186337202178564,218.6337202178564,1.0407687010304592,1.0749726016856396,0.9144481729881003,2.8709697229293885,Tokyo,533925562,random_forest,0.2390743407730345,0.5105472485481289,35.02749983469645
176.44039862935972,702.0245156592441,525.5841170298844,3.243467883694679,324.3467883694679,1.4081141223018896,1.4168960815567555,1.1995648979360587,4.536803497254794,Tokyo,533925563,random_forest,-0.19449607334615723,-0.24089159880822006,20.966666499773662
434.01309105474,653.6852983169266,219.6722072621866,0.71564993730523,71.564993730523,0.4601060728228636,0.59220337832054,0.4355421410344533,0.5534506497126058,Tokyo,533925564,random_forest,-0.4867067869980183,-0.15800128123284335,28.821666955947876
518.7756797588149,638.7406050561734,119.96492529735856,0.41491001930713445,41.491001930713445,0.26109077320164187,0.32340747574076983,0.24797484059765804,0.07954262542692227,Tokyo,533925574,random_forest,0.3814422482882128,0.5230931904268435,45.09041659037272
451.180181575207,651.4221100643082,200.24192848910113,0.6520179979838123,65.20179979838123,0.4176616734694112,0.5398222561269733,0.3951641328394082,0.4531790035473286,Tokyo,533925583,random_forest,0.15825840508021496,0.4377992470289989,38.5066663424174
275.2399079889396,544.2103446750165,268.9704366860768,1.2295789152233756,122.95789152233756,0.7116788317481673,0.7251040232127912,0.6565220257840091,1.3633034559832102,Tokyo,533925593,random_forest,-0.036919019810031095,0.018389182491421963,62.604583422342934
494.70160660433993,515.4431589814366,20.74155237709672,0.14614603828387515,14.614603828387516,0.0465300279664993,0.055916119487380796,0.044276875193976446,-0.34397749818598083,Tokyo,533925594,random_forest,0.675221019754605,0.6311395161082286,79.81749979654948
161.72640179224408,688.7652953182202,527.0388935259762,3.542958663761468,354.2958663761469,1.4802922107504568,1.4208179411603172,1.245482904193176,5.008743121425765,Tokyo,533925661,random_forest,0.01779244565874244,-0.08474625568300001,26.356666564941406
596.6584300225559,663.892216497505,67.23378647494918,0.2516601132559945,25.166011325599452,0.14678581654830558,0.18125222113430506,0.13996286678557596,-0.1777076955697374,Tokyo,533925662,random_forest,0.23865535845789057,0.21641244283070998,31.61750014623006
697.3301229076055,627.5351817856742,-69.7949411219313,-0.03593126676430134,-3.593126676430135,-0.08526596760240564,-0.18815671056993907,-0.08292550658548971,-0.6308961635797431,Tokyo,533925663,random_forest,0.45004002078349664,0.6937766770902695,39.735833485921226
384.92762318912554,630.6693794543886,245.74175626526315,0.8679731581820204,86.79731581820204,0.5485253676559201,0.6624829789278596,0.5167756182866433,0.7934826253115639,Tokyo,533925664,random_forest,-0.5018344036981234,-0.17944736752429913,45.010833422342934
657.2789424691456,550.9895133270485,-106.2894291420971,-0.08106691256164354,-8.106691256164353,-0.15943917127404217,-0.28654038579666347,-0.15352599350906412,-0.7020212236218633,Tokyo,533925671,random_forest,0.2221256638725921,0.4527694522669396,51.4258329073588
635.8102444691632,553.3721932988236,-82.4380511703396,-0.04351476083280074,-4.351476083280073,-0.11178720504193695,-0.2222406421535527,-0.10842727955211322,-0.6428462855160253,Tokyo,533925672,random_forest,0.36335513477542164,0.42134969170478825,53.33666658401489
153.99324501871567,473.8714217691136,319.8781767503979,2.5445131371903655,254.45131371903653,1.1628579863105823,0.862343667792738,1.0119376754580667,3.435385816536208,Tokyo,533925673,random_forest,0.6970511321515641,0.9883079377983687,90.21958367029826
325.2154843730688,498.3059113559675,173.09042698289866,0.6427919189748406,64.27919189748405,0.4367456665491771,0.46662587357659824,0.4179964552975668,0.43864048500230085,Tokyo,533925674,random_forest,1.0678059746983863,1.194509812679325,91.88541762034099
596.6019021829811,612.0913383555338,15.489436172552644,0.11054604303677813,11.054604303677813,0.05639277620105424,0.041757200621733055,0.055667545142471936,-0.4000762147262917,Tokyo,533925681,random_forest,0.06574533348718721,0.3874217919327998,48.90208307902018
341.74073807537474,620.3923648878578,278.6516268124831,0.9902689403431802,99.02689403431803,0.6205905364039046,0.7512030621876143,0.5832843878273061,0.9861971571511138,Tokyo,533925682,random_forest,0.4499241093429837,0.75099552349473,47.6866668065389
510.9686163550329,584.1559442517517,73.18732789671884,0.32105934616589893,32.10593461658989,0.19061891624398494,0.19730207735819782,0.18027207379679674,-0.06834790863422636,Tokyo,533925683,random_forest,0.2700500022810248,0.556057141217883,54.80291636784872
753.2342862958402,645.4388760735217,-107.79541022231854,-0.08805244456790183,-8.805244456790183,-0.12581531907171362,-0.2906002852919578,-0.12372708311510561,-0.7130290728415709,Tokyo,533925684,random_forest,0.33607086443435846,0.5400088579000383,42.913749853769936
316.4442523129756,623.7545240405032,307.31027172752755,1.085195682442811,108.51956824428112,0.6924879217984076,0.8284624776972046,0.653759852009996,1.135783368053112,Tokyo,533925693,random_forest,-0.3462709798712218,0.11598603263194951,45.30583381652832
401.1888727911475,631.01891051094,229.83003771979256,0.7875000377646767,78.75000377646766,0.504313254884085,0.619587368258884,0.4766663687116109,0.6666725305328297,Tokyo,533925751,random_forest,1.194084223299521,1.346265071850533,42.916249910990395
546.8494920601814,598.5926858568256,51.74319379664403,0.19635202523054673,19.635202523054677,0.11231533938235061,0.13949190274623183,0.10990332912462536,-0.2648625598047028,Tokyo,533925752,random_forest,-0.01616286409876407,0.3327158074356712,50.25208330154419
455.76769460555823,592.5311814495892,136.76348684403098,0.6553796741384399,65.53796741384399,0.3731299123698543,0.36869388235019324,0.34494559989276463,0.45847635587532226,Tokyo,533925753,random_forest,-0.21269897354678208,0.2481066922813274,50.520833015441895
454.24754970997077,518.9391853700346,64.6916356600638,0.250149361289371,25.014936128937098,0.15754458929128576,0.1743989631844789,0.15004419055442383,-0.18008834887460665,Tokyo,533925754,random_forest,0.15661135128303066,0.5348809672145902,56.00208346048991
827.6710661349912,617.6714617212443,-209.99960441374685,-0.1485625370988531,-14.856253709885308,-0.25260503064018974,-0.5661274893613047,-0.24106548222812663,-0.8083812914348758,Tokyo,533925761,random_forest,0.5483349823593119,0.6348733791018863,51.59124994277954
576.8178699723679,575.7620519055193,-1.0558180668485235,0.06588232885759729,6.588232885759729,0.020189904735392134,-0.0028463274160726664,0.019594960442655126,-0.4704576016895284,Tokyo,533925762,random_forest,0.7218131083752737,0.9528453060421985,60.01333347956339
650.1077924380264,626.4887015428529,-23.619090895173496,0.05199993330552765,5.199993330552766,-0.0006055482266789832,-0.06367353246597693,-0.0009482967679841475,-0.49233357576116915,Tokyo,533925763,random_forest,0.0020292179322813175,0.20060047731570016,47.175416469573975
474.63714048568073,613.7340462767976,139.09690579111685,0.455789055253595,45.578905525359495,0.29594665190327146,0.3749844304387464,0.28135996424521326,0.14396009048792302,Tokyo,533925764,random_forest,0.9747302757905637,1.2525257037481439,47.47791608174642
308.7306615494288,484.9315204762284,176.2008589267996,0.6705987118113939,67.05987118113937,0.45226494875682494,0.47501113235908843,0.43231707022443455,0.48245861976343263,Tokyo,533925773,random_forest,1.3643573731771468,1.5881201908244271,85.91458376248677
494.8149795385525,554.5433678212436,59.72838828269107,0.2986338579234399,29.86338579234399,0.1539422093391892,0.16101879142332123,0.14974833488227346,-0.10368614672835556,Tokyo,533925774,random_forest,0.5804456242225298,0.7872737032334388,70.23916578292847
562.2168672588149,612.6069640273889,50.390096768574004,0.21344752249322133,21.34475224932213,0.1255322268048887,0.13584415576355516,0.11933911440736739,-0.23792335803240353,Tokyo,533925781,random_forest,0.34113128569909557,0.4407638527866369,52.80500030517578
376.1117700012801,625.9244079112393,249.81263790995925,0.8756694268753665,87.56694268753665,0.5543291960815373,0.6734574662914556,0.5229248530869731,0.8056104582747242,Tokyo,533925782,random_forest,-0.06051014949380305,0.10832063706825372,42.61041673024496
483.9276098321327,612.6500377831667,128.72242795103398,0.41282061560964095,41.28206156096409,0.27707026475642055,0.34701639159678305,0.2660189238256894,0.07625012875802109,Tokyo,533925783,random_forest,0.30174674615259384,0.5296044821405317,49.66166639328003
422.47608185682503,607.7658453251777,185.28976346835262,0.6176433922058167,61.76433922058166,0.40960481258087533,0.49951345808259884,0.39041285078111937,0.399011264132196,Tokyo,533925784,random_forest,0.466225627746872,0.6385205622883814,48.68791675567627
474.9929309612091,628.8935200287619,153.90058906755283,0.533084895721121,53.30848957211211,0.3409846721595469,0.4148929439332605,0.3226875715573902,0.2657634057421975,Tokyo,533925791,random_forest,0.022186946756797075,0.3624607298384595,40.79958359400431
478.44883692970143,636.9724750656932,158.52363813599175,0.543919625132751,54.391962513275104,0.34578914699575664,0.42735599199287916,0.3271760899648864,0.2828368466186696,Tokyo,533925793,random_forest,0.8325098244181197,0.790588923829436,38.63125022252401
193.54466735622762,652.3961577371211,458.8514903808935,2.766654376981038,276.66543769810374,1.2523367015183247,1.2369949122724317,1.0831598375314506,3.7854375049264286,Tokyo,533925794,random_forest,-0.020734312551704083,0.3541086904805045,37.334999879201256
341.52230224499885,630.4345376595405,288.9122354145416,1.033498453528664,103.34984535286641,0.6388018453345313,0.7788641266139917,0.5989519623773992,1.0543185203573586,Tokyo,533925842,random_forest,-0.14628014012529086,0.14207814446845346,37.03374981880188
392.2940130921482,671.1024783743975,278.8084652822492,0.8876733250160371,88.76733250160372,0.5745515144524501,0.7516258752180094,0.5437251234790509,0.8245262832488065,Tokyo,533925843,random_forest,-0.07308162809168547,0.2280527678520855,29.97208321094513
591.6123666949168,647.829465391089,56.21709869617225,0.26257625032402715,26.257625032402714,0.14763960600814,0.15155288045846096,0.13934171811769144,-0.16050597195027488,Tokyo,533925844,random_forest,-0.13887860651843786,0.12266305939506164,37.937500397364296
548.4291590799743,604.0886099184216,55.659450838447384,0.27510824953802177,27.51082495380217,0.15034587131419874,0.1500495453330315,0.14130478392113585,-0.14075796168483506,Tokyo,533925851,random_forest,-0.1287502028510361,0.2175358988297383,47.28666639328003
726.3032142713686,659.6596847094792,-66.64352956188938,0.1390781752119554,13.90781752119554,-0.03793940797968202,-0.17966097687838575,-0.03866607994910363,-0.3551150852633187,Tokyo,533925852,random_forest,0.09792917491682358,0.2615000811886356,48.00583346684774
599.7630820852535,617.915916346487,18.152834261233558,0.11939012880027401,11.9390128800274,0.0588248132590965,0.04893732306683953,0.058040918633349675,-0.3861396437559624,Tokyo,533925853,random_forest,-0.5644249351881837,-0.16828558108308658,37.4358332157135
520.3393267585677,626.0740625238528,105.73473576528505,0.31480304127537434,31.480304127537437,0.22664749635644352,0.2850450155093878,0.21995313925520057,-0.07820663676627349,Tokyo,533925854,random_forest,-0.36062183084389987,0.09421581389220106,38.774166901906334
798.5693275420662,598.1556219039761,-200.41370563809002,-0.14941753150249237,-14.941753150249236,-0.24493521124128106,-0.5402853415997209,-0.2355165941625271,-0.8097285974769243,Tokyo,533925861,random_forest,0.2518431078066623,0.48918194588026287,49.537500063578285
582.8180362859085,641.9629632469976,59.144926961089084,0.2705412965009678,27.054129650096783,0.14487669794673655,0.15944586706443922,0.13648866845268473,-0.14795459758605733,Tokyo,533925862,random_forest,0.36945234391523113,0.4011911189114657,41.62500047683716
599.9703428533909,605.2288075901304,5.258464736739477,0.1424286689608749,14.242866896087484,0.054596278112666874,0.01417603355785369,0.05253991450367684,-0.34983535424689266,Tokyo,533925863,random_forest,-0.07466624166389557,0.34227019705966666,48.2300001780192
504.06996069596727,656.0959440305472,152.02598333457988,0.46349741504946046,46.34974150494605,0.30349328446913426,0.40983928756989246,0.28983404012184566,0.15610697669331508,Tokyo,533925864,random_forest,0.32686693420817703,0.4177156666898077,38.665000120798744
596.2789564496267,638.6404634456313,42.36150699600467,0.14571305637112716,14.571305637112715,0.09437025787546797,0.11420027989176335,0.09233743542155798,-0.34465979405208247,Tokyo,533925871,random_forest,0.8259420283109578,0.9064174559258862,39.55875015258789
534.1357071591892,675.8922316277133,141.75652446852408,0.3754269806608077,37.54269806608077,0.26298340132961157,0.3821543641569664,0.2547379228831766,0.017324982480718874,Tokyo,533925872,random_forest,0.8447777522870948,1.0249854823992361,40.4729163646698
654.9412148286456,668.8787643618341,13.937549533188529,0.13914962762408037,13.914962762408038,0.06467201774564413,0.037573546612625554,0.061029468634492934,-0.355002490062502,Tokyo,533925873,random_forest,0.20491222595890884,0.15703474448891203,34.864582777023315
385.22835588815616,666.2167050539337,280.9883491657775,0.869497982942317,86.9497982942317,0.572773991481143,0.7575025157646728,0.5446422480050302,0.7958854546211689,Tokyo,533925874,random_forest,0.46020482819273845,0.6991917276185724,36.701250314712524
460.6074602854583,570.6390925110887,110.03163222563047,0.4348817860113972,43.488178601139715,0.2548818411884627,0.2966288049738102,0.23856849969214877,0.11101427230145423,Tokyo,533925881,random_forest,0.6002373467585908,0.8449593238097725,53.29875040054321
447.4423139776118,552.6778316914684,105.23551771385655,0.39800779214862997,39.80077921486299,0.24155214674846867,0.2836991983927888,0.22961236924812065,0.05290798000959724,Tokyo,533925882,random_forest,0.09349040411289689,0.399611592635074,57.32583347956339
654.9001413982909,609.6012899693608,-45.29885142893008,0.04168617043826458,4.168617043826457,-0.03016003126024654,-0.12211892066179621,-0.030449790598302624,-0.5085860739859198,Tokyo,533925883,random_forest,1.0569754730891519,1.1834150928107718,50.21666638056437
549.2316227311652,509.36507490197,-39.866547829195135,0.01066175071354221,1.0661750713542206,-0.0492304824125257,-0.10747424355894254,-0.047386662295825645,-0.5574745672535347,Tokyo,533925884,random_forest,0.0594219757369,0.49721101944022494,61.435417334238686
646.6400281055229,627.7958963101738,-18.844131795349046,0.06317525016342558,6.317525016342557,0.012092409483420977,-0.050800957707881005,0.012000857696424764,-0.4747234348522179,Tokyo,533925891,random_forest,0.2623375642243464,0.4140941646445659,36.957916816075645
230.56458967636,628.183934770649,397.619345094289,2.0501061544075134,205.0106154407513,1.0414676426514913,1.0719222171305218,0.9310538641261109,2.656295904018671,Tokyo,533925893,random_forest,0.08083525953167756,0.2773498745189485,46.460833390553795
538.9654603825679,718.0625957993497,179.09713541678175,0.4386417485184546,43.86417485184546,0.32060552487396105,0.48281906010422476,0.31166515578745074,0.11693924699376995,Tokyo,533925941,random_forest,-0.27743408374136724,0.08556676114035756,30.15416646003723
870.7939376721489,656.315210962768,-214.47872670938102,-0.20867323334169607,-20.86732333416961,-0.27310398431756316,-0.5782025323922126,-0.26574458044207844,-0.9031041386196083,Tokyo,533925942,random_forest,-0.6465756357840804,-0.3367105731740099,35.35833326975504
628.7656700467451,664.3746037997862,35.60893375304112,0.15500978587200295,15.500978587200294,0.08887557985082555,0.09599635352038095,0.08693031393016655,-0.3300099439776192,Tokyo,533925943,random_forest,-0.3481905551211518,-0.13911535498283445,33.31833334763845
903.3483814081342,666.6226319734261,-236.72574943470804,-0.19328468704732168,-19.32846870473217,-0.26557242762398764,-0.6381771745179138,-0.25905620170406174,-0.8788547618839202,Tokyo,533925944,random_forest,-0.3072264726444994,-0.1770318545195874,35.58916656176249
1043.064872059122,657.3423085441605,-385.7225635149617,-0.2976338819900303,-29.763388199003032,-0.4331311359768219,-1.0398502753485996,-0.4129816507457195,-1.0432889385648285,Tokyo,533925951,random_forest,-0.40267924487024853,-0.6927757093868971,34.0245836575826
910.7594999757225,648.4533527534029,-262.3061472223197,-0.2252384115892313,-22.523841158923133,-0.3008508110541041,-0.7071380966910418,-0.29166581075373244,-0.9292076600526339,Tokyo,533925952,random_forest,-0.15175939904750163,0.009274044708079477,35.857083320617676
1071.5380049603175,644.5616988434405,-426.97630611687697,-0.34358127819121775,-34.358127819121776,-0.48164605672766436,-1.1510641883041945,-0.45805514187195334,-1.1156931604576938,Tokyo,533925953,random_forest,-0.2895353366686192,-0.3563982206939305,31.562499682108562
480.4343284326059,680.8161307574859,200.38180232487994,0.5770765065981353,57.70765065981352,0.398275521712113,0.540199335044326,0.3823577390262555,0.33508568771476355,Tokyo,533925954,random_forest,-0.5856176643560475,-0.18907863465382985,34.07333326339722
676.3453434217031,590.8737404259421,-85.47160299576107,-0.04047466248214287,-4.0474662482142865,-0.10427377094429924,-0.23041864364821085,-0.09984232316517759,-0.6380556776958702,Tokyo,533925961,random_forest,-0.29942243531632606,-0.058335274285895335,42.792499701182045
536.7936334805428,652.5488994019793,115.75526592143653,0.35492797369167367,35.49279736916737,0.2316343822782927,0.3120588643935714,0.22175705007140342,-0.014977493217310308,Tokyo,533925962,random_forest,-0.03581855126391584,-0.0695266463977982,33.56208364168803
336.23816794674855,655.9379924400179,319.6998244932693,1.1732119144646267,117.32119144646266,0.7117146626181409,0.8618628568129648,0.664203142190937,1.2744799498045012,Tokyo,533925963,random_forest,-0.40516330437455167,-0.03106073753533241,48.15208339691162
686.0354951643802,638.8160181807401,-47.21947698363999,0.06311471951118093,6.311471951118093,-0.013878541648683776,-0.12729663957382242,-0.014429054270613114,-0.474818819468949,Tokyo,533925964,random_forest,-0.9708303511496398,-0.822090419901972,42.196666399637856
954.6006448986528,662.4979965155098,-292.10264838314293,-0.2017990885769165,-20.17990885769165,-0.31132037680806807,-0.7874650022631736,-0.2978940926083449,-0.8922718141785572,Tokyo,533925971,random_forest,-0.02433950083915222,0.026144003605449703,33.765416542689
473.52306477987,645.7856282431222,172.26256346325218,0.540438178688175,54.043817868817506,0.3589706775050027,0.4643940774871737,0.3427693274566895,0.2773507594467768,Tokyo,533925972,random_forest,-0.2627746266295821,-0.16635931003574012,38.93124961853027
531.4993033330685,707.485321695438,175.98601836236944,0.4620049637547823,46.20049637547823,0.32926444092393453,0.4744319543663804,0.3191828166301879,0.1537551617127443,Tokyo,533925973,random_forest,-0.3359388152720458,-0.35389876027714606,32.95583335558573
504.73155816443955,640.6437981109601,135.91223994652054,0.4319129985689341,43.191299856893416,0.29092402470044837,0.3663990481753407,0.2799273006785399,0.1063360366992528,Tokyo,533925974,random_forest,-0.04837061778842204,0.32578843897725024,43.39833323160807
583.3539578190936,604.3512228271171,20.99726500802353,0.12550052311809853,12.550052311809855,0.0615014312368127,0.05660548245141452,0.058681887624591096,-0.3765108425045601,Tokyo,533925981,random_forest,0.37829883546289816,0.597992583598063,49.32916657129923
377.29761807762594,544.8649307283706,167.5673126507447,0.5475745721610942,54.75745721610942,0.3841696342254044,0.4517363843366218,0.3700349755700189,0.2885963371997699,Tokyo,533925982,random_forest,0.27822313846366786,0.6606374114362756,55.71166674296061
697.8989215541519,531.3253672364866,-166.5735543176652,-0.12591796675535352,-12.59179667553535,-0.2184457108337103,-0.44905736067032137,-0.20871173422797637,-0.7726978222641686,Tokyo,533925983,random_forest,0.1379169003264594,0.4047712309267843,62.98583364486694
458.9468330960768,515.04238493624,56.09555184016318,0.2152700469407086,21.527004694070857,0.14403998668791426,0.1512252083343907,0.1417668407132545,-0.2350514115150592,Tokyo,533925984,random_forest,0.32898051535256606,0.5875027700664721,65.36375013987224
339.9996185355863,736.5361430646977,396.53652452911155,1.6026451475697014,160.26451475697016,0.8373046803676308,1.0690030950221538,0.753878485551502,1.9511837821994018,Tokyo,533932184,random_forest,-0.6569991975788263,-0.6279290917784333,19.49833337465922
426.5565309744268,692.7532073989829,266.1966764245562,0.797862193443358,79.78621934433579,0.5334189398349517,0.7176263808747084,0.5083342776744891,0.6830012864815349,Tokyo,533932192,random_forest,-0.9233040792911913,-1.3240519957453405,20.764999985694885
554.890342394327,719.166173295128,164.27583090080097,0.43610007812507473,43.61000781250747,0.3016013165745768,0.44286304238640145,0.29152153131985986,0.11293406536530484,Tokyo,533932193,random_forest,-1.0647963247710637,-0.9738545759620394,24.732500155766804
1627.249899256449,677.645719282805,-949.604179973644,-0.5432026397355546,-54.32026397355546,-0.8449438549217708,-2.559990680917149,-0.7762741632545929,-1.4302578703386546,Tokyo,533932194,random_forest,-1.2562908541363667,-1.4271061227783501,21.889999906222027
538.6288028993855,575.4859295328923,36.85712663350679,0.13800335891643015,13.800335891643016,0.08578597133593317,0.09936129462886249,0.08374721172996134,-0.3568087881494306,Tokyo,533932244,random_forest,-1.2352899552460759,-1.5431008332728737,7.190416693687439
471.8229065895773,668.7994609174315,196.97655432785416,0.6084904849307998,60.849048493079984,0.38516338037129677,0.5310192963266785,0.36489930562352196,0.3845880501071102,Tokyo,533932253,random_forest,-1.0162895598405852,-1.366180606940002,8.784583389759064
362.3864925073613,632.6754609158128,270.2889684084514,0.8760575346116922,87.60575346116923,0.572086764498693,0.7286585873069238,0.5427423823953722,0.8062220411060171,Tokyo,533932254,random_forest,-0.25680945232955404,-0.4576418978679626,8.394583284854889
1234.0798382936507,671.0878258551238,-562.992012438527,-0.3809020211067084,-38.09020211067084,-0.5582304098113574,-1.5177421663344217,-0.5246408243947914,-1.1745034429691965,Tokyo,533932263,random_forest,-0.2626408806645055,-0.371208853824531,10.21666669845581
692.6317983230928,640.3336746205873,-52.29812370250537,-0.015145922941620335,-1.5145922941620331,-0.06255003821071159,-0.1409879106804078,-0.06173070431592684,-0.59814247630512,Tokyo,533932264,random_forest,0.09569368564061255,-0.1773518123034261,12.31375002861023
816.2509639656938,730.6750174567392,-85.57594650895466,-0.028297859954736448,-2.8297859954736455,-0.08546153028846692,-0.23069993813598066,-0.0828187970664246,-0.6188673888039492,Tokyo,533932272,random_forest,-0.34258671878268454,-0.392889763137526,19.791666785875957
676.6138823472901,708.652072073814,32.038189726523925,0.1275601243076119,12.75601243076119,0.08091389079225549,0.08637016228765247,0.07975589944580008,-0.3732653088320234,Tokyo,533932273,random_forest,-0.6439601807413337,-0.7970441653393228,14.667916615804037
934.7481684874729,707.4202408709513,-227.32792761652152,-0.13482716726427418,-13.48271672642742,-0.22840508704560292,-0.6128420540721033,-0.22283552257333228,-0.7867370014966851,Tokyo,533932274,random_forest,-2.0822109831680455,-2.1779500353151335,16.34458327293396
694.8186283822855,716.9542394489248,22.135611066639285,0.12874837222108926,12.874837222108928,0.06968721101403808,0.05967429297602276,0.06721175220062049,-0.37139285962479446,Tokyo,533932281,random_forest,-0.941668525020325,-1.0248736118575286,20.324166655540466
1058.240111285467,694.5056207674758,-363.7344905179912,-0.2792689812154301,-27.926898121543008,-0.393802768334312,-0.9805737229168985,-0.37657200772476235,-1.0143494020369621,Tokyo,533932282,random_forest,-1.5259748165253104,-1.0746413556937617,22.52708339691162
535.978556607209,694.9429253890261,158.96436878181706,0.36285070497457955,36.28507049745796,0.2803744735820698,0.4285441358215412,0.27475524386056066,-0.0024927989531718098,Tokyo,533932283,random_forest,-2.3510414621296656,-1.5369774923666222,22.925833225250244
370.1926364513383,644.7675390464366,274.57490259509837,0.8400851806030709,84.00851806030708,0.5709061494693023,0.7402128241228833,0.5461455295742222,0.7495365590768612,Tokyo,533932284,random_forest,-2.119912546930847,-1.2319667118062305,26.25624982515971
450.06834829263556,701.073009239101,251.00466094646546,0.7272437071461121,72.7243707146112,0.4919514807632664,0.6766709819111733,0.4703324392877271,0.5717201917005443,Tokyo,533932291,random_forest,-1.3573793101174374,-0.6067556829494831,25.258750041325886
307.9603269967039,626.4832145991073,318.5228876024034,1.1341784278566347,113.41784278566347,0.717291190640973,0.85869001118298,0.6758536101445349,1.2129707140418835,Tokyo,533932332,random_forest,5.310680436500817,4.574958081767505,9.825000007947287
1003.7798019801544,595.084713500098,-408.69508848005626,-0.32821688271035915,-32.82168827103591,-0.48497509866686533,-1.1017807628801635,-0.4567625065927711,-1.0914818407394924,Tokyo,533932361,random_forest,-1.0799265333359631,-1.5903957608047419,6.671666622161865
395.8343757448752,623.8514535167112,228.01707777183597,0.6965151629018611,69.65151629018611,0.47759295523042783,0.6146998997014333,0.4586048895624036,0.5232979410432158,Tokyo,533932362,random_forest,-0.6309555073251001,-0.9310560672677164,6.81166668732961
380.35789065282705,661.7278248876188,281.36993423479174,0.8650174448458432,86.50174448458432,0.582353260983001,0.758531211974372,0.556025395609749,0.788824991975668,Tokyo,533932371,random_forest,-0.8988854456588176,-1.2877673923388258,12.003333330154419
409.7909646229006,659.184831944321,249.39386732142043,0.7856673786141114,78.56673786141114,0.5187059840501823,0.6723285234890647,0.4935816996485816,0.663784613680904,Tokyo,533932372,random_forest,-2.2215096265485057,-2.3499496954288004,14.659166693687439
2256.4787965364953,739.6333489765298,-1516.8454475599656,-0.6496725687073053,-64.96725687073052,-1.0954271201669485,-4.0891882028708935,-0.9799651107699515,-1.5980339142396804,Tokyo,533932382,random_forest,-2.0071698032062093,-2.1862219087390584,18.951250036557514
222.4524350290005,636.7817501965939,414.3293151675934,2.234426445919539,223.44264459195392,1.1028372043101702,1.116969794392925,0.9778121914334069,2.946749082857333,Tokyo,533932383,random_forest,-0.7235225725808464,-0.8081808044384529,9.450416624546051
1087.7296750489961,651.9923125350248,-435.73736251397145,-0.33677239960650196,-33.67723996065019,-0.48571613706845196,-1.1746826845203486,-0.4623328798248081,-1.1049636829105722,Tokyo,533932384,random_forest,-1.5981345223186196,-1.810605968747803,10.737916747728983
390.22484896283936,703.6665399152153,313.4416909523759,1.0630484409006151,106.30484409006152,0.6390900773666196,0.8449918658437938,0.5949509672950576,1.1008835930165757,Tokyo,533932393,random_forest,3.4606404193324334,3.1148880175976292,22.149166703224182
935.7738649940262,692.7350228310396,-243.03884216298675,-0.2044100125099955,-20.441001250999552,-0.28889005852055477,-0.6551963272270013,-0.2774549994217222,-0.8963861260095977,Tokyo,533932451,random_forest,-2.6053445348505493,-2.8837987602108,11.476666669050852
2180.7285281176614,687.2670841872811,-1493.4614439303805,-0.6395484411076461,-63.95484411076461,-1.0881999325238603,-4.026148430472322,-0.9701152768187256,-1.5820802445695272,Tokyo,533932452,random_forest,-2.3883402512997667,-2.5720858963474074,14.897083361943563
1124.1936792434715,739.6824310753904,-384.5112481680813,-0.2704899555096055,-27.048995550960544,-0.3804026908907176,-1.0365847505488335,-0.36314465376675803,-1.0005153531514832,Tokyo,533932453,random_forest,-2.3015268035960825,-2.569510750904733,17.071666677792866
1730.9410398105476,653.8705234365452,-1077.0705163740026,-0.589850261910812,-58.985026191081204,-0.9474084082005914,-2.9036208377732664,-0.8619641275283341,-1.5037655131213505,Tokyo,533932454,random_forest,-2.309103729740028,-2.3766606875270453,19.27916677792867
2042.431683019713,706.8440517635419,-1335.587631256171,-0.6229818534414394,-62.29818534414394,-1.0374100216821658,-3.600544270623265,-0.9332244606235028,-1.555974502164898,Tokyo,533932461,random_forest,-2.405435637336001,-2.53951943797234,15.717083215713501
1136.7270732162722,723.379603960385,-413.3474692558869,-0.30902890657264787,-30.90289065726478,-0.4229239462797925,-1.1143228848309485,-0.40555074847681954,-1.0612452964124397,Tokyo,533932463,random_forest,-1.0793378808127618,-0.779612954576404,22.55416663487752
312.9531887231894,705.6872466047704,392.73405788158107,1.3869492018873835,138.69492018873834,0.8292728770115557,1.058752214299992,0.771584186966089,1.6112886324461628,Tokyo,533932464,random_forest,-2.0489254422671097,-2.230061025894629,21.33875008424123
422.8943348154328,692.8382067382742,269.9438719228414,0.7612836897348875,76.12836897348875,0.5192590972834211,0.7277282588544907,0.49703356171722285,0.6253606296003371,Tokyo,533932491,random_forest,-0.03365355513223522,-0.030480912102427274,12.397083342075348
267.0785214270265,626.2452509692965,359.16672954226993,1.5038195763033346,150.38195763033346,0.8677658334458949,0.9682597232767242,0.8005803882053502,1.795453769570867,Tokyo,533932493,random_forest,-0.9266943358409089,-1.1942989687117076,8.7025000055631
489.4115817370479,691.9457961785562,202.53421444150834,0.5394864868117492,53.948648681174916,0.3861377597664766,0.5460019158208921,0.37344678661636715,0.2758510768642718,Tokyo,533932494,random_forest,-0.9237246688394556,-0.6769994152649703,10.742916584014893
360.6196973401912,628.5943378191172,267.974640478926,1.0618600778564249,106.18600778564247,0.6304661135976841,0.722419505743134,0.5858294381630673,1.0990109623855802,Tokyo,533932523,random_forest,-0.14218689462075307,-0.9420859507188053,5.714999973773956
679.3861657706094,708.9591138247903,29.572948054180944,0.18516108952142943,18.516108952142947,0.10749937154015494,0.07972423987018608,0.10440903946589186,-0.2824973130064692,Tokyo,533932532,random_forest,-0.8877997999239029,-1.5298543117460768,10.739583373069763
304.9850585614278,610.3192870429866,305.3342284815588,1.2211540417715732,122.11540417715732,0.7340306951864437,0.8231353609874722,0.6835732986780162,1.3500274826472534,Tokyo,533932534,random_forest,-1.6478208422548675,-2.0470078739191306,13.582083384195963
715.159109554046,703.3765737251557,-11.782535828890184,0.0640113163288127,6.4011316328812695,0.0040136391331807575,-0.03176395234524817,0.005719547767289991,-0.473405956057756,Tokyo,533932541,random_forest,-2.210350910778936,-2.48850467825567,10.488333384195963
433.2266925131544,705.8719036319602,272.6452111188059,0.7257090120427109,72.57090120427108,0.5036612154983416,0.7350106648437497,0.4845395266586538,0.5693018086366161,Tokyo,533932542,random_forest,-0.8431527029307089,-1.0313736083200151,11.817499995231628
386.2972050691244,689.1249516990844,302.82774662996,0.9956214707933398,99.562147079334,0.6129997230685781,0.8163782612218006,0.5743314118258155,0.9946317113248639,Tokyo,533932543,random_forest,-1.0875495290524506,-1.3946969442937387,13.925416668256124
1888.4109894492558,642.2500579396312,-1246.1609315096246,-0.5735766184551117,-57.35766184551117,-0.9799325718149139,-3.3594632783484735,-0.8640669256734875,-1.4781213942117035,Tokyo,533932551,random_forest,-2.47108364710372,-2.441086212935886,20.767916679382324
1521.4603718958015,707.2548202441121,-814.2055516516892,-0.4971872820646288,-49.718728206462885,-0.7310243281993617,-2.194976252776374,-0.686088609073172,-1.3577465542959148,Tokyo,533932552,random_forest,-1.8385464294257052,-1.4745817441083844,22.69291663169861
702.5229344278033,721.2422161094411,18.719281681637685,0.316976961124052,31.697696112405197,0.1302701265366294,0.050464380495656186,0.12508358232208697,-0.07478095896699716,Tokyo,533932553,random_forest,-0.9879550230277403,-1.2387041149707279,19.753333290417988
1458.1579023286456,677.5877779307217,-780.5701243979239,-0.40500719082876824,-40.50071908287683,-0.6648947984017239,-2.104300177276479,-0.6095417943019418,-1.212488534652718,Tokyo,533932554,random_forest,0.07572971528881697,-0.23501227712262665,20.62499996026357
716.3431023657239,673.5721640114185,-42.770938354305336,0.01682015646728528,1.6820156467285277,-0.03673912323353571,-0.11530404552783503,-0.03636439497641417,-0.5477701092523044,Tokyo,533932561,random_forest,-0.9394264004509779,-0.7100811045691562,27.506666739781696
290.79923817204303,709.1946745790824,418.3954364070394,1.5857578190724888,158.57578190724885,0.9207518297071631,1.1279314484167626,0.8505039559298453,1.9245726141946673,Tokyo,533932563,random_forest,-0.6456060268172891,-0.06731198668792407,24.77041681607564
473.5969762864823,679.1027041367553,205.5057278502729,0.6689588803041295,66.89588803041296,0.42981929927033297,0.5540126710335205,0.4074623771278723,0.4798745620336105,Tokyo,533932572,random_forest,-0.3514279718755138,-1.1070311711715124,11.202083269755045
685.7072253406441,639.5739171541811,-46.13330818646288,0.0226671424479009,2.2667142447900894,-0.03440788990666055,-0.12436849113332844,-0.03334142791500086,-0.5385563886642806,Tokyo,533932573,random_forest,-0.6969189063735483,-1.0715170399991847,12.62291661898295
562.563978782642,706.0744150779598,143.51043629531776,0.5024158856482007,50.24158856482007,0.29749828412214047,0.3868826478212894,0.27936917664357946,0.21743496944014512,Tokyo,533932574,random_forest,-0.32572171470563643,-1.0580590572666968,12.022500038146973
593.4102712493599,683.3085140748059,89.89824282544602,0.2793474922888454,27.93474922888454,0.1752577128265369,0.24235220180934355,0.1686614473211188,-0.13407773389903455,Tokyo,533932581,random_forest,-0.1090429284599345,-0.9159584862801808,11.588333447774252
335.60654779253997,666.2297647763512,330.62321698381123,1.2022538516653856,120.22538516653856,0.7132734988869206,0.8913106873612294,0.6628960619132297,1.320244433521384,Tokyo,533932582,random_forest,-0.9515064599348443,-1.4579093413340816,10.62416672706604
1081.0751294802867,629.3766348670548,-451.69849461323196,-0.36699906482351224,-36.699906482351224,-0.5110950874925752,-1.2177115067314392,-0.488413723310053,-1.1525950691565074,Tokyo,533932583,random_forest,-0.6060480347829948,-1.3042377630678117,11.745000004768372
704.2065748065653,659.2948098409862,-44.91176496557913,0.0743953381655965,7.43953381655965,-0.013268762977312387,-0.12107539351671237,-0.012879608083772781,-0.45704274326722516,Tokyo,533932584,random_forest,-0.46778839455508037,-1.1710792430008596,12.162916700045267
260.41355485546876,708.1577558022108,447.744200946742,2.0870696126988024,208.70696126988025,1.047653233771391,1.2070513230998707,0.9333131021141542,2.714543174970251,Tokyo,533932593,random_forest,-1.1488784170636626,-1.6595106469359144,12.321666677792868
595.3174378023642,630.7977459278457,35.48030812548144,0.17440401275555792,17.44040127555579,0.09707121504114498,0.09564959808814492,0.09368694226061684,-0.29944838831146375,Tokyo,533932594,random_forest,-1.5923268818720826,-1.9482948824792998,11.00291657447815
503.91273393497187,495.5909860344047,-8.321747900567212,0.08489082202740461,8.48908220274046,0.033527512386703484,-0.02243418628905487,0.033749979156067894,-0.4405038878536141,Tokyo,533932614,random_forest,-0.6967726741387482,-1.1313812978558653,5.722500026226044
604.2131794283723,677.248460655872,73.03528122749965,0.2273371019888654,22.733710198886538,0.15745248445785834,0.1968921823045804,0.15326882330603173,-0.21603606345323395,Tokyo,533932622,random_forest,0.35852774913616614,0.027687104595317823,14.293750047683716
436.90567755288066,684.4700022985877,247.56432474570715,0.712909469054588,71.2909469054588,0.48509788282572536,0.6673963506501698,0.46423224869559654,0.5491322010579526,Tokyo,533932623,random_forest,-0.5146515098111212,-0.6942849866283949,15.476666688919067
652.7492904633897,714.545781920563,61.79649145717326,0.29832668696017894,29.832668696017894,0.1673514221984614,0.1665940879157993,0.15794967764225568,-0.1041701888378498,Tokyo,533932624,random_forest,-0.41256915798105437,-0.16739641823419038,28.354166666666668
767.1142495448598,729.5409059418974,-37.57334360296232,0.1797225785190688,17.972257851906882,0.03726547918617603,-0.10129210833628717,0.030504467685203356,-0.29106735592375493,Tokyo,533932631,random_forest,-0.8148692412093728,-0.4783272553430512,17.917499740918476
671.0941232420944,690.1778681922266,19.08374495013221,0.13091213174016156,13.091213174016156,0.06311098881332063,0.051446918894874794,0.062246268141681695,-0.367983192542557,Tokyo,533932632,random_forest,-0.3414232259938348,-0.212301831238033,17.79166654745738
397.96525505632366,659.8180530482003,261.85279799187674,0.9706468346188267,97.06468346188268,0.5822891413139176,0.7059159350476851,0.5431800209642875,0.95527650844557,Tokyo,533932641,random_forest,-0.06615451301704423,-0.09456104519315135,20.449583411216736
521.736595222864,672.9483402418431,151.21174501897897,0.470754310498614,47.0754310498614,0.30559766424401597,0.407644222990415,0.2918581888593762,0.16754244228647222,Tokyo,533932642,random_forest,-0.5329830534564702,-0.3975119084756446,22.552500009536743
694.8652141577062,688.9952756018587,-5.869938555847422,0.1064840981967149,10.64840981967149,0.04008340220825083,-0.01582447541558076,0.0373891632099236,-0.4064770552489787,Tokyo,533932643,random_forest,0.4634093273586579,-0.12427640968462136,19.016250014305115
1125.0931426088512,713.4136605479963,-411.67948206085475,-0.28543709425226454,-28.543709425226453,-0.4008371160413769,-1.1098262411079922,-0.3855131877888672,-1.024069156841429,Tokyo,533932644,random_forest,0.03679178739640681,0.027976299089671742,20.698749979337055
907.5745059799689,760.8325119982266,-146.7419939817424,-0.06929483819599737,-6.929483819599739,-0.1327047391229227,-0.39559444346894845,-0.12755307780039754,-0.6834707081415642,Tokyo,533932651,random_forest,-1.040384209865128,-0.7426943225528051,19.102083285649616
722.4938542771519,722.5417688430107,0.0479145658588512,0.09706582019298275,9.706582019298274,0.0307552073624288,0.00012917049510275994,0.028163904624173782,-0.42131844228743054,Tokyo,533932653,random_forest,-0.025845044549448838,-0.1887894636965078,17.554999987284344
324.40967332088564,719.9183656977003,395.50869237681474,1.3691774840840338,136.91774840840338,0.8254562436035723,1.066232213441262,0.7694159836394995,1.5832838377105287,Tokyo,533932654,random_forest,-0.2679932580556837,-0.45324452345499294,15.351249853769938
640.8762972741366,727.9095051582872,87.03320788415044,0.21944910872674825,21.944910872674825,0.1458511810136814,0.23462849660153554,0.14286185531855128,-0.22846601730609226,Tokyo,533932661,random_forest,-0.5971876600378583,-0.2794691003549941,15.03166655699412
1027.406152412513,725.632284429893,-301.77386798261995,-0.2416124327963541,-24.16124327963541,-0.3162455781539263,-0.8135371621903249,-0.3072074537269289,-0.9550099549110389,Tokyo,533932662,random_forest,-0.9338360436512252,-0.9267527084199991,14.990833361943563
428.8198892167566,704.8707385586314,276.0508493418749,0.9632112537517868,96.32112537517868,0.5736968632057494,0.7441917555523792,0.5338433135639123,0.9435594691460593,Tokyo,533932663,random_forest,-1.3126453674358098,-1.4935636135115387,12.01666667064031
564.2683814048237,714.2118643261282,149.94348292130448,0.6440555145995828,64.40555145995828,0.35583694491087003,0.404225178277388,0.32631085590266456,0.4406316676494325,Tokyo,533932671,random_forest,-0.7720364073902826,-0.7017371161557178,16.234999895095825
757.4754370519713,678.7970991365978,-78.67833791537355,0.023850856517578654,2.385085651757865,-0.05722025045328779,-0.21210501817609617,-0.05467144956828101,-0.5366910839191895,Tokyo,533932672,random_forest,-0.6504739495838873,-1.1190624459896261,14.519583384195963
255.2293074705004,709.9762703482146,454.7469628777141,2.0456491964279135,204.56491964279132,1.0626974298524925,1.2259297207123028,0.9542483810158311,2.6492725990829764,Tokyo,533932673,random_forest,0.3734805697021919,0.6517477462984873,21.984583417574566
883.9150149840701,698.9969300837503,-184.91808490031985,-0.07869745479681996,-7.869745479681998,-0.1881231413123943,-0.4985114683162028,-0.18060949256242606,-0.6982874158339558,Tokyo,533932674,random_forest,-0.4192460469170565,-0.9968707855400594,20.636666496594746
1423.4492326228876,648.9868058358597,-774.4624267870281,-0.48497239924571245,-48.49723992457124,-0.7324209914343857,-2.087834739049167,-0.6807543072112159,-1.3384982582196006,Tokyo,533932682,random_forest,-0.41078155528670296,-1.0104465845999873,16.1574999888738
266.3414785949213,683.0412037104321,416.69972511551094,1.8012003678331319,180.12003678331322,0.973889071732573,1.1233600646808999,0.8837139905252704,2.264068459341752,Tokyo,533932683,random_forest,-0.3431272017693644,-0.3087052535730602,26.058333158493042
989.75814093702,616.9157430055569,-372.842397931463,-0.29820725993337815,-29.820725993337817,-0.41451575294433757,-1.0051272775377207,-0.39768898615009135,-1.0441924714583326,Tokyo,533932684,random_forest,-0.19558954756850344,-0.47721804248714494,25.90916681289673
362.453010247767,717.4199224164963,354.9669121687293,1.2671772927892688,126.71772927892688,0.7375825181671066,0.956937644494261,0.681640175350556,1.42255123707994,Tokyo,533932691,random_forest,-0.34716704432917145,-0.9265933891869503,12.588750004768372
484.1257578072736,654.7563310832543,170.63057327598065,0.48183174700147396,48.1831747001474,0.326224613435215,0.45999447630715434,0.31230304142723286,0.18499834266100687,Tokyo,533932692,random_forest,-0.20988164126589373,-0.9559687107810956,9.896250009536743
581.7870981920927,693.2364777937214,111.44937960162876,0.42278120669545277,42.27812066954527,0.24623685354285696,0.3004508396141286,0.23165735509310392,0.09194609646864793,Tokyo,533932693,random_forest,-0.6903601003915827,-1.136246894694184,16.80958330631256
797.343716749872,657.9952103886593,-139.3485063612126,-0.0772191367716377,-7.721913677163769,-0.15068493312462383,-0.37566270790249606,-0.1435556179543652,-0.6959578721563372,Tokyo,533932721,random_forest,-0.30636394512642584,-0.4580970640460116,12.022916615009308
421.9730988045457,647.7199328340816,225.7468340295359,0.7330728152652392,73.30728152652392,0.48545158641248026,0.6085796625054893,0.46199981954324865,0.5809057402318858,Tokyo,533932722,random_forest,0.29543793840380006,0.5777954016970956,24.797916690508526
1035.4756386560464,647.7340907880274,-387.74154786801904,-0.34315311343097066,-34.31531134309707,-0.4554110165872343,-1.0452931548532873,-0.44021504579550014,-1.1150184554935236,Tokyo,533932731,random_forest,-1.1478160557775925,-0.6973674340908284,21.266666690508526
698.4315791115247,722.626920512252,24.195341400727276,0.18308628969220245,18.308628969220248,0.08563401862039861,0.06522701754449926,0.08133549741874861,-0.2857667967996498,Tokyo,533932732,random_forest,-0.9837620400510677,-0.6319688793377335,19.138749957084656
477.31997124891853,709.7616540620814,232.44168281316283,0.839100200701397,83.91002007013971,0.48119557831918963,0.6266279723778302,0.4435640199449406,0.7479844209959885,Tokyo,533932733,random_forest,-0.3073773614498839,-0.4561814373080885,17.799583196640015
408.4958890285454,684.481326608031,275.9854375794857,0.9856018597450436,98.56018597450435,0.5795027431720807,0.7440154152353605,0.5371945344304018,0.9788427395527857,Tokyo,533932734,random_forest,-0.28116574805331623,-0.04962072323887877,20.07083324591319
1208.3692016449052,709.941917199502,-498.4272844454033,-0.36706444726507176,-36.70644472650718,-0.491061784365787,-1.3436853272175862,-0.47359149917263377,-1.152698099256099,Tokyo,533932741,random_forest,-0.29160331224980096,-0.7667922562949585,17.329166809717815
1148.5796792754736,684.1947515521059,-464.38492772336775,-0.31482641375423703,-31.482641375423707,-0.45256135864489117,-1.251912230802523,-0.4293646535551577,-1.0703810479697917,Tokyo,533932742,random_forest,-0.29606705155926644,-0.328809902063962,17.43291676044464
613.8166498655913,671.8817232777072,58.065073412115794,0.28387084483465835,28.387084483465838,0.15529924923352648,0.15653474358749367,0.14645198451244054,-0.12694980395078137,Tokyo,533932743,random_forest,-0.27166155844627665,-0.30605642024392843,21.58708341916402
1145.6832697452635,669.0727722702851,-476.61049747497856,-0.3374254074250142,-33.74254074250142,-0.48145349663203624,-1.2848705362660635,-0.457138517186014,-1.1059926971072052,Tokyo,533932744,random_forest,-0.4230764788868879,-1.0450874905203649,20.507083296775818
774.3813880248335,688.956045198759,-85.42534282607453,0.05243234348616412,5.243234348616411,-0.04106769857133985,-0.23029393315746882,-0.041829303593349694,-0.491652180834448,Tokyo,533932751,random_forest,-0.20213015483520116,-0.1833255754967936,16.6795832713445
528.9842432089447,722.2379374361136,193.25369422716895,0.6659434774690874,66.59434774690874,0.39554535024584236,0.5209830229349831,0.36906081520356726,0.4751228695762451,Tokyo,533932752,random_forest,0.20691483310935815,0.3808128665859003,16.93374999364217
866.9131326860091,690.8711475105152,-176.04198517549386,-0.07653590926741115,-7.653590926741116,-0.16654051963962893,-0.47458283251441374,-0.15870937793772,-0.6948812375718065,Tokyo,533932753,random_forest,-0.5702903543879948,-1.0111216941672716,19.46833312511444
517.5830493019988,724.0433359136782,206.4602866116795,0.855587233897101,85.55872338971011,0.46267835386852124,0.5565860185241102,0.42218194445692014,0.7739648009206715,Tokyo,533932754,random_forest,-0.5430391273986581,-0.6910317379944287,18.93874990940094
762.5434193415964,667.6115918364927,-94.93182750510374,-0.023642769465816588,-2.364276946581659,-0.09232319945767216,-0.25592199240555674,-0.08999344989525164,-0.6115318653019144,Tokyo,533932761,random_forest,-0.5643495707785254,-0.9993610952572692,12.696250041325888
868.3199351105137,718.1720897282083,-150.14784538230535,-0.10608449683741418,-10.608449683741418,-0.16687928486829143,-0.4047761088721818,-0.1624311147368426,-0.7414441044135183,Tokyo,533932762,random_forest,-0.4182687643875124,-0.42744696296372087,15.042083144187927
573.9196354326676,726.1834676456098,152.2638322129422,0.39809618766268,39.809618766268,0.2749427290765582,0.41048049253182833,0.2648028738539488,0.053047274266568606,Tokyo,533932763,random_forest,0.1530203111845586,-0.10053846308378055,17.15124996503194
530.0032271256472,717.8836890987031,187.88046197305604,0.541115044469632,54.1115044469632,0.3528542028012056,0.5064975933349213,0.3368037661057701,0.2784173691849589,Tokyo,533932764,random_forest,-0.25447084117031105,-0.5065153352103552,21.760833303133648
751.7085733806963,691.9554206567242,-59.75315272397205,0.060037693056534926,6.003769305653493,-0.02176506394350512,-0.1610855526489291,-0.020620390722884442,-0.47966761884850223,Tokyo,533932771,random_forest,-0.1327459101686761,-0.10258920653951413,21.28416657447815
1012.5552564346186,708.416920819513,-304.13833561510563,-0.1912938289567984,-19.12938289567984,-0.3000921366680184,-0.8199114128856637,-0.2854279293178325,-0.8757175540579907,Tokyo,533932772,random_forest,-0.5595809401308608,-0.49763372376823006,21.71666669845581
972.6889547755885,664.2461392723861,-308.4428155032023,-0.19729329105571058,-19.729329105571058,-0.3248209001894904,-0.8315156461358045,-0.3114935111784217,-0.8851715475584154,Tokyo,533932773,random_forest,0.0753739138458271,0.020082834731759376,32.33958331743876
725.299368983615,666.784567049603,-58.51480193401192,0.10621768582148276,10.621768582148276,-0.00816834160047101,-0.1577471443427522,-0.008115655618092224,-0.4068968696960662,Tokyo,533932774,random_forest,-0.5295872181843538,-0.4853900372844596,28.175000111262005
260.44599636288575,670.2303548524109,409.7843584895252,1.8514863897429341,185.1486389742934,0.9855069400170846,1.1047172717246385,0.8899295382941617,2.3433095173665532,Tokyo,533932782,random_forest,0.6787346026866135,0.7202237393534805,34.33458296457926
556.6032357029072,630.3948149548373,73.79157925193019,0.21038255692748542,21.03825569274854,0.14247102277283571,0.19893104853471003,0.139336182293956,-0.2427531517805376,Tokyo,533932783,random_forest,0.6824497758129824,0.9380380083962506,33.679583628972374
491.0655565870345,684.8026736829571,193.73711709592268,0.5721772250755066,57.21772250755066,0.38753563402999114,0.5222862586041711,0.37195539547687345,0.3273653663079359,Tokyo,533932791,random_forest,1.5949467098443944,1.2699731758360104,16.973750074704487
480.9118560547875,660.0385682933053,179.12671223851774,0.524268098727649,52.4268098727649,0.35859138724327155,0.4828987947869612,0.34498236042741914,0.2518698366027301,Tokyo,533932792,random_forest,-0.266273799495301,-0.33530770976478946,13.232916712760925
976.4932850974186,727.5688424936844,-248.92444260373418,-0.09572041370993319,-9.572041370993317,-0.20797831360471464,-0.6710630247391515,-0.19705754315620672,-0.7251123111777823,Tokyo,533932794,random_forest,-0.5567474919804705,-0.8085255033859738,17.680833498636883
949.9996489529813,512.8486900085621,-437.1509589444191,-0.41340372684511983,-41.34037268451198,-0.5823132179453642,-1.1784935288330012,-0.5529775556588515,-1.2257198536636449,Tokyo,533932812,random_forest,-0.20607841043549738,-0.9899040628513226,5.2245833079020185
243.81747669874858,539.9557577944624,296.1382810957138,1.557056089600876,155.7056089600876,0.8543275021998257,0.7983444637837332,0.7778092898150916,1.87934423214942,Tokyo,533932814,random_forest,-0.6130740254078413,-0.8116593643092644,4.960416654745738
435.56121367767537,631.9998865208771,196.43867284320174,0.6113226641031921,61.13226641031921,0.41545663366299923,0.529569248383349,0.3980143811428684,0.38905101746091525,Tokyo,533932822,random_forest,-1.3699649487402124,-1.5741314181888597,11.799583295981089
223.11625710886878,645.0805604246665,421.9643033157977,2.1544418646488404,215.44418646488407,1.0998031498355065,1.1375525792210819,0.982703582361967,2.8207088314147075,Tokyo,533932823,random_forest,-0.31804023502587453,-0.3470581719862451,9.05208327372869
466.2501271646136,657.7168431728893,191.4667160082757,0.48086015584819103,48.08601558481911,0.3428016692283409,0.5161655972287318,0.3328096838755199,0.18346730266162548,Tokyo,533932824,random_forest,-0.7698740519260426,-1.2743654371060058,11.381249984105429
948.7226912762417,707.5389503358855,-241.1837409403562,-0.17553604538808085,-17.553604538808084,-0.25812259257664755,-0.6501952521030229,-0.24871690639558697,-0.8508863306943544,Tokyo,533932831,random_forest,2.113113919606731,1.6929154650553524,17.913333296775818
577.2907281216343,722.8288108400711,145.5380827184369,0.5977742388937913,59.77742388937914,0.31850356294483273,0.392348878969855,0.2886606874163789,0.36770131614454343,Tokyo,533932832,random_forest,2.7972862771714193,2.251276171286966,19.258333325386047
351.01766256164643,704.0951405657373,353.0774780040909,1.081935060054122,108.1935060054122,0.7083288119457819,0.9518440128994472,0.6726596434507962,1.1306452569421848,Tokyo,533932833,random_forest,5.174876345134694,4.542194807655069,12.127500096956888
505.50070088016673,630.8855062823195,125.38480540215278,0.4476579092202617,44.76579092202616,0.2699913616803516,0.3380186609614862,0.25601491531805987,0.13114697483142496,Tokyo,533932834,random_forest,4.681146375306604,4.038735840508453,13.369166692097982
621.5705999920547,662.2491846830567,40.678584691001994,0.2657549257747634,26.57549257747634,0.13653798456039365,0.10966337334862446,0.12781403316747084,-0.15549699338590167,Tokyo,533932841,random_forest,-0.3263146833785575,-0.02968663857217085,24.070833444595337
752.2131187302961,641.1639139907662,-111.04920473952978,0.0760120101136251,7.601201011362509,-0.057236281168313585,-0.2993720281058019,-0.05562289733445186,-0.4544951805296003,Tokyo,533932842,random_forest,-0.17604895006251461,-0.23303369926214723,29.219166437784832
331.85833585606827,694.8776514723172,363.019315616249,1.3882223111714105,138.82223111714106,0.7980297769623403,0.9786457184679955,0.7351798958548397,1.6132948067828097,Tokyo,533932843,random_forest,0.9075051746223579,0.8047765831798703,16.989583412806194
538.4841154313876,692.514250270957,154.03013483956946,0.3620953583808837,36.209535838088364,0.2733343630098058,0.41524217993717527,0.2672680683199055,-0.0036830792932482244,Tokyo,533932844,random_forest,0.1776936802137406,0.41906807093037,25.917916655540466
593.8408145292486,673.0442656535446,79.20345112429598,0.2802762219604846,28.027622196048455,0.17318528025015267,0.21352064475990631,0.16629682372285537,-0.1326142353162332,Tokyo,533932851,random_forest,-0.3656653005263991,-0.38706883956727295,31.77958305676778
842.7211928024084,631.4607988706398,-211.26039393176848,-0.1683397688590611,-16.83397688590611,-0.2533896868750567,-0.5695263891184889,-0.24522000040961536,-0.8395463888110731,Tokyo,533932854,random_forest,-0.5081803629440034,-0.5014926244561208,29.804166396458943
745.6930388405548,636.283003455238,-109.41003538531673,0.029646589257769047,2.9646589257769063,-0.08871354244396579,-0.29495307296667556,-0.08675339250523141,-0.5275581285387573,Tokyo,533932861,random_forest,-0.1579187833642289,-0.19075487433371427,29.854166587193806
823.1041623463901,591.2362920991984,-231.86787024719175,-0.14725591864603768,-14.72559186460377,-0.25429338602996826,-0.6250810596193797,-0.2451793021428381,-0.8063223131203546,Tokyo,533932862,random_forest,0.272068757168526,0.24116735089002203,48.083333571751915
800.5140751165317,640.9648726145919,-159.54920250193976,-0.049967401861514917,-4.996740186151492,-0.16276671087221808,-0.43012075996133997,-0.15515701053244532,-0.6530144014804714,Tokyo,533932863,random_forest,0.25608970860151203,0.1852568818981247,44.08874988555908
269.67943092755587,534.3621045715975,264.6826736440416,1.089392601522754,108.93926015227538,0.7017456462567145,0.7135448560765473,0.66395408912384,1.1423969019082192,Tokyo,533932864,random_forest,0.4600708692280306,0.8644020778290964,71.46916659673055
766.8546103171906,493.2257292097268,-273.6288811074637,-0.28743477047621785,-28.74347704762178,-0.41756020450715886,-0.7376624918440601,-0.4006587655807012,-1.0272171087287545,Tokyo,533932871,random_forest,0.5587300464744742,0.7758749232507425,74.46875031789143
637.6227300726556,596.2839834753486,-41.33874659730711,0.05327220439055488,5.3272204390554885,-0.020966160622719093,-0.11144307099915975,-0.02116237460772254,-0.490328722264252,Tokyo,533932872,random_forest,-0.526486990344057,-0.09386326395298149,47.48708359400431
419.70373848698733,667.6041029547774,247.90036446779018,0.6937319011595008,69.37319011595007,0.4920856378094028,0.668302263424242,0.47453957310817296,0.5189120581109732,Tokyo,533932882,random_forest,-0.9115581396292232,-1.3445720328004198,23.5099999109904
1153.9520002615338,689.5430713646682,-464.40892889686575,-0.2587277851431543,-25.872778514315428,-0.4265759522976567,-1.2519769343724751,-0.39939193265447637,-0.9819804444610055,Tokyo,533932884,random_forest,-0.9003063634909572,-1.2851289841677576,23.894583264986675
609.6404499167946,679.5463512014965,69.9059012847018,0.17304038116398465,17.304038116398463,0.13042070434583455,0.18845584255422895,0.12840640660426292,-0.3015972083208518,Tokyo,533932891,random_forest,-0.8925504478860715,-1.0202344595272523,22.62791673342387
987.2053316140508,675.7864132907664,-311.41891832328446,-0.2425199437245549,-24.25199437245549,-0.34133992217177506,-0.839538773714153,-0.328527045974001,-0.9564400168524805,Tokyo,533932892,random_forest,-1.3822424488722618,-1.5087537165887615,27.77875010172526
358.3168609387924,639.2128302237644,280.895969284972,1.0014044562928832,100.14044562928832,0.6223783240729509,0.7572534734384554,0.5840012621877312,1.0037445795161053,Tokyo,533932893,random_forest,1.7759297975425614,1.628115016596975,26.317083199818928
267.5189433442361,660.3232099877159,392.8042666434799,1.6689800276979507,166.89800276979506,0.939611772422321,1.0589414866094131,0.8615835488015767,2.055714741016134,Tokyo,533932894,random_forest,-0.9357537119803535,-0.5649094595566253,29.025416612625122
740.2548473940033,571.7730092625262,-168.48183813147713,-0.18041173398210283,-18.041173398210283,-0.24466384701489907,-0.4542018080968682,-0.23620286570828367,-0.8585694742025596,Tokyo,533932914,random_forest,-1.7035674141298107,-2.1729257904860884,5.548333287239075
471.60949215067006,641.3013042083174,169.69181205764747,0.47237317366087717,47.237317366087716,0.3339212828403271,0.457463716627257,0.3231840264313067,0.17009345795450825,Tokyo,533932921,random_forest,-0.7463185864908843,-1.2958245718895314,7.715000053246816
589.5288854966717,640.6767187381369,51.1478332414651,0.16568590507863748,16.568590507863746,0.11692971114437234,0.1378868998353495,0.11450208023799775,-0.3131864421494161,Tokyo,533932922,random_forest,-0.09174782736033257,-0.6862006642633587,8.918333351612091
856.4564178507425,561.4429294991909,-295.01348835155164,-0.29583464241199087,-29.583464241199085,-0.40745211958862576,-0.795312190965496,-0.38972040335433517,-1.0404536845043726,Tokyo,533932923,random_forest,-2.2997940384676157,-2.638637463053882,6.275000015894572
785.4841636264722,595.1688155534655,-190.3153480730066,-0.1401378995712982,-14.013789957129822,-0.249863516114339,-0.5130616816744874,-0.23761677371277767,-0.7951056898699654,Tokyo,533932924,random_forest,-0.0664313661763383,-0.6551406520021198,6.900833368301392
1012.0854196611052,641.7783044135232,-370.307115247582,-0.2844671978679805,-28.446719786798052,-0.4150000428733985,-0.9982925350406876,-0.3914596988838261,-1.0225407874706536,Tokyo,533932932,random_forest,-1.1965785824139714,-1.6790099066743909,9.792083323001862
287.4506924990632,675.759093720315,388.3084012212518,1.6657910405036056,166.57910405036057,0.9147681055507109,1.0468213066162282,0.8335566405635295,2.050689513135497,Tokyo,533932933,random_forest,-0.9084375533883238,-1.1042747219245617,10.430000106493631
704.5171989280417,669.5163972533617,-35.00080167468008,0.16451310512651002,16.451310512651002,0.04060740886564843,-0.0943569204953344,0.037245718397678686,-0.3150345483532576,Tokyo,533932934,random_forest,-0.44948149563284495,-0.9089823407397389,11.980416615804037
877.5965012911171,679.8182268311347,-197.7782744599824,-0.1654265335131135,-16.542653351311348,-0.2422693475339263,-0.533180613757915,-0.234779013268444,-0.8349556925833579,Tokyo,533932941,random_forest,0.6171103862515724,-0.09185547712527792,12.97041658560435
529.8846121406942,707.5981408791696,177.71352873847533,0.5340896707330504,53.40896707330503,0.3451256644477228,0.47908906367285115,0.32917424505518544,0.26734673709350165,Tokyo,533932942,random_forest,0.5926351520618509,0.6077391055135861,17.980416377385456
938.5002811414261,663.5209009110603,-274.9793802303658,-0.172686342096082,-17.268634209608198,-0.2749161785080868,-0.7413032352633994,-0.2641125493014408,-0.8463957487127495,Tokyo,533932943,random_forest,-0.2564677901641182,-0.5358432485757492,13.56208328406016
800.6518976846702,703.8806612630405,-96.77123642162981,-0.023758552166767616,-2.3758552166767615,-0.0828044878137117,-0.2608807634219536,-0.08100959446193333,-0.6117143164757373,Tokyo,533932944,random_forest,0.4188621519611318,0.108742327900867,14.569166779518127
485.71245920094447,675.1824870283157,189.47002782737124,0.8511806100372223,85.11806100372223,0.4540768964027398,0.5107828248656671,0.4118766872383138,0.7670208128358624,Tokyo,533932951,random_forest,0.16146177651096297,0.3107908956063368,28.125
777.0875240191923,645.763134323142,-131.3243896960503,-0.05583364988959929,-5.583364988959929,-0.1322500044054159,-0.354030890858496,-0.12569428488203294,-0.6622584753349334,Tokyo,533932952,random_forest,0.013112807507255294,0.14167666028359222,27.40374994277954
618.0772661278062,714.656946713931,96.5796805861249,0.2769136931582003,27.69136931582003,0.17469545735586023,0.2603643575719062,0.16704163142311804,-0.13791293125224904,Tokyo,533932953,random_forest,0.6442783597778552,0.5692233679024575,18.78124992052714
696.556758095856,707.1733326557024,10.616574559846379,0.12159855506185913,12.159855506185911,0.0534711964068744,0.02862069534826936,0.04982354243598131,-0.3826595905146928,Tokyo,533932954,random_forest,0.3964240492139695,0.15228905245846666,18.825416684150696
597.2107509909694,635.5900015385588,38.37925054758936,0.18846963363397817,18.84696336339782,0.10596349106971881,0.10346471278711099,0.10239381581440526,-0.27728368651459145,Tokyo,533932961,random_forest,0.4095461656638055,0.7101402280969958,37.98249991734823
295.5976654997284,588.9355297952601,293.3378642955316,1.5710624989676776,157.10624989676776,0.7704583372546007,0.7907949594088164,0.6831921659664855,1.901415628040402,Tokyo,533932962,random_forest,-0.010325926067065032,0.5025740644652146,49.12458356221517
532.1765409306196,666.009708046167,133.83316711554755,0.469752850075962,46.9752850075962,0.2977645989845479,0.36079417913149686,0.28312637340182306,0.16596433408767197,Tokyo,533932963,random_forest,0.4189239616722103,0.32637637155427635,23.36416693528493
508.26527078355235,702.8439223101562,194.57865152660386,0.5463126690329011,54.63126690329011,0.36651290350366267,0.5245549094227412,0.3514708230112316,0.286607821600302,Tokyo,533932964,random_forest,0.8369284041629541,0.7117176099551568,24.602499961853027
343.7012464970066,586.1695593886064,242.4683128915999,0.866837867250665,86.6837867250665,0.5473202755998945,0.6536582657391282,0.51588994224176,0.7916936260797709,Tokyo,533932971,random_forest,0.1281096918053271,0.5813909142726479,53.2450004418691
294.23297183019,631.2788325691255,337.04586073893535,1.4443723465113842,144.43723465113843,0.813283818589097,0.9086251732351488,0.7460293647034185,1.701776417367364,Tokyo,533932972,random_forest,0.5543952051577701,0.8620710180390148,36.65125020345052
472.16097188442285,674.7933979137665,202.6324260293437,0.6569308308726577,65.69308308726578,0.4274758147727132,0.5462666795560555,0.4060246950926493,0.46092067928993213,Tokyo,533932973,random_forest,0.7044212473785492,0.7811285829556173,23.37541667620341
589.9042275124917,707.1116925692999,117.207465056808,0.31000542201265374,31.00054220126538,0.2242761203095807,0.31597377581855063,0.2192334543388403,-0.0857667580870662,Tokyo,533932974,random_forest,-0.0743006709470421,0.2709833227681863,21.020833412806194
643.6528583954922,676.6485349471205,32.995676551628314,0.20099637137357337,20.099637137357337,0.10610974194707694,0.08895140339953996,0.10072977877162644,-0.25754396731657647,Tokyo,533932981,random_forest,-0.8277112490587542,-0.4031341478020583,30.1308335463206
493.57160643881207,654.8324569455513,161.26085050673922,0.5602778481149053,56.027784811490534,0.3517750210836795,0.43473510668990917,0.3321192112266162,0.3086142465258761,Tokyo,533932982,random_forest,-0.97926698867886,-0.7116491668723194,28.08666666348775
678.8613395737327,668.448963142427,-10.41237643130576,0.155699575966653,15.569957596665299,0.04058533740953366,-0.028070207769182214,0.03557441202368846,-0.3289229680181142,Tokyo,533932983,random_forest,0.7031360600536636,0.7556186312168445,27.023333231608074
243.80032315150234,697.8631048941264,454.06278174262405,2.111421066210685,211.1421066210685,1.080496596222387,1.224085270817465,0.9664809886491591,2.752916362337995,Tokyo,533932984,random_forest,1.9141235245441117,1.7190140179206157,27.09458335240682
361.92687075659086,649.7381064732091,287.8112357166182,1.039313528632091,103.9313528632091,0.6378281775649981,0.7758959962857799,0.5969139250619573,1.0634819555663666,Tokyo,533932991,random_forest,-0.2985717749416063,-0.16812535352236646,27.516249815622967
504.7698578617478,667.8604055007769,163.09054763902898,0.5397813094906477,53.97813094906477,0.3460598826469259,0.43966769619019197,0.3297710968897192,0.2763156604626231,Tokyo,533932992,random_forest,-1.479170323228538,-0.8884777423051247,27.21500023206075
388.90627436349035,672.7051925368474,283.79891817335715,0.9952684756468505,99.52684756468506,0.6183098883938459,0.7650793889705995,0.5800875016254604,0.994075459153324,Tokyo,533932993,random_forest,3.2338919145514042,2.917123156255009,30.163750012715656
1052.375361395819,640.0415040418222,-412.33385735399673,-0.3061483790293961,-30.614837902939612,-0.4602307117630195,-1.1115903389158939,-0.4341665679380853,-1.0567061413644172,Tokyo,533932994,random_forest,0.7340984255828289,0.6341881347136697,30.21624994277954
200.09921065888906,679.451785326882,479.35257466799294,2.5752595231914563,257.52595231914563,1.2408770560440565,1.2922627657954944,1.0897787645195218,3.483836182356266,Tokyo,533933003,random_forest,-1.5080813108378708,-1.6639631874519902,18.84041651089986
1042.4859973857638,695.845281701434,-346.64071568432973,-0.2763871899051942,-27.63871899051942,-0.3734289313618107,-0.9344914654892995,-0.359959339519433,-1.009808255536263,Tokyo,533933004,random_forest,-1.115926482758803,-1.088681293226841,17.849583506584167
1038.643024794966,709.628640123556,-329.01438467141026,-0.26654741235684043,-26.654741235684043,-0.36123581752379663,-0.8869735163443333,-0.34887750674961177,-0.9943026666261124,Tokyo,533933012,random_forest,-1.1358461195702665,-1.249576895096063,14.700000087420145
1135.2767607284106,655.4327879666438,-479.84397276176696,-0.35761913238020887,-35.76191323802089,-0.5149014074601923,-1.2935875014771725,-0.48586482802490566,-1.1378141073150294,Tokyo,533933013,random_forest,-1.0222473712693667,-1.3118366114294577,13.302499969800314
567.4326127597684,634.6068218628822,67.17420910311375,0.21139334311524505,21.139334311524504,0.14703095306104264,0.18109160946061123,0.14378592751800684,-0.24116034797715472,Tokyo,533933014,random_forest,-0.6146638681769548,-0.7755416200327423,11.764583388964335
454.483500582658,718.7633700952556,264.27986951259766,0.7362539047743494,73.62539047743495,0.49948385832361275,0.7124589564517584,0.47761198438396746,0.5859185228859926,Tokyo,533933021,random_forest,0.17584219675706897,-0.14512257954850968,16.140833338101704
518.0804221070149,674.9746520875652,156.8942299805503,0.39418383060208884,39.41838306020889,0.2914571333282461,0.4229633515840551,0.2838575998122321,0.046882155192164085,Tokyo,533933024,random_forest,-0.6895692552833457,-0.9292172831055071,13.152499993642172
498.87107638888887,692.0552320811461,193.18415569225715,0.5513650448372185,55.13650448372184,0.3750366724995729,0.5207955574571628,0.35930388086534437,0.2945693900256416,Tokyo,533933031,random_forest,-1.0924698040959342,-1.467634054979412,10.003750125567118
719.2319380870721,696.8424170679308,-22.389521019141256,0.07288096658857288,7.288096658857287,-0.003955917411378462,-0.06035879618894583,-0.002721090108396646,-0.45942910037897455,Tokyo,533933032,random_forest,-1.7654952598436184,-2.052265145756974,9.019166668256124
430.7851476453114,624.3370902686428,193.55194262333146,0.6908924376762443,69.08924376762442,0.4389945376069589,0.5217870559530303,0.4164876452288124,0.5144376120901761,Tokyo,533933033,random_forest,-1.3047096263957674,-1.7122759913913896,8.102916657924652
604.7947868873263,677.9026609197358,73.1078740324095,0.2248064552328164,22.480645523281638,0.1467995564032251,0.19708788163698643,0.14417899321257074,-0.2200238739584285,Tokyo,533933041,random_forest,-1.1095800365535062,-1.5183824387219855,8.31666668256124
969.961696700037,662.0922796719047,-307.8694170281323,-0.27109537187608324,-27.109537187608325,-0.352852617998052,-0.8299698497044199,-0.3432321341252072,-1.0014693724117716,Tokyo,533933042,random_forest,0.20373475730161267,-0.4174186640249463,9.774999936421713
435.55234071842136,588.3364120503327,152.7840713319113,0.43744927014191237,43.744927014191234,0.32038573624143124,0.41188297929894263,0.31148222016081833,0.11506013139384447,Tokyo,533933044,random_forest,-0.1034790865877708,-0.8273317095133611,7.189583321412404
983.991671618156,707.6381266336858,-276.3535449844701,-0.2240738843131739,-22.40738843131739,-0.29908452577698746,-0.7450077776809038,-0.2894896253935782,-0.9273725899884508,Tokyo,533933051,random_forest,-0.6977949644824176,-1.0704555065456127,12.09541674455007
553.0223913541502,633.2756913264227,80.25329997227254,0.25525821728249104,25.52582172824911,0.17261109133649524,0.21635088005569683,0.1668115689278354,-0.1720377785805929,Tokyo,533933052,random_forest,-1.0114849495704652,-1.219600843453693,11.912083307902018
2017.141445491684,716.2789784800908,-1300.862467011593,-0.6140806659859113,-61.40806659859113,-0.9991555243767744,-3.5069304273671147,-0.9066219928005356,-1.541947949956845,Tokyo,533933061,random_forest,-2.3465128083113167,-2.543518292510722,15.68999985853831
965.6917825394618,679.5294797181754,-286.1623028212865,-0.19073434036957074,-19.07343403695707,-0.29865536256295805,-0.7714507201017343,-0.2837332628773304,-0.8748359081070693,Tokyo,533933062,random_forest,-1.5893090037384294,-1.8800317095447467,19.106666803359985
781.0906355750217,687.0299364202314,-94.06069915479036,-0.021206120008899834,-2.120612000889984,-0.08391648438874282,-0.2535735608108823,-0.0797647247818738,-0.6076921763850226,Tokyo,533933063,random_forest,-1.1775669025847038,-1.362254109037644,14.331249992052713
993.8141683947773,657.869543714744,-335.94462468003326,-0.2529408076162499,-25.294080761624986,-0.3657911545564035,-0.9056564057131297,-0.34936468672915816,-0.9728612856056842,Tokyo,533933064,random_forest,-0.9951460398163782,-1.0771154732873052,16.670833309491474
858.8028866410209,712.0635385964056,-146.73934804461527,-0.0623036569526822,-6.23036569526822,-0.13660806953956106,-0.3955873104186412,-0.1303306265222702,-0.6724539568153781,Tokyo,533933071,random_forest,-1.2843766384604023,-1.474684494625887,19.427083333333332
901.3537825747744,725.6891130944133,-175.66466948036108,-0.10952090808682718,-10.95209080868272,-0.172871747081094,-0.47356564589742717,-0.16828832089645443,-0.7468592248161672,Tokyo,533933072,random_forest,-0.30462266711042857,-0.3130766637217577,20.03666663169861
497.07994465779143,707.7749393788781,210.69499472108677,0.5256376259885189,52.563762598851895,0.3799399689964645,0.5680021575061308,0.36827462450110304,0.25402794704820925,Tokyo,533933073,random_forest,0.4127250142754909,0.23196080226446752,18.24541664123535
587.8142001728111,748.9970883396768,161.18288816686572,0.5625767341289409,56.25767341289409,0.3203045271415402,0.4345249318952446,0.2962385770657197,0.3122368468651383,Tokyo,533933074,random_forest,0.3301265398774487,0.5241103334432891,19.234999855359394
834.712521478892,685.6444895182923,-149.0680319605996,-0.034574092105246944,-3.4574092105246947,-0.13910458838637907,-0.4018650935723411,-0.13234279737763274,-0.628757518448879,Tokyo,533933081,random_forest,-0.22984494115780196,-0.13022300772891127,21.200416485468548
616.1468508969401,685.1381988889492,68.99134799200901,0.23868936950772465,23.868936950772465,0.15352210885482329,0.18599034381710186,0.14905079218731382,-0.198147082479783,Tokyo,533933082,random_forest,-0.13942247189560683,0.21542582985275768,23.015833218892414
650.9029082138817,727.9541575812203,77.05124936733857,0.2027477121894431,20.274771218944313,0.14146085819292897,0.2077186310815152,0.13795148122832554,-0.2547841924538828,Tokyo,533933083,random_forest,-0.8891607855828142,-0.8093307314685763,15.183749993642172
907.9037909813815,695.4061146759041,-212.4976763054774,-0.17963049441481727,-17.963049441481726,-0.23688567270472285,-0.572861917134431,-0.23088031328802164,-0.8573383915372099,Tokyo,533933084,random_forest,-1.570035740735242,-2.01717716393833,14.65541672706604
586.0204926075269,696.9898818032206,110.96938919569361,0.2837631937812252,28.37631937812252,0.20660532284242042,0.29915685735074204,0.20178227927709147,-0.127119441218705,Tokyo,533933091,random_forest,-1.1740725983308282,-1.0276472428518086,20.047083298365276
418.1115075083426,700.5722357382662,282.4607282299237,0.7798404858064251,77.9840485806425,0.5441523107450107,0.7614718292560015,0.5233183104155583,0.6546025560525163,Tokyo,533933093,random_forest,-1.7410998460972165,-2.2025126925715357,18.3766667842865
799.561723846602,660.493505673075,-139.06821817352707,-0.0772268951579682,-7.72268951579682,-0.146330925254296,-0.37490709291724394,-0.14177031022047615,-0.6959700978746988,Tokyo,533933101,random_forest,-0.5848631478663566,-0.8873459836584139,22.099166870117188
1197.382316190167,669.9640007291415,-527.4183154610258,-0.3761818425160183,-37.618184251601825,-0.5334272557843326,-1.4218408058847434,-0.5049244105325007,-1.1670653531902277,Tokyo,533933102,random_forest,-1.4955280697709705,-1.8786469606933918,21.93624997138977
1247.2835052130233,708.0035077641718,-539.2799974488515,-0.39967087993735,-39.967087993735,-0.5450430644753248,-1.453818124423589,-0.5227409177627242,-1.2040795393708141,Tokyo,533933103,random_forest,-1.5048289566841206,-1.7812701396197492,24.15583308537801
311.226142281106,661.4948920339759,350.26874975286995,1.4684791830333808,146.84791830333808,0.8052397159875954,0.944272102097039,0.7334726155024867,1.7397641356056515,Tokyo,533933104,random_forest,-0.7058240706230289,-0.3011495642411166,26.861249923706055
1999.6979201350266,651.2072152350555,-1348.490704899971,-0.6476895900171219,-64.76895900171219,-1.0997264031288687,-3.635329025134594,-0.9796328301132772,-1.5949091228268182,Tokyo,533933111,random_forest,-1.2761163390442423,-1.4749537542456639,12.345833341280619
1016.5340175768491,623.3827862028561,-393.1512313739929,-0.3333265555650979,-33.33265555650979,-0.4576606829243785,-1.0598768515703645,-0.43827288983389057,-1.0995336982496444,Tokyo,533933112,random_forest,-1.3880822588412516,-1.6398933865668626,9.192083299160004
1531.1635295897559,686.9005716388529,-844.2629579509029,-0.521560168732488,-52.1560168732488,-0.7838791590226274,-2.2760065195351653,-0.7313380877423269,-1.3961535161777665,Tokyo,533933121,random_forest,-1.6912243583404876,-1.6968076981132076,9.902916669845581
797.4027630027632,693.8678644988631,-103.53489850390008,-0.04146640012122408,-4.1466400121224085,-0.10708744974107202,-0.2791145836437276,-0.10128460499601806,-0.6396184646656722,Tokyo,533933122,random_forest,-1.0787273414335823,-1.4816410723907627,9.652916848659515
433.2309906443668,610.3450190500761,177.11402840570932,0.5155565687064524,51.55565687064524,0.3420597344736754,0.4774729005414607,0.326154949511265,0.23814214787975566,Tokyo,533933123,random_forest,-2.3427458005209782,-2.652752642082615,6.763750036557515
355.66340137630874,607.0636722874133,251.4002709111045,0.9463243042717752,94.63243042717751,0.5907565624114892,0.6777374871394697,0.5550615876819123,0.9169488983992282,Tokyo,533933124,random_forest,-0.3775788678035093,-0.957686498825474,6.470000048478444
430.5466029800161,678.9864338228588,248.43983084284275,0.7044774745996771,70.44774745996772,0.48151607239628164,0.6697565839947782,0.46156644422370957,0.5358450063964846,Tokyo,533933153,random_forest,-1.0233555793085178,-1.15312148850124,14.25166666507721
517.1452266131239,684.4216638374774,167.2764372243534,0.4662838116286609,46.628381162866084,0.3155214213988254,0.4509522277410915,0.30205775912838223,0.160497799522939,Tokyo,533933161,random_forest,-1.14580695065321,-1.5805849869841435,12.99791669845581
1044.7400949820787,653.0071536404803,-391.7329413415985,-0.322447747939217,-32.2447747939217,-0.43942179464283493,-1.0560533540096566,-0.422394341489386,-1.0823907986210095,Tokyo,533933162,random_forest,-0.4744618789750935,-0.8472533308172289,11.709166566530863
578.5743130120328,678.8764242005286,100.30211118849589,0.2833999317713593,28.339993177135934,0.19350303409372785,0.27039947310045725,0.18847553837003972,-0.12769187198393084,Tokyo,533933164,random_forest,-0.2940876623079179,-0.5279500562803936,10.568333288033804
225.07932905168,659.3605001687033,434.28117111702335,2.43072977678735,243.07297767873501,1.147618662381304,1.170757010555937,1.006193866083392,3.2560852172538723,Tokyo,533933171,random_forest,2.9595825859838287,2.5518558394192983,14.43624997138977
663.0406171915002,722.9217866598469,59.881169468346634,0.19670196528209283,19.670196528209285,0.13047174695125718,0.16143066662326883,0.12798873631951088,-0.2643111218727163,Tokyo,533933172,random_forest,1.6867176596329094,1.5975288276262942,15.623749931653341
1062.015402148772,670.5369223696156,-391.47847977915643,-0.2815447702015592,-28.154477020155923,-0.417705299904293,-1.0553673637389298,-0.39497830218219243,-1.0179356059213245,Tokyo,533933173,random_forest,-0.10533944053347263,-0.4899633502440611,14.599166790644327
1878.8745782670778,686.3748997706072,-1192.4996784964708,-0.6141218335767654,-61.412183357676554,-0.9892813864496888,-3.2148005751537347,-0.9022487345766469,-1.5420128221287075,Tokyo,533933174,random_forest,-1.0322190895467678,-1.401872561348454,15.423749883969625
533.9089772653036,645.7561550259132,111.84717776060971,0.31267566109925066,31.26756610992507,0.22339048107093154,0.30152324388672297,0.21761979623459535,-0.08155897703052031,Tokyo,533933181,random_forest,-0.9566106600981202,-1.0890305055176457,12.288333336512247
401.1426116816304,686.9005633172724,285.757951635642,0.8485794130067162,84.85794130067161,0.5648882067777815,0.7703606498504675,0.5378308359797171,0.7629218287245721,Tokyo,533933182,random_forest,-1.1302915708309837,-1.7105520850247666,12.397500038146973
535.1784863152621,650.2708353466228,115.09234903136064,0.3006953884472287,30.069538844722867,0.21476708598960234,0.31027173971930555,0.20870336073119192,-0.10043757279764252,Tokyo,533933183,random_forest,-1.0669628835612697,-1.4517450437384927,13.37791665395101
372.4052905159696,666.5313027297469,294.12601221377736,0.9482230315546372,94.82230315546371,0.6067012818512407,0.792919688183651,0.5729394438056833,0.9199409258669095,Tokyo,533933203,random_forest,0.5764696041631182,0.6085488191075825,30.733750104904175
218.8822219982079,733.8097035253292,514.9274815271214,2.9978970978490356,299.78970978490355,1.266757286551396,1.388167387904879,1.0777206334895555,4.149831369586898,Tokyo,533933243,random_forest,-1.0819788769427239,-0.7561943829853889,17.825000087420147
895.781968630023,719.118801152751,-176.66316747727208,-0.14852139151335844,-14.852139151335843,-0.20386859574232366,-0.4762574469877274,-0.19900095783463367,-0.8083164539392097,Tokyo,533933271,random_forest,-0.9158496813028082,-1.2375631584727673,15.088750004768372
312.6247782721543,709.0151105967007,396.39033232454636,1.4094486669252009,140.9448666925201,0.8432246372970967,1.0686089827286298,0.7844942527343312,1.646743443681512,Tokyo,533933272,random_forest,1.1007946508725446,0.6824019528234804,15.788750052452087
704.2536612583204,663.6769336947101,-40.576727563610476,0.050459181781863906,5.045918178186391,-0.01711270842080818,-0.10938878178467988,-0.018207387023304697,-0.4947615025736625,Tokyo,533933273,random_forest,-1.1068715489298833,-1.2257256031563386,14.56708331902822
347.6066194031974,704.9266717315983,357.3200523284009,1.5515777309975303,155.15777309975303,0.794407782490887,0.9632813580190037,0.7123660515738942,1.8707113971093556,Tokyo,533933293,random_forest,-0.9440725694384942,-0.7323486545729028,19.304166595141094
539.4132260304659,730.5546217049227,191.1413956744568,0.6618213772582503,66.18213772582503,0.3935117449091266,0.5152885823203598,0.3673900004500084,0.468627235807941,Tokyo,533933294,random_forest,-1.132685844541538,-1.128832143263129,17.238333384195965
308.24102500849926,627.0697292794453,318.82870427094605,1.1516265650399728,115.1626565039973,0.70759202601801,0.8595144471301346,0.6624577768350073,1.2404656082184313,Tokyo,533933302,random_forest,0.7858584484098959,1.1868991624564371,45.71625026067098
231.7573871752589,609.6451843795724,377.8877972043135,1.8206731271066896,182.06731271066894,0.9969269042147855,1.0187289185081319,0.9071852782339257,2.2947537668863958,Tokyo,533933304,random_forest,-1.1425510243237238,-0.3467906055134199,39.493333180745445
778.0808542350848,643.6015507428641,-134.4793034922208,-0.08717138381165941,-8.71713838116594,-0.15012637817496144,-0.36253606605424715,-0.14513854563166773,-0.7116406912624114,Tokyo,533933313,random_forest,-0.45595662869688364,-0.3821818963381544,28.428333282470703
717.2119336310628,674.1564084278212,-43.05552520324158,-0.0032302285232259273,-0.323022852322592,-0.03672746528650991,-0.11607124906016215,-0.03570517439047227,-0.5793656433612172,Tokyo,533933323,random_forest,1.5474650142086852,1.037195659501607,21.15166672070821
239.84377704173065,689.7266157068957,449.8828386651651,2.0308846179509454,203.08846179509456,1.0739250742944002,1.2128167701613748,0.9683841825845437,2.6260064751111156,Tokyo,533933324,random_forest,-0.5940897769075165,-0.03287623634020233,21.275416771570843
543.1955356040564,667.4362239130387,124.24068830898229,0.3140594504667678,31.40594504667678,0.23915604685947933,0.33493429259184,0.2343059411594091,-0.07937839225962287,Tokyo,533933332,random_forest,0.37032319069188785,0.1084726855655272,22.65750018755595
346.01479714674156,681.0882112945316,335.07341414779,1.2084725276778063,120.84725276778063,0.7119219880903103,0.9033077525682778,0.6597844407744181,1.3300438658093776,Tokyo,533933341,random_forest,0.9763620812486196,1.1457274114709903,22.768750031789143
514.1745766680791,708.2134217415472,194.03884507346802,0.8540393648400078,85.40393648400077,0.4437908515393019,0.523099672052614,0.4018630177523253,0.7715256582502109,Tokyo,533933384,random_forest,-0.9659987867914427,-0.8708590486945686,18.987083276112873
408.16381579621094,730.2858416410498,322.12202584483884,0.991596633942005,99.15966339420049,0.6304895417012463,0.868392748970237,0.5948007292714477,0.9882893458251821,Tokyo,533933391,random_forest,2.157503350934758,2.0853767814975486,18.972916682561237
210.60187938428058,657.2850081695402,446.6831287852596,2.4485857780254676,244.85857780254673,1.1674943409996692,1.2041908314313832,1.0237363512644018,3.284222826403758,Tokyo,533933402,random_forest,0.36368857838070223,0.7841625982541992,26.06583309173584
567.6671370993491,628.5764782976349,60.90934119828588,0.22416960294989477,22.416960294989476,0.14552580513362087,0.16420246365463823,0.14137084102265507,-0.2210274301513351,Tokyo,533933403,random_forest,0.04670062785452232,0.4284652800276674,21.411666711171467
310.3734945328467,680.337985704837,369.9644911719904,1.4665305231785144,146.65305231785143,0.8298056381862752,0.9973688718354596,0.7616272454151822,1.7366934240487293,Tokyo,533933411,random_forest,-0.5408349098936107,0.012788673407053254,26.205000082651775
282.27836220285917,640.9368183398805,358.65845613702123,1.5417301646415333,154.17301646415333,0.854263875193789,0.9668894942821226,0.7803095719441105,1.8551935345427302,Tokyo,533933412,random_forest,-0.23396872058487697,0.2970171981250944,32.83666650454203
597.7793455602001,670.7438464039632,72.9645008437631,0.2557463246196524,25.57463246196524,0.1599892146435887,0.19670136898827598,0.1532582347799435,-0.17126861569282834,Tokyo,533933413,random_forest,-1.4493298768215297,-0.7463922629678256,29.236249923706055
400.79538799283154,620.1367397104162,219.34135171758473,0.7302173566386977,73.02173566386976,0.4712487477076525,0.591311441312708,0.4469522115345987,0.5764060889546571,Tokyo,533933414,random_forest,-0.28005989211395205,0.29041675943602474,42.892083485921226
402.3244240911418,620.0975254608773,217.77310136973543,0.6732013540389636,67.32013540389636,0.46141835622333244,0.5870836731957324,0.44284386299901723,0.48655988122616234,Tokyo,533933431,random_forest,-1.132153890816202,-0.5130344764685082,32.1175000667572
298.75875649641574,705.250397550724,406.4916410543082,1.732322931583121,173.23229315831213,0.9062867485512447,1.0958405985519457,0.8174185531391962,2.1555309231596995,Tokyo,533933433,random_forest,-0.6200142675275696,-0.02471653689554638,29.502083381017048
162.66226983464873,532.0471289029642,369.38485906831556,2.5494386474614688,254.9438647461469,1.1986974816413898,0.995806270474744,1.047927414438789,3.443147469384674,Tokyo,533933443,random_forest,-0.6477257787791111,0.05076402575464965,54.58250013987223
334.3132555900589,658.1230073136181,323.80975172355915,1.1330450779154808,113.30450779154808,0.7054559521888183,0.872942605228859,0.662201585310558,1.211184773435755,Tokyo,533933444,random_forest,0.8265172580020739,1.153039466242495,34.97208333015442
518.563291801296,692.7701456186819,174.2068538173859,0.4623194427711746,46.231944277117464,0.3282113647770759,0.4696355931550151,0.31793034257600444,0.15425071990245803,Tokyo,533933452,random_forest,3.039625806202299,2.3637438045131245,22.090416590372723
489.09351356886845,700.2657314494686,211.17221788060013,0.5316331726789877,53.163317267898755,0.3863685150507166,0.569288679687516,0.3746376208254709,0.2634757706211698,Tokyo,533933483,random_forest,-2.275621432317964,-1.4888289505248018,27.09000015258789
914.7036823311176,613.6684075173349,-301.0352748137827,-0.26775451972381253,-26.77545197238125,-0.3633932940447549,-0.811546025599851,-0.3495584674543919,-0.9962048346894357,Tokyo,533933503,random_forest,-0.4893932292308762,-0.7750016452731211,10.705416679382324
226.28629352524715,687.9121633133446,461.62586978809753,2.3857496775544274,238.5749677554427,1.1404752008163812,1.2444742237345692,1.001331031829474,3.185205268554201,Tokyo,533933504,random_forest,-0.6487887520616594,-0.678275523034658,10.232916633288065
293.34873553669274,670.6547681779742,377.30603264128155,1.5046129286658514,150.46129286658513,0.8534582577725583,1.017160568356292,0.7835740207611291,1.7967039396619724,Tokyo,533933511,random_forest,-0.34006952525856726,0.22815292401348602,24.06083329518636
3433.2599048910165,665.3113628785968,-2767.9485420124197,-0.7898104003486136,-78.98104003486135,-1.6093506031722005,-7.461974812502059,-1.3145339762651895,-1.818864069953272,Tokyo,533933513,random_forest,-1.8636801685001156,-1.6912110428001361,13.141250014305115
1369.4153120950086,684.4784327360239,-684.9368793589847,-0.4596878696398948,-45.96878696398948,-0.6639427268932167,-1.8464872682259468,-0.6258840280139971,-1.2986547231470076,Tokyo,533933514,random_forest,-2.1280004447021184,-1.8341962792501392,14.787916620572409
1688.171771345366,684.0168496663379,-1004.1549216790282,-0.5556577975423906,-55.56577975423907,-0.8813147679296213,-2.7070513124391984,-0.8083756610817717,-1.4498847933879633,Tokyo,533933523,random_forest,-0.5709816505620774,-0.2214484795433508,18.5295832157135
414.3695056967324,693.7786767251673,279.40917102843497,1.0951508064604802,109.51508064604802,0.6134865263328512,0.7532452879634879,0.5622790258811934,1.1514707207202841,Tokyo,533933524,random_forest,0.3408502922379439,0.6227122202504625,17.15708331267039
319.350942814547,645.1652539596441,325.81431114509707,1.1561036488597154,115.61036488597153,0.7285068510890246,0.878346597278077,0.6859272543902873,1.2475206275909811,Tokyo,533933542,random_forest,0.5867604987580501,0.734071955575233,33.24083344141642
308.67634166946436,671.8643417611221,363.1880000916578,1.4875306550960037,148.75306550960036,0.8345659350093407,0.9791004665558503,0.7640195252763257,1.769785575875475,Tokyo,533933544,random_forest,1.2729955157186623,1.3537755773294038,27.933750073115032
258.2508981765944,669.5878981627696,411.3369999861752,2.0341509853084627,203.41509853084628,1.0088322477153586,1.1089029607159608,0.8971366695979763,2.6311536391833026,Tokyo,533933551,random_forest,-0.8184952984640728,-0.29322466649931433,25.129583438237507
401.1227635523156,676.2591442299353,275.1363806776196,0.9940210575360955,99.40210575360955,0.5935303155114954,0.7417264849608479,0.5515972336665437,0.9921097691436266,Tokyo,533933562,random_forest,-0.27750836821138286,-0.19352265340953942,22.231666684150696
626.7404439324117,659.0446680388311,32.30422410641942,0.16192357537143345,16.192357537143344,0.08717343023903316,0.08708735114138622,0.08364320472603241,-0.3191151470919495,Tokyo,533933563,random_forest,-0.6175333931653887,-0.2986075007441441,26.75291649500529
264.6944297819888,719.4265218370284,454.7320920550397,2.143778928659384,214.37789286593832,1.0611932626987544,1.2258896312010445,0.9416186845516222,2.8039061037905015,Tokyo,533933564,random_forest,-0.37872869604582654,-0.35955406288611796,18.64708336194356
570.0042395276056,668.968932234029,98.96469270642335,0.2428164834327483,24.281648343274828,0.18154198746819408,0.2667939931301742,0.17763276839655973,-0.1916435480662959,Tokyo,533933571,random_forest,-1.7687862642367487,-2.0705650933783373,23.475416501363117
551.2871657386073,685.2646630696844,133.9774973310771,0.43563674549196035,43.56367454919604,0.2791645029083286,0.3611832717813846,0.26600419433355454,0.11220394262600254,Tokyo,533933573,random_forest,-1.0749199426625042,-1.225117626660746,14.174583276112875
698.0843295825952,699.4606401621004,1.3763105795052606,0.09987582128307765,9.987582128307764,0.03964616499460712,0.0037103272414817415,0.039404351077140194,-0.41689042330773557,Tokyo,533933581,random_forest,-1.8278841869735296,-1.9551593236443738,20.286249955495197
372.0942046133711,684.7635429664764,312.6693383531052,1.047509724561314,104.75097245613142,0.6574224105330471,0.8429097188838153,0.6183718587779073,1.0763975772947103,Tokyo,533933582,random_forest,-0.5862044854575252,-0.9420443992338786,21.929166714350384
197.62836333960624,697.3135264934081,499.68516315380185,2.8163825541715375,281.63825541715374,1.2838776900923679,1.3470763798678744,1.1121723952498839,3.8637995074186526,Tokyo,533933583,random_forest,3.131855591731774,3.024139932770375,13.836249987284342
620.0329477229991,716.3856040248842,96.35265630188502,0.23286993444897328,23.286993444897323,0.16933426444541225,0.2597523340949117,0.16619194677098648,-0.20731738813627776,Tokyo,533933584,random_forest,0.13669777553267234,0.34019560156184747,21.25499987602234
348.1998196761834,659.3358118048492,311.1359921286658,1.1044454236306762,110.44454236306763,0.6767086188765331,0.8387760470572093,0.6335998084308484,1.1661172421695825,Tokyo,533933593,random_forest,-0.8937862390736036,-1.0377687913537343,23.522916793823242
654.0257992831541,692.9813197720827,38.95552048892845,0.21537391911816514,21.537391911816513,0.10666225711483779,0.10501825026160032,0.10242731737229371,-0.23488772902580282,Tokyo,533933601,random_forest,0.12533038589918932,-0.7312014657543859,8.946666638056437
403.92412028858735,702.2513309096107,298.32721062102337,1.166074069937778,116.60740699377781,0.6357168706971862,0.8042454900261959,0.5790966855912039,1.2632320854707793,Tokyo,533933603,random_forest,-0.7696417114321871,-1.2142601793194692,10.960416674613953
2356.927442429419,643.7847466325803,-1713.1426957968386,-0.6850068991623158,-68.5006899162316,-1.246569754795897,-4.618376191691691,-1.0720469859902784,-1.6537139943795494,Tokyo,533933612,random_forest,-2.5475415952630756,-2.8056907816263,7.993333339691162
1473.2718107718895,650.7559796756906,-822.5158310961988,-0.35688556285596235,-35.688556285596235,-0.6678149886463881,-2.2173795218251184,-0.6020927376383743,-1.136658143430268,Tokyo,533933621,random_forest,-1.4952723913452135,-1.9384974181940033,11.06041661898295
359.556693163259,687.4872308616444,327.9305376983854,1.1539437498921277,115.39437498921278,0.6831929764396788,0.8840516271940975,0.6340014665720064,1.2441170439922364,Tokyo,533933622,random_forest,-0.20484122192706905,-0.015075806868112454,12.195000012715658
758.1930021551724,654.7542993591142,-103.43870279605824,-0.07043796872499311,-7.0437968724993105,-0.11601859075198835,-0.2788552544191804,-0.1125548883953185,-0.6852720610650577,Tokyo,533933631,random_forest,-0.38757502175273295,-0.11909148978993721,21.44458317756653
643.4927928507424,666.1976929816681,22.704900130925626,0.23641199550653705,23.641199550653706,0.10947387891603562,0.061209011051254404,0.10375243889068185,-0.20173578404173936,Tokyo,533933632,random_forest,-0.12483122639619464,0.3011224804128601,23.427083174387615
455.09824256007556,717.6047828436298,262.5065402835542,0.7554633867507502,75.54633867507502,0.4952672324140804,0.7076783263784207,0.47070161929169724,0.6161889562610698,Tokyo,533933633,random_forest,-0.3228643750243027,-0.16649705317380764,19.102083285649616
574.4718280565511,719.778874187467,145.30704613091586,0.38017958609172847,38.017958609172844,0.267761316149087,0.39172603892399377,0.259505088622497,0.02481417069680176,Tokyo,533933634,random_forest,0.08421852598539312,0.3486598378652954,19.49875005086263
580.4974279733214,715.2008794045692,134.70345143124777,0.42992422900664345,42.992422900664344,0.2622147716703917,0.36314033533523515,0.2486056294757472,0.10320211999042854,Tokyo,533933641,random_forest,1.7648241883164502,1.379661233841216,19.243750015894573
442.42376561981956,685.8207310220895,243.3969654022699,0.7632438949188539,76.32438949188538,0.49124656258172944,0.6561617738567856,0.4651438588290508,0.6284495343659957,Tokyo,533933642,random_forest,4.535742025495598,3.97560297843032,20.35291663805644
726.6746729798983,699.2947915691253,-27.379881410772963,0.04201874416222214,4.201874416222215,-0.009079323707192,-0.07381206057679827,-0.007882283836314273,-0.5080620020319896,Tokyo,533933643,random_forest,-1.239797679981416,-1.035142870222157,16.68458350499471
720.7502306695368,677.0805216038267,-43.66970906571013,0.08434849485987539,8.43484948598754,0.0053349776981097925,-0.11772699678900304,0.005919322407676865,-0.44135849072173705,Tokyo,533933644,random_forest,-0.7227356281586939,-0.6598593100423915,18.367083350817364
674.0978301121617,670.9990995259502,-3.0987305862114645,0.12822998227652566,12.822998227652564,0.04346111689249821,-0.008353713674253674,0.04176790369578631,-0.3722097420528839,Tokyo,533933651,random_forest,-0.21651565529108044,0.030166585894556872,23.519999901453655
542.8929976225298,671.4227992093231,128.52980158679324,0.3598863008971571,35.98863008971571,0.2477249753386442,0.3464970997615587,0.24028828629721743,-0.007164127218695199,Tokyo,533933652,random_forest,-0.7221082960217804,-0.11082288010806694,23.83958335717519
1444.2159800108586,701.6708794087111,-742.5451006021476,-0.46008002339709186,-46.008002339709186,-0.6691978477748662,-2.0017904067723706,-0.6311452077071603,-1.299272681725724,Tokyo,533933653,random_forest,-0.4528327116880892,-1.0243407202571266,17.22291660308838
725.4760618709943,706.1864614560365,-19.289600414957665,0.14273907549951,14.273907549951003,0.04981680128578925,-0.052001874404425795,0.04577404604105329,-0.3493462134955446,Tokyo,533933654,random_forest,-1.045332706574807,-1.3092986402860682,15.805833339691162
467.5008593576196,685.1328460558403,217.63198669822074,0.5821188368662431,58.21188368662431,0.4134568651475556,0.5867032491710316,0.3989286364213334,0.34303142631528427,Tokyo,533933661,random_forest,0.6796329802238242,0.8744472490926516,19.53666667143504
920.4664829109064,698.1407296270222,-222.32575328388407,-0.1778449279797568,-17.784492797975677,-0.24654469094723316,-0.5993569410682512,-0.23895797999800858,-0.8545246837091867,Tokyo,533933663,random_forest,-0.6360465309725176,-0.4882192856119225,17.861250162124634
274.37969282877015,678.6168944896966,404.2372016609265,1.928521856203855,192.85218562038548,0.9773737665680314,1.0897629675142328,0.8734329203283345,2.464702533476414,Tokyo,533933673,random_forest,-0.5817038258516491,-0.9196931677138368,10.647500038146973
201.9441325381376,698.2377411243101,496.29360858617247,2.7162273654513878,271.6227365451388,1.2683304534496782,1.3379332565855042,1.1052667439218615,3.705974274492219,Tokyo,533933684,random_forest,2.1444493673328258,2.2487872739184924,14.980833411216736
1209.6496446680173,657.962324309623,-551.6873203583945,-0.4048278515736025,-40.48278515736025,-0.5730695791698627,-1.4872664091862378,-0.542824392912833,-1.2122059306250978,Tokyo,533933691,random_forest,-0.6623651769420817,-0.8561263670923466,33.53208327293396
489.2711859816806,669.9826917836585,180.71150580197795,0.5664373665126013,56.643736651260134,0.3726630094602772,0.48717116093613727,0.35565841796552594,0.31832045783907437,Tokyo,533933692,random_forest,-0.7310589260740501,-0.6346453279269345,36.72416687011719
955.2311961835902,656.3003783650648,-298.9308178185253,-0.2682090782929945,-26.820907829299454,-0.3556578064244544,-0.8058727246499763,-0.3440234977936774,-0.996921131198649,Tokyo,533933693,random_forest,-1.3023018856082866,-1.4391737673506448,33.27250027656555
633.4969348118279,645.9018286302761,12.404893818448189,0.10244883605365525,10.244883605365525,0.04352397693784101,0.03344173629677525,0.04313086638779886,-0.4128358489948237,Tokyo,533933694,random_forest,-1.0403132707322122,-0.8696563434613812,36.59666665395101
636.9108829596819,714.0990150008206,77.18813204113872,0.44575671932901934,44.57567193290194,0.21167894231582676,0.2080876462740527,0.19191444827884796,0.12815106676857746,Tokyo,533933701,random_forest,-0.3682729404029271,-0.6098943682190295,15.141666611035665
710.6170955669439,693.20759640397,-17.40949916297384,0.13254026367058372,13.254026367058373,0.04252480455561103,-0.046933402944672055,0.041456715592740355,-0.3654175710861207,Tokyo,533933702,random_forest,-0.10689125998115151,-0.7465308496142595,16.724166711171467
507.13669459378735,704.6310188633871,197.49432426959973,0.8561110369099211,85.6111036909921,0.44388910342655546,0.5324151265617187,0.4006515694192952,0.7747902132988249,Tokyo,533933703,random_forest,3.262109479945326,2.9628582375269166,17.856666525204975
722.9621027342992,728.3808705801274,5.418767845828285,0.15893813125746387,15.893813125746385,0.06226272262526241,0.014608186737087558,0.06026957381422344,-0.3238196303912886,Tokyo,533933704,random_forest,-0.6212704630369077,-0.46932573951025436,19.03500012556712
480.59220147974526,646.4455457853343,165.85334430558896,0.6565667135560503,65.65667135560504,0.3890443040434112,0.4471157823178866,0.36204980134287107,0.4603469007264802,Tokyo,533933711,random_forest,-0.6360125062266045,-1.243698403642626,13.21624986330668
902.264162894839,713.3009353370521,-188.963227557787,-0.06949480978168593,-6.949480978168594,-0.16957830310092356,-0.509416567224238,-0.16005227081429457,-0.6837858247370524,Tokyo,533933713,random_forest,-0.47505404028831033,-1.1016987163167653,15.286250114440918
451.30360895170855,679.1445632307658,227.8409542790572,0.814332969300419,81.43329693004189,0.4848255943313117,0.6142250971366251,0.45248587230175574,0.708956047980544,Tokyo,533933724,random_forest,-0.394579735709746,-0.7668451657944158,13.756250063578287
481.2499548023181,693.438668503051,212.18871370073285,0.5418401602449854,54.18401602449853,0.38737719583941116,0.5720290002143308,0.37439069764042393,0.2795600115942658,Tokyo,533933731,random_forest,1.4392903016086873,1.2883257956999217,16.725416739781696
666.8437603686635,693.2986883121295,26.454927943465957,0.16133596427607486,16.133596427607483,0.0791192114688204,0.07131852452617383,0.07619922652958439,-0.3200411086839571,Tokyo,533933734,random_forest,-0.4018889814888439,-0.5445060008478452,19.22583317756653
643.9349794086769,706.4305736723121,62.49559426363523,0.28282286115737315,28.282286115737318,0.16855177879802644,0.16847876440237008,0.16184166626164445,-0.12860122381313907,Tokyo,533933742,random_forest,-0.22773447105082456,-0.29307870916255124,16.56166668732961
286.39238984852585,652.9394634498483,366.5470736013224,1.4185022353539958,141.85022353539958,0.8453415366573352,0.9881560257694751,0.785734761773802,1.661010118871776,Tokyo,533933743,random_forest,-0.5988226924986196,-0.954547156952642,11.420416633288065
341.6175423773329,677.5250224755504,335.9074800982176,1.380401216428418,138.0401216428418,0.7591915108396704,0.9055562694823717,0.6925808533369602,1.6009702720749623,Tokyo,533933744,random_forest,-0.35584518991991076,-0.1759571008298019,16.732500076293945
853.5214913020641,639.2543452562463,-214.26714604581773,-0.1403200941497387,-14.03200941497387,-0.23081684561335922,-0.5776321426041229,-0.2193202093009515,-0.7953927933355747,Tokyo,533933751,random_forest,0.12678990259866915,-0.3300810848198765,21.606250007947285
953.9825071375602,709.0330003408453,-244.94950679671499,-0.13488999475998634,-13.488999475998634,-0.2406220655814054,-0.6603471929875522,-0.22957134645737975,-0.7868360054950967,Tokyo,533933752,random_forest,-0.7584493691736061,-1.3663439462457687,24.305833379427593
683.4139804176848,682.5048492304627,-0.9091311872221439,0.17112908452887401,17.1129084528874,0.055141705747843196,-0.0024508815526532723,0.051299670331856284,-0.30460904265996636,Tokyo,533933753,random_forest,-0.2699067827334481,-0.3735686707814533,33.77541653315226
488.6749479403923,629.3250804804633,140.65013254007093,0.608919317886824,60.8919317886824,0.3255948801735443,0.37917169718264815,0.29837138439792815,0.3852638080187662,Tokyo,533933754,random_forest,0.37380688472312834,0.694958913703737,40.03083340326945
854.0626853106186,651.9873234008928,-202.07536190972573,-0.16508254611748777,-16.508254611748775,-0.2295458741217307,-0.5447649181011563,-0.22301277214938456,-0.834413634887375,Tokyo,533933761,random_forest,-0.8534543844403575,-0.7671931240489277,29.202083349227905
649.2017462601744,690.2761775909679,41.07443133079334,0.3403611369210131,34.03611369210131,0.16278800094002377,0.110730516617693,0.15095379927972088,-0.0379320144528967,Tokyo,533933762,random_forest,-0.800497517951002,-0.911842957602414,21.351666649182636
554.1333343827798,643.8407545252787,89.70742014249889,0.32787578207477985,32.787578207477985,0.20140369146334905,0.2418377724288138,0.19345128429860806,-0.05760652220388158,Tokyo,533933763,random_forest,-0.8159634856261078,-0.19261662960110945,34.473333517710365
431.009132938715,658.6366607276419,227.62752778892687,0.6196334770856686,61.96334770856686,0.44121374607235847,0.613649731276494,0.42570310521605365,0.4021472535274496,Tokyo,533933792,random_forest,1.6850552147450721,1.6635860774835365,29.327083269755047
347.13306591759806,670.9786897785438,323.8456238609458,1.205214580336665,120.52145803366649,0.7216417721866316,0.8730393111399649,0.6711850271519407,1.324909970056713,Tokyo,533933793,random_forest,-0.3802241778291679,-0.12057950645084589,26.326250076293945
389.66606020460523,706.3889972374737,316.7229370328685,1.143753419338162,114.37534193381622,0.6776253934603491,0.8538376139618046,0.6289463889303807,1.2280590512528804,Tokyo,533933794,random_forest,0.11839102223269722,0.2733112926455643,22.387083292007446
1321.9240708525347,675.6949535713183,-646.2291172812163,-0.4157924515970393,-41.57924515970393,-0.6117265890911469,-1.7421369375429083,-0.5749058187785033,-1.2294840225018888,Tokyo,533933801,random_forest,0.8966621522644888,0.5748098820022888,23.71375012397766
583.2203134287385,696.047029779103,112.8267163503646,0.3099445150513082,30.994451505130815,0.20519569529226522,0.30416393325420327,0.19887845611865285,-0.08586273569425797,Tokyo,533933802,random_forest,0.7210425795357671,0.7156883257854502,22.02958329518636
862.2790902435687,680.5671633097874,-181.71192693378143,-0.13416395482020158,-13.416395482020159,-0.19500412573799528,-0.48986814651014826,-0.19053770870495282,-0.7856919067811439,Tokyo,533933803,random_forest,-0.3897871885225996,-0.19198784135078803,32.81499965985616
1142.3545363863288,654.71141653242,-487.64311985390873,-0.352558202099208,-35.255820209920806,-0.5054817982488876,-1.3146128342379648,-0.47973405042233014,-1.129839058686693,Tokyo,533933804,random_forest,-0.9857109109565747,-0.5707666820163699,33.02250003814697
574.9637131612286,709.116394598339,134.15268143711037,0.48626254909398864,48.62625490939886,0.29102278529048337,0.3616555419001855,0.27318156486499384,0.19198043097054016,Tokyo,533933811,random_forest,1.2145528118292985,1.2590456455928434,16.484999974568684
598.0104567188852,737.6746085244839,139.66415180559878,0.43783845648312564,43.78384564831256,0.2858951539068582,0.37651364075761995,0.27412674920645747,0.11567341389811289,Tokyo,533933813,random_forest,-0.382853422584688,-0.47201594012227877,17.137916405995686
770.662870295699,739.2070361738262,-31.455834121872723,0.15729968771823624,15.729968771823623,0.020691969575554154,-0.0848002187761061,0.01684328054148616,-0.3264015009515643,Tokyo,533933814,random_forest,-0.5338335724092851,-0.7232830848781494,17.682083408037823
412.3537005545673,693.3005513613472,280.94685080677993,0.8637122477061983,86.37122477061983,0.5611853421536788,0.7573906424025418,0.5320485299479984,0.7867682533761835,Tokyo,533933822,random_forest,2.3344782260077745,1.9268500274374467,15.00083323319753
850.6613342933948,710.5660581339877,-140.09527615940712,-0.07957047840752601,-7.957047840752601,-0.13792133650814398,-0.37767588746139547,-0.13559538800473983,-0.6996631324240864,Tokyo,533933823,random_forest,-0.6150605792304633,-1.2202891650598833,16.69541660944621
815.5483560393382,710.5633517269844,-104.98500431235391,-0.049302984327865264,-4.930298432786526,-0.10051170983613733,-0.2830238517727798,-0.09728034446388978,-0.6519674077765141,Tokyo,533933824,random_forest,-0.3033637459330011,-0.6230317391248281,19.215416709582012
530.0885936055003,690.0137984068866,159.92520480138634,0.42395188957370616,42.395188957370614,0.2929406499974017,0.4311344058602169,0.28201695378457653,0.09379086657296662,Tokyo,533933832,random_forest,3.0051661758949866,2.609774929321899,17.226249933242798
354.5431537518171,641.9438451989914,287.4006914471742,1.3437281534913919,134.3728153491392,0.685183471658005,0.7747892304079067,0.6131847052316236,1.5431806081132242,Tokyo,533933833,random_forest,-0.31404109760355653,-0.059558798700973026,30.31666700045268
1056.109510048643,668.3216779527016,-387.7878320959415,-0.3065842656649694,-30.65842656649694,-0.4208890141572625,-1.0454179302014313,-0.40367844402533765,-1.0573930145126582,Tokyo,533933834,random_forest,-0.8625598160289593,-1.3069756015117269,23.473750193913776
400.49535811237166,674.8358671046047,274.3405089922331,0.9199085214489542,91.99085214489543,0.5724749343579,0.7395809340663142,0.5371386266387912,0.8753227267527959,Tokyo,533933841,random_forest,-0.7383689380206138,-0.8257810505376674,14.886249979337057
290.2058739583932,680.2486954987769,390.0428215403836,1.78129802740588,178.12980274058802,0.9194404642836901,1.0514970440944416,0.8254949546377103,2.2327062148704355,Tokyo,533933843,random_forest,-0.7901194125081952,-0.4652470319441792,17.490833441416424
508.689551962498,681.198409753703,172.50885779120506,0.7772587980404292,77.72587980404292,0.42240447546507215,0.4650580501166324,0.3862585304057075,0.6505343147739728,Tokyo,533933844,random_forest,0.34957621700892105,0.4337368902450375,19.106666485468548
669.0577938604623,669.6930177818678,0.6352239214055354,0.08605260274032166,8.605260274032164,0.0341375151414951,0.0017124685773170685,0.033525658624576314,-0.43867314584245476,Tokyo,533933851,random_forest,0.032749857979521714,0.39741714828186736,28.7779168287913
463.6931221273196,706.8598545493214,243.16673242200184,0.7080183750164367,70.80183750164367,0.4774901851489835,0.6555411002157511,0.45648084939830263,0.5414247815452878,Tokyo,533933853,random_forest,-0.015424598995857176,-0.05641770648456149,18.81666672229767
307.1048912240575,673.7147214811343,366.6098302570769,1.554968938590413,155.4968938590413,0.8440233093232092,0.9883252083165671,0.7676403387688264,1.8760552852801833,Tokyo,533933861,random_forest,-0.16502378716763758,-0.07198600289988177,27.802916526794434
427.8734590577935,646.9001671237836,219.0267080659901,0.784626540757575,78.4626540757575,0.475678482976338,0.5904632091409474,0.44411004419464933,0.6621444542518652,Tokyo,533933863,random_forest,-0.5591705998598715,-0.48014874534970386,30.294583320617676
375.4315246892684,628.7930733568912,253.36154866762286,0.8571182702301451,85.71182702301451,0.5665502092403464,0.6830247983005434,0.538762241191698,0.7763774184691911,Tokyo,533933864,random_forest,-0.31128568876321283,0.18977717399882185,39.275416692097984
252.67623087712096,658.043806196132,405.367575319011,1.7561416907148193,175.61416907148194,0.9678219678743463,1.0928102856407504,0.8827032077035799,2.1930646870716495,Tokyo,533933873,random_forest,3.685514117377043,3.2828246952714104,24.1237500111262
289.7425041310749,711.8938015909462,422.1512974598713,1.696576529892251,169.6576529892251,0.9371012276253837,1.138056687434072,0.855184720470063,2.099201498341708,Tokyo,533933874,random_forest,-0.8661790698136552,-0.8686163835146294,19.805833379427593
376.0062616355033,632.729958711489,256.7236970759857,1.1147033618011288,111.4703361801129,0.6052284299703629,0.692088646980641,0.5525029121976701,1.1822817714544334,Tokyo,533933883,random_forest,-1.1808699505147602,-0.9588657169261484,24.231250047683716
535.0585065764398,712.5984583988562,177.53995182241655,0.5553817755541796,55.53817755541795,0.3560118137923733,0.4786211262975701,0.3380410665983118,0.3008989818232117,Tokyo,533933884,random_forest,-0.4524165662322415,-0.19199208297980583,24.142083247502644
317.29616188600977,671.2422451721069,353.9460832860971,1.2077380488453893,120.7738048845389,0.7569500858569246,0.9541856426797555,0.7120214640091719,1.3288864690305682,Tokyo,533933893,random_forest,-1.4505977409821829,-0.6390906907445496,28.585833470026653
394.43245901187487,681.3626409928091,286.9301819809344,0.8744601216254112,87.44601216254112,0.5798686183725658,0.773520807338317,0.5519137352471774,0.8037048267723299,Tokyo,533933894,random_forest,-1.3861811494622787,-1.3006711137774953,27.61708354949951
642.1081513718947,661.5854930847394,19.47734171284461,0.14961542202237796,14.961542202237794,0.08364546899459797,0.05250799683222218,0.08194020517467358,-0.33851041950900534,Tokyo,533933902,random_forest,-0.2325157449147017,-0.05631222048076735,35.415416876475014
542.5701235919099,641.3366753512528,98.7665517593429,0.3496000917830499,34.960009178304986,0.21931697045480703,0.26625983480533605,0.2078001038170473,-0.02337320605034804,Tokyo,533933903,random_forest,0.629191545468904,0.8789366937740984,32.00708349545797
398.16903205035777,652.2543483318465,254.08531628148867,0.8560745201125393,85.60745201125393,0.5413298367888731,0.684975967414708,0.5103607520190117,0.7747326698791962,Tokyo,533933904,random_forest,2.7919198325811174,2.6041969189675362,32.253333727518715
693.9552042370711,733.0394025935783,39.084198356507045,0.23373026069578992,23.373026069578987,0.11179182061582,0.10536514652510522,0.10604966305746562,-0.20596168013920177,Tokyo,533933911,random_forest,-0.8734848952321426,-0.5806769601015362,17.455833117167156
500.54827736175116,743.6247825904215,243.07650522867038,0.6776341584816175,67.76341584816174,0.43127320809473435,0.6552978612126326,0.40886037556619,0.4935451248527706,Tokyo,533933912,random_forest,0.5198099909813829,0.4704431597037123,15.907083431879679
801.7146915466037,682.1534959107231,-119.56119563588065,0.03927864476146928,3.9278644761469272,-0.08689025292849835,-0.32231908102559276,-0.08454804196114968,-0.5123798694504591,Tokyo,533933913,random_forest,-0.6259681789472127,-0.6220145653574048,20.333750049273174
561.7729818283636,721.8366482775674,160.0636664492038,0.40179593687214216,40.179593687214215,0.28804780308730954,0.4315076777302786,0.2793701799976185,0.05887736443178514,Tokyo,533933914,random_forest,-1.4073628747620621,-1.6809184472999479,18.27624996503194
622.95647058975,714.3999092007028,91.4434386109529,0.3121301139214799,31.21301139214799,0.19227186107539632,0.24651781827830208,0.18331326321549177,-0.08241865401285431,Tokyo,533933921,random_forest,-0.6720533913624664,-0.5913048849946133,17.05874999364217
676.5123299091142,681.0771304810628,4.5648005719486235,0.12370322399485856,12.370322399485856,0.05954232639617089,0.01230601883487717,0.0577159178343842,-0.3793430387830416,Tokyo,533933922,random_forest,-0.502876320804958,-0.4181611547151683,24.397500038146973
522.3716574500768,714.5114098877144,192.13975243763764,0.6154408860156735,61.54408860156735,0.3755837306035111,0.517980002665671,0.3535490441006375,0.3955405397800854,Tokyo,533933923,random_forest,-0.1344077262165591,-0.2686327957473353,19.734583099683125
482.8212941282495,682.103831444783,199.28253731653353,0.5258419988061418,52.584199880614186,0.3703178534883773,0.5372358811794712,0.3573706949600402,0.25434999913514894,Tokyo,533933924,random_forest,0.8474917925290327,1.015864322648629,25.272916714350384
500.3097801779314,620.3374613374554,120.02768115952402,0.30286180436960625,30.286180436960624,0.22899001930757765,0.32357665614846437,0.22540404065182243,-0.09702371973686764,Tokyo,533933931,random_forest,0.05299251383434131,0.5076334365823764,37.80499982833862
657.0289754411868,670.8441403328304,13.81516489164351,0.12739250551855447,12.739250551855447,0.05151424461496005,0.037243615944195556,0.051188153073993416,-0.3735294436688091,Tokyo,533933932,random_forest,-0.2237987826976951,0.010745704970802754,26.4375
390.9304034145082,630.2332696989528,239.3028662844446,0.9866961937901425,98.66961937901425,0.5575653394695945,0.6451246956620849,0.5127065664556274,0.9805671986424654,Tokyo,533933933,random_forest,1.0475664058291716,1.1447622468783565,29.88666645685832
857.766123777301,655.1768005279299,-202.58932324937112,-0.17017627590134046,-17.017627590134047,-0.24064958738660722,-0.5461504809152128,-0.2305085897226177,-0.8424403691971385,Tokyo,533933934,random_forest,-0.7978841881067591,-0.7065697562677115,23.945000012715656
432.900700812852,675.0834436779875,242.18274286513545,0.7757015877575472,77.5701587757547,0.49755716919209086,0.6528884117074004,0.47025382520563036,0.6480804521358822,Tokyo,533933941,random_forest,0.6500972948334742,0.48652791838118264,14.183749914169312
500.9125022875947,678.7988456872101,177.8863433996154,0.48241711093461626,48.24171109346162,0.34664034626576434,0.47955494612300714,0.33534753207889856,0.18592076315939018,Tokyo,533933942,random_forest,-0.004670354893828557,-0.061144052520075,15.127916852633158
263.97808706690563,708.2815476016596,444.30346053475404,1.8691981344331785,186.91981344331785,1.0094982431037283,1.1977756021459163,0.9154452871745423,2.371219806059454,Tokyo,533933951,random_forest,-1.672925919772462,-1.9511470834833071,22.545416434605915
958.785254442767,730.6754012232263,-228.1098532195408,-0.15399231212022596,-15.399231212022597,-0.22345863564344892,-0.6149500084167814,-0.21588677934253833,-0.8169375681334379,Tokyo,533933952,random_forest,-1.039272060832288,-1.2766567588931077,21.24416669209798
345.54181413135643,660.5396212181299,314.9978070867735,1.1527034874409037,115.27034874409037,0.6807334197917925,0.8491869219382112,0.6309780425885009,1.2421626299198782,Tokyo,533933953,random_forest,-1.4825064880405683,-0.9968380269519825,32.05333320299784
449.7191697907287,682.148783945187,232.42961415445833,0.6836964996941869,68.3696499694187,0.4464361461483091,0.6265954370810546,0.4247287499052734,0.5030982036915187,Tokyo,533933954,random_forest,-0.6725539868648003,-0.673604319431708,28.862083435058594
950.8616649998627,702.9186470395257,-247.9430179603369,-0.1986684703347388,-19.86684703347388,-0.2741248196881441,-0.6684172508534583,-0.2643988729785191,-0.887338564492852,Tokyo,533933961,random_forest,-0.9828874920857145,-0.7905969844144729,28.77750015258789
449.70551210744156,647.0989885215494,197.3934764141078,0.8719233703624648,87.19233703624649,0.4780025575595703,0.5321432558436928,0.4374729088611624,0.7997073967433215,Tokyo,533933962,random_forest,-0.4170508183405674,-0.04442552050234868,37.07708350817362
652.1089888233154,684.3310180055461,32.222029182230685,0.21918114746030207,21.91811474603021,0.11705334548312347,0.0868657659331706,0.11242708366216832,-0.22888827250657218,Tokyo,533933963,random_forest,-0.7856344258042702,-0.785764889736203,29.324999888737995
648.5109950209227,659.429519754951,10.918524734028361,0.13364193859844925,13.364193859844924,0.0587867463158146,0.029434707805574094,0.05903972877183752,-0.36368154418305715,Tokyo,533933964,random_forest,-0.23723258936261993,-0.11312083848054202,34.33250037829081
1245.0625835109997,681.4561642804553,-563.6064192305446,-0.38490140583593946,-38.49014058359394,-0.5460694035316759,-1.5193985150479465,-0.5190983827071811,-1.1808057008403987,Tokyo,533933971,random_forest,-0.5501631681497375,-0.7094469005262511,27.642500003178913
462.112982219,679.3463467114752,217.23336449247526,0.952951247238202,95.29512472382021,0.5254124487826451,0.585628623391748,0.4794918266731567,0.9273916805519227,Tokyo,533933972,random_forest,-0.5743691941346692,-0.7020046211258897,29.013333479563396
428.67548493917405,680.5255029495639,251.8500180103899,0.7423704231619167,74.23704231619166,0.5027548707666644,0.6789499379765879,0.4804683683289032,0.5955569744884747,Tokyo,533933973,random_forest,-0.39490435305582866,-0.25141865003340336,34.036250273386635
593.3805029662589,659.5116965773663,66.13119361110739,0.2387540020891653,23.87540020891653,0.14393160384812287,0.17827979586932877,0.13863620990988693,-0.19804523401490703,Tokyo,533933974,random_forest,-0.6840301032414845,-0.5787264058560683,38.71458307902018
409.4449347150153,684.5524547481879,275.1075200331726,1.3056976294186369,130.5697629418637,0.6402125451463876,0.7416486809848464,0.5683698844717984,1.4832518475887149,Tokyo,533933982,random_forest,-0.5900858680293206,-0.49100730735927595,24.645833174387615
240.9797320600932,567.2640281912437,326.2842961311505,1.8698109841248671,186.98109841248672,0.9366777732616182,0.8796136064276165,0.8350879005604637,2.372185538804563,Tokyo,533933983,random_forest,-0.8677795398256202,-0.31464393984888145,54.206666469573975
499.8526413530465,627.5376203594888,127.68497900644216,0.4440267781556701,44.40267781556701,0.28498610562019205,0.34421958458382734,0.2717235124419223,0.1254250136092573,Tokyo,533933991,random_forest,-0.5340818866300208,-0.5134408098559922,25.28958336512248
454.8163239409444,651.5016191896922,196.6852952487478,0.684410056960072,68.4410056960072,0.4318531985627599,0.5302341054608745,0.40785021380734005,0.5042226321223745,Tokyo,533933992,random_forest,-0.8001147503652415,-0.7770694761229289,28.102916797002155
1109.4125442268305,654.1438216703074,-455.2687225565232,-0.3481160820581815,-34.81160820581815,-0.48647743899303375,-1.2273363066810656,-0.46342402970340574,-1.1228391354763128,Tokyo,533933994,random_forest,-0.6169529992132151,-0.6430855878631072,34.411250273386635
302.28274496353976,671.393987104601,369.11124214106127,1.4419380243487765,144.19380243487765,0.8328448965163647,0.9950686402086983,0.768498560176488,1.6979403958167973,Tokyo,533934463,random_forest,-0.5656615580495423,-0.3614546360149439,26.244166771570843
700.907511207338,679.8397766674186,-21.06773453991932,0.06269372067873089,6.269372067873088,-0.0006413986601978191,-0.05679545775770142,0.00027947358722798615,-0.47548223231497583,Tokyo,533934464,random_forest,-0.7714285734783067,-0.8932510023966745,18.392083247502644
986.5331194371612,722.3932726161453,-264.13984682101585,-0.17376132160561283,-17.37613216056128,-0.26057269111375586,-0.7120814762414498,-0.25175838803220346,-0.8480897087926103,Tokyo,533934473,random_forest,-0.09322964220967074,-0.44348853643056485,18.791666666666668
863.0061398147413,714.8838223262911,-148.12231748845005,-0.10773302657425675,-10.773302657425672,-0.15648287866789853,-0.3993155889612951,-0.1539013079427528,-0.7440418688731343,Tokyo,533934474,random_forest,-0.05001239089825194,-0.009997820360586591,22.143750031789143
370.7496719777805,689.2650344345079,318.5153624567273,0.9821715169118193,98.21715169118193,0.6376973755321761,0.8586697245170097,0.6045716938980703,0.9734371818019647,Tokyo,533934481,random_forest,-0.7528492427106255,-1.0337141388407067,22.580833117167156
932.9328610272437,692.842607456046,-240.09025357119776,-0.1835654717368871,-18.35654717368871,-0.2673283274154647,-0.6472473738883082,-0.2579522833573083,-0.8635391557747093,Tokyo,533934483,random_forest,-0.08386632519534831,-0.3479897585462789,29.34041674931844
856.0533608550946,700.163170554887,-155.8901903002078,-0.1383944923555012,-13.83944923555012,-0.1876358802408178,-0.4202566109450035,-0.18253312534060104,-0.7923584168286494,Tokyo,533934484,random_forest,-0.3748708336566325,-0.4195256859494119,30.173750082651775
335.83462662150106,642.6271997210123,306.7925730995112,1.1245145464517243,112.45145464517243,0.69537780216183,0.8270668397133002,0.6518024642072408,1.197742303480299,Tokyo,533934491,random_forest,-0.27177707452700234,-0.034821165401018817,26.49916656812032
549.6898328488885,673.9337289447716,124.24389609588304,0.29847080654474695,29.847080654474695,0.22341994320733652,0.3349429403050088,0.21860756527375425,-0.10394308420858031,Tokyo,533934492,random_forest,0.28696601707644676,0.5324724386942731,27.27458341916402
442.89474836789555,659.9902221539313,217.09547378603574,0.956732991914672,95.67329919146721,0.5036472534938246,0.5852568906941518,0.45508679385954265,0.9333509797361105,Tokyo,533934493,random_forest,-0.8598125684963436,-0.5498672868729066,27.37625002861023
437.11537755795683,686.834830776805,249.71945321884814,1.5289885997363675,152.89885997363675,0.6216596814740514,0.6732062543171621,0.527689396015006,1.8351152892246172,Tokyo,533934494,random_forest,-0.7833967111337125,-0.7894905727717155,27.24291690190633
726.3746463299168,679.1589712164791,-47.215675113437754,0.00856579404238139,0.8565794042381386,-0.030466180551307714,-0.12728639030102748,-0.029738304070138725,-0.56077739014326,Tokyo,533934554,random_forest,-0.37154926552546363,-0.3179229514633071,21.78624999523163
543.2148060852446,674.1311622138967,130.91635612865204,0.39537337826233454,39.537337826233454,0.2677006911883811,0.35293089345740003,0.25705532822673927,0.04875665254926009,Tokyo,533934561,random_forest,-0.343355174827925,-0.20611421928942134,33.22874983151754
702.5826889489203,668.5937798449867,-33.988909103933686,0.01796388980523917,1.7963889805239173,-0.02578860394421245,-0.09162900963960084,-0.02494424612324768,-0.5459678064183227,Tokyo,533934562,random_forest,-0.45743733188202,-0.5451597720821457,29.0666667620341
337.0568741668432,664.7086144165678,327.6517402497245,1.2032276267028448,120.32276267028448,0.7179241955661553,0.8833000310180409,0.6679637852312642,1.3217789149004204,Tokyo,533934563,random_forest,-0.4048551102174605,0.09679984309461045,40.271249850591026
444.50714392375517,619.8444497009523,175.3373057771971,0.7000898780758713,70.00898780758713,0.4069902506821075,0.47268312237126325,0.37791407764775203,0.5289310017182871,Tokyo,533934564,random_forest,-0.2663382211646565,0.10539353738097652,38.45041664441427
701.5899775985663,684.0593072699639,-17.53067032860238,0.1313098951863694,13.130989518636943,0.026140054692926202,-0.04726006226373019,0.024158787739320103,-0.367356394177444,Tokyo,533934571,random_forest,-0.7640769842371756,-1.1566668374536642,22.59458351135254
962.0955699521111,639.9555365402495,-322.1400334118617,-0.2638417275462371,-26.38417275462371,-0.3764168318463778,-0.8684412946745806,-0.3593621406418616,-0.9900390299547046,Tokyo,533934572,random_forest,-0.17683123786868424,-0.2623103481556372,22.272916793823242
608.1232033972933,658.1903297309857,50.06712633369241,0.3394845237691353,33.94845237691353,0.17477327641447202,0.13497347583085778,0.16250923101263762,-0.03931338746661114,Tokyo,533934573,random_forest,-0.33734756351692263,-0.20997973244604023,30.485833326975506
892.1268784562212,669.819613751304,-222.30726470491723,-0.1848878800539877,-18.48878800539877,-0.25062655322162697,-0.5993070986277306,-0.2441728218089674,-0.8656230158656071,Tokyo,533934574,random_forest,-0.25155954169818895,-0.19443962929796402,27.52708347638448
659.1745050390399,672.2564546439148,13.081949604874941,0.09485684801907122,9.485684801907123,0.04549105877470579,0.03526697731852561,0.0446338890638312,-0.4247993557810862,Tokyo,533934581,random_forest,-0.32911520788710524,-0.31765562548612797,30.084999879201252
456.71428779373974,648.4398292230368,191.72554142929698,0.5619933763216469,56.19933763216469,0.3857688371359754,0.5168633518087689,0.370071528737111,0.3113175876336183,Tokyo,533934582,random_forest,-0.6778733586187385,-0.7484043876752795,30.72666660944621
462.1349543218327,679.2553278256503,217.12037350381755,0.82659936659231,82.65993665923101,0.46777438394890475,0.5853240166049504,0.4299958583088799,0.7282855209164919,Tokyo,533934583,random_forest,-0.5498503550426271,-0.22681551052157103,33.25875004132589
424.66999949596493,650.9694300731136,226.29943057714868,0.7116397689916294,71.16397689916295,0.45482571507746794,0.6100693800552109,0.4289560487755735,0.547131398995235,Tokyo,533934584,random_forest,1.8609490213470417,1.7538989414705295,32.41624975204468
558.8463500714532,670.0430798305038,111.19672975905063,0.3504362909300383,35.04362909300384,0.23534792815759642,0.29976973346887853,0.22576229221036892,-0.022055517702567227,Tokyo,533934591,random_forest,-0.9160091664129665,-0.741709987158101,27.320833285649616
366.8283342459435,627.7461609727203,260.9178267267768,1.8118201318941163,181.18201318941166,0.7336837281971708,0.7033953925142186,0.6192677108691468,2.280803156345138,Tokyo,533934592,random_forest,-0.5674986728119341,-0.408063864689626,28.429583231608074
619.5392377354909,601.3919526406017,-18.147285094889227,0.20128010785244763,20.12801078524476,0.048371148810107956,-0.04892236334527562,0.0396758128998613,-0.25709685342821686,Tokyo,533934601,random_forest,-0.8662044541534447,-0.26318492708233127,47.1029167175293
521.477671207647,661.7743062655754,140.29663505792848,0.612241439427478,61.224143942747794,0.3512896981466222,0.3782187209014807,0.3268928657814018,0.39049882991492246,Tokyo,533934602,random_forest,-0.9523157528768881,-0.8233387747550751,41.01708364486694
436.4582556131763,654.5852755142695,218.1270199010933,0.6933709856048978,69.33709856048979,0.4632682755305276,0.5880377845625392,0.442062713431435,0.5183433249060352,Tokyo,533934603,random_forest,-0.44614231554379596,-0.13114938786060684,39.44166652361552
728.3576760178858,675.7140584491078,-52.643617568777984,0.07043823579575587,7.043823579575587,-0.0136629531259684,-0.14191931041160577,-0.014391690957853129,-0.463278372306664,Tokyo,533934604,random_forest,-0.5805341484421699,-0.4385336741272745,35.354583183924355
356.58648938096235,652.9913490926447,296.40485971168226,0.97002054563978,97.002054563978,0.6324622809502984,0.7990631198164287,0.5998871879311145,0.9542895979793186,Tokyo,533934611,random_forest,-1.0445895385656756,-0.5922458005836588,32.229166666666664
563.0306627689152,664.7798885165247,101.74922574760943,0.3062584293578041,30.625842935780412,0.21653897149778314,0.27430067726918056,0.21089446906760687,-0.09167129479736749,Tokyo,533934612,random_forest,-0.1748098363934031,-0.09691008726093475,31.40708327293396
813.2507070212495,659.0369398565377,-154.21376716471153,-0.051311937037354705,-5.131193703735472,-0.15145585086425895,-0.4157372251897056,-0.14554461664015675,-0.655133129227045,Tokyo,533934613,random_forest,-0.8714642789098744,-0.564434207862474,30.454999764760334
361.58650380824366,666.3008539439996,304.714350135756,0.8870573451906912,88.70573451906914,0.61135343690992,0.8214642617842213,0.5866533787320469,0.8235556180176236,Tokyo,533934614,random_forest,-0.5926555280879912,-0.1320502443433493,31.982500076293945
503.5710193104772,688.4954710096672,184.92445169918994,0.45641035262113094,45.64103526211309,0.33731866394069954,0.49852863225262856,0.32810698585821735,0.14493913513853948,Tokyo,533934634,random_forest,-0.8024763504667531,-0.8649339189030847,19.37833344936371
185.4308268348086,630.5663749162551,445.13554808144653,2.6368276127449346,263.6827612744935,1.2553217451236645,1.2000187855797753,1.0994037970197623,3.5808555999099996,Tokyo,533934643,random_forest,-1.0281673904487907,-0.35410350515496314,26.53708306948344
591.0115375724795,639.7904573948477,48.77891982236826,0.20559158415749934,20.559158415749934,0.11508032983228729,0.13150066396499363,0.11096254972548895,-0.25030279951251905,Tokyo,533934644,random_forest,1.352018968017572,1.390543495422308,29.03999988238017
456.78737977492636,705.4418274642563,248.65444768933006,0.942121320326777,94.21213203267769,0.5382467614878002,0.6703351588774104,0.49737471899938507,0.9103258074881935,Tokyo,533934651,random_forest,-0.5446214895530569,-0.30120282148855954,21.862916707992554
875.3666316950493,666.5209064454242,-208.84572524962493,-0.11600068275548046,-11.600068275548047,-0.2201504606694342,-0.5630168039100902,-0.21055312899002002,-0.7570700981564243,Tokyo,533934652,random_forest,-0.48115937459653324,-0.2598998129321789,24.28250006834666
423.7712594007549,657.3676545973428,233.59639519658796,0.8642526230772063,86.42526230772063,0.5240974887093939,0.6297409040635247,0.49055141003246944,0.7876197805899692,Tokyo,533934653,random_forest,2.5542357947983207,2.3424894569702177,30.800833145777386
849.9869277018557,675.9389684266488,-174.04795927520686,-0.126918351169825,-12.691835116982501,-0.19251711031272326,-0.46920723726125924,-0.18584397009444728,-0.7742742348819023,Tokyo,533934654,random_forest,-0.5274959813862207,-0.4296469282002593,29.744999806086224
611.2573566517913,620.5044080658244,9.247051414033065,0.09901576485631558,9.901576485631558,0.039673339568129275,0.02492866601170966,0.039268506680599446,-0.41824570612052,Tokyo,533934661,random_forest,-0.9961614090377346,-0.30516494324215326,32.67083326975504
649.9036906461324,676.1552021783107,26.251511532178295,0.1728593839726824,17.285938397268243,0.09014749376881548,0.0707701443397508,0.08821546952335547,-0.30188242493560075,Tokyo,533934662,random_forest,-0.4684119496475271,-0.01740686102960144,32.367916663487755
853.9196299945265,656.888617533799,-197.03101246072745,-0.12988846852281585,-12.988846852281585,-0.2077158942129116,-0.5311661072986561,-0.20010062393620678,-0.7789545661662295,Tokyo,533934663,random_forest,-0.35009171540692896,-0.196392939738633,26.304583470026653
1028.8710692325687,649.2596988916906,-379.6113703408782,-0.22645473001670946,-22.645473001670947,-0.39190423525988666,-1.0233754136063393,-0.36566980929691506,-0.9311243429682422,Tokyo,533934664,random_forest,-0.602350131043297,-0.43309639160499597,24.84416651725769
518.8449323732718,681.6986696411653,162.8537372678935,0.6502193351653035,65.02193351653035,0.35282797266877025,0.43902929088823955,0.3226954800011041,0.4503446583484946,Tokyo,533934671,random_forest,-0.06713586789353455,0.2575617211412328,32.34250036875407
876.1562953833183,653.624353109963,-222.53194227335538,-0.17767893799029708,-17.767893799029707,-0.25469041191203323,-0.5999127957103074,-0.24483392068703558,-0.854263115545972,Tokyo,533934672,random_forest,-0.5171469677195799,-0.4882585741135692,34.16500004132589
571.8721153000689,701.5944740183463,129.72235871827746,0.39385937231757895,39.3859372317579,0.2514605501002158,0.3497120552213648,0.23942167392427338,0.04637087160334507,Tokyo,533934673,random_forest,-0.578329730964886,-0.7252839326794849,26.75458335876465
948.6865626600102,645.3042508064087,-303.3823118536015,-0.25179971131615686,-25.179971131615687,-0.36563838331363513,-0.8178732860273171,-0.3497148596710962,-0.97106313823404,Tokyo,533934674,random_forest,-0.42391806969254986,-0.48186302076721266,34.02374982833862
698.052062532002,619.7556845908714,-78.29637794113069,0.07030582968385246,7.0305829683852465,-0.047035643063858955,-0.21107531127803655,-0.04863806753963391,-0.4634870187654154,Tokyo,533934681,random_forest,-0.9832263082963224,-0.7734196988550746,36.896249771118164
623.5168305623973,637.0334557610935,13.516625198696131,0.16743745675636734,16.743745675636735,0.08180097409061671,0.0364387976336334,0.07683315036444682,-0.31042633500915784,Tokyo,533934682,random_forest,0.6000950132485999,0.7194157479008761,35.7212503751119
722.0779938236046,643.8295648028613,-78.24842902074333,-0.023273238773319837,-2.327323877331984,-0.07501879579213473,-0.210946048168269,-0.0733374509400268,-0.6109495563036283,Tokyo,533934683,random_forest,-0.33777552771530606,-0.30772501090140686,36.686666329701744
867.9991655940463,642.5129147624447,-225.48625083160164,-0.19178123347854814,-19.178123347854815,-0.2645659090490295,-0.6078771692220942,-0.2560565003278706,-0.876485609444412,Tokyo,533934684,random_forest,-0.2705978892899324,-0.06971680098838004,38.11541668574015
652.2364996799795,630.0298932876173,-22.20660639236229,0.020595070844418657,2.0595070844418655,-0.01547729906574998,-0.05986568574373847,-0.015949507669832563,-0.5418215733006313,Tokyo,533934691,random_forest,-0.571171008030166,-0.2897654741040002,35.08208338419596
335.3549918410717,647.5096216132746,312.1546297722029,1.310757066866951,131.0757066866951,0.7217097514377097,0.8415221416192179,0.6580141695947538,1.4912245438010705,Tokyo,533934692,random_forest,-0.6214775144124041,-0.23849522346965069,38.069583098093666
829.0917459357398,630.2523490726788,-198.839396863061,-0.16111530232551632,-16.111530232551633,-0.23884593917894825,-0.5360412408702231,-0.23030513410825346,-0.8281620249254252,Tokyo,533934693,random_forest,-0.9218256583661859,-0.5967104780848458,35.73624984423319
391.64789660138246,610.8830789923664,219.23518239098402,0.7579074511377174,75.79074511377175,0.49182663182043246,0.5910252247053794,0.4660114424737854,0.6200403296755627,Tokyo,533934694,random_forest,-0.40023431979873214,-0.2220966950853828,37.17666673660278
640.1725334101383,695.3877459089052,55.21521249876699,0.1730318221875812,17.30318221875812,0.10879263046110761,0.1488519452869581,0.10596617405322274,-0.3016106956145382,Tokyo,533934701,random_forest,-0.06412502282664405,0.15769162393522254,27.787499984105427
591.6714450580009,659.1264828801906,67.4550378221896,0.24485262891639292,24.485262891639294,0.15996748266769278,0.18184868163755552,0.15587750143403536,-0.18843497605585083,Tokyo,533934702,random_forest,-0.42425080681348987,-0.37354455741071246,25.382083415985107
560.8324661418332,673.7320931110543,112.89962696922116,0.38327271552098935,38.32727155209893,0.2450543588072689,0.304360489365422,0.23324442183531588,0.02968834525413541,Tokyo,533934703,random_forest,-0.33834801168757067,-0.4793159284570677,17.184999982515972
724.137760046436,694.1919518506784,-29.945808195757753,0.2136782082374861,21.367820823748612,0.06405651247167547,-0.08072941498193482,0.06095307449522142,-0.23755984185529236,Tokyo,533934704,random_forest,-0.84154582221178,-1.054518834674309,17.611666798591614
563.5994794259936,666.3030231133589,102.70354368736525,0.28426692041425544,28.426692041425543,0.20523881667533192,0.2768733755406591,0.20019067829160228,-0.12632566533744355,Tokyo,533934711,random_forest,-0.6345171230876662,-0.38584848323810933,21.146250168482464
295.2909733380307,672.7872869136871,377.49631357565636,1.4362249010459156,143.62249010459158,0.8513604866657296,1.017673537263789,0.7905153010696422,1.688937616953978,Tokyo,533934712,random_forest,-0.25864478312637595,0.015166264088896323,20.519999861717224
368.2913979840917,706.5446129863117,338.25321500222,1.188383067420869,118.83830674208691,0.700688175899305,0.911880019546651,0.6498632365888507,1.2983867566277785,Tokyo,533934713,random_forest,-0.8596569165498025,-0.7770741474911165,17.457083384195965
604.251821892172,654.5265490736203,50.274727181448334,0.18712970634950613,18.71297063495061,0.12633132427017144,0.13553313663144567,0.12391262480261352,-0.27939515311436175,Tokyo,533934724,random_forest,-0.41932175900118457,-0.12839752299450852,36.362916787465416
497.5080928699437,695.4518268955554,197.94373402561175,0.5248421669113158,52.48421669113157,0.3712316056995202,0.5336266679718839,0.35840943744557824,0.2527744571816601,Tokyo,533934731,random_forest,-0.1080143888635659,0.17371781351693025,33.255833546320595
952.7760336661546,642.4535759735115,-310.3224576926431,-0.24631119467409532,-24.63111946740953,-0.34740198621836144,-0.8365828800316796,-0.33374714230839436,-0.9624142960869361,Tokyo,533934732,random_forest,-0.38731783273259734,-0.44409768790155946,32.6587499777476
844.9177364354805,626.6723104935646,-218.24542594191578,-0.16812512897104714,-16.812512897104714,-0.2518414772588811,-0.5883569895191542,-0.2412554369490063,-0.8392081578042329,Tokyo,533934733,random_forest,-0.2738438377308215,0.06661417127050039,49.18416674931844
582.3665564224309,587.0601154103299,4.69355898789897,0.08728102513881932,8.728102513881934,0.031483233227600306,0.012653132244731457,0.030417566912802858,-0.43673738940634377,Tokyo,533934734,random_forest,-0.3853878656680666,0.03199905173487254,55.467082818349205
1185.0484146505376,601.769828391962,-583.2785862585755,-0.45496569536977116,-45.49656953697712,-0.6469780337406109,-1.5724317317578844,-0.6135249240594665,-1.2912134885627073,Tokyo,533934741,random_forest,-0.8188319029932867,-0.7956823277229303,34.6199996471405
397.07069238991295,613.608386084471,216.5376936945581,0.6374569415744894,63.745694157448945,0.4556003455916528,0.5837531990863248,0.44054280735350265,0.4302335910447611,Tokyo,533934742,random_forest,-0.31792996413098856,0.07731236319641385,37.450416564941406
959.82854804942,658.5068316210846,-301.3217164283354,-0.25867059347399435,-25.867059347399433,-0.3445987016609502,-0.8123182293025581,-0.33465638390404534,-0.9818903214367071,Tokyo,533934743,random_forest,-0.2133435928346399,0.06864366524119257,43.77624956766764
555.3251280744037,637.988602572335,82.66347449793132,0.2231783179347846,22.317831793478458,0.16585580341168157,0.22284834969114176,0.16242071037366423,-0.22258950387318083,Tokyo,533934744,random_forest,1.8837129196384808,2.0388031553668653,44.680833180745445
518.4069256316542,659.4969780546322,141.090052422978,0.44249794690438193,44.24979469043819,0.29185222915230963,0.3803576553158816,0.2787044522917199,0.12301587084368412,Tokyo,533934752,random_forest,3.7165782918029735,3.2021532292155532,30.90583340326945
989.6894093061956,648.9468307034498,-340.7425786027458,-0.29660389136059284,-29.660389136059283,-0.38960427829025734,-0.9185909710706187,-0.37792608927367427,-1.0416658722706076,Tokyo,533934754,random_forest,-0.8326227084909117,-0.7155426312530655,30.453750133514404
833.1141044237866,679.3630498560207,-153.75105456776586,-0.05111726551101566,-5.111726551101565,-0.1471170158476051,-0.41448982131227446,-0.14584305018307278,-0.6548263645014105,Tokyo,533934761,random_forest,-0.7343085381121806,-0.8449163916985021,23.202916622161865
690.6976443754621,680.8402468730764,-9.857397502385915,0.08821189524238678,8.821189524238678,0.028913870309988005,-0.026574067676180948,0.02891736398917816,-0.43527051791623766,Tokyo,533934762,random_forest,-0.6142517024893783,-0.5553062212500963,22.2162500222524
758.5193765360982,658.9590540935784,-99.56032244251992,0.030403484670204654,3.0403484670204652,-0.06889236901343061,-0.26839972171250487,-0.06831319470111713,-0.5263654075594939,Tokyo,533934763,random_forest,1.0089358356905205,0.7481604263303768,23.077500065167744
491.9567257835669,684.5678516770907,192.6111258935238,1.0166109696503989,101.6610969650399,0.4672919604192341,0.5192507549219781,0.40710491117918335,1.0277071075020967,Tokyo,533934764,random_forest,-0.976184743207097,-0.6009416977783413,22.53458348910014
1045.3006942844343,697.6397270152062,-347.660967269228,-0.26034369757357273,-26.034369757357272,-0.3649848242667848,-0.9372419109955558,-0.35135875417272217,-0.9845268103455739,Tokyo,533934771,random_forest,-0.8853158895648169,-0.8614803246940995,24.52916677792867
1316.0167494879672,637.3991799672079,-678.6175695207593,-0.4524773254876777,-45.24773254876777,-0.6729031585476858,-1.8294513551193574,-0.6303973682026138,-1.2872922982452903,Tokyo,533934772,random_forest,-0.46097132586316186,-0.7980880219811475,28.08874972661336
804.4162701557726,677.8464787449567,-126.56979141081592,-0.005184837039333885,-0.518483703933389,-0.10150695405848804,-0.34121320580782316,-0.09881692813446818,-0.5824457288593006,Tokyo,533934773,random_forest,-0.5828539282525149,-0.4295324933975765,26.303333282470703
1093.887894969278,682.4860854102003,-411.4018095590777,-0.3060620017747562,-30.606200177475618,-0.440333717828399,-1.1090776776202917,-0.4200125623437973,-1.056570027494459,Tokyo,533934774,random_forest,0.5828761244470801,0.4777455193099378,27.650416771570843
364.7434603627046,679.382921850503,314.63946148779837,1.1803511946678713,118.03511946678714,0.6869050675570055,0.8482208758599922,0.6346667177061217,1.285730076486929,Tokyo,533934781,random_forest,-0.2591730555345897,0.12154763874779306,28.00625006357829
605.2786848438301,661.3143605252995,56.035675681469485,0.23906377365020326,23.90637736502033,0.13842139633660974,0.15106379117606558,0.13368437411661588,-0.19755709386560927,Tokyo,533934782,random_forest,-0.1308434041644482,0.04112376561132243,31.720833381017048
935.5588865207374,687.0620908692132,-248.49679565152414,-0.16511195495858813,-16.511195495858814,-0.2494684417195433,-0.6699101525893988,-0.24167456165437332,-0.8344599775407718,Tokyo,533934783,random_forest,-0.23726259630411775,-0.43354107241832657,24.698333342870075
649.3965588837685,656.2328317952359,6.836272911467414,0.14723410641180057,14.723410641180054,0.06275269251683087,0.018429568144959777,0.059212417119859924,-0.34226291297153444,Tokyo,533934784,random_forest,1.7184457215478774,1.5961357041258304,28.382916768391926
575.7082853302611,649.662900724106,73.95461539384478,0.31093905967560603,31.0939059675606,0.17601960443537276,0.19937056956121355,0.16584548546460223,-0.08429552545791046,Tokyo,533934791,random_forest,-0.26337705344136747,0.17532559191436256,35.8920833269755
802.5990235104701,646.7541020041645,-155.8449215063057,-0.10021234915300924,-10.021234915300923,-0.16320130360509402,-0.4201345730549335,-0.15905779658761576,-0.7321907338401855,Tokyo,533934792,random_forest,-0.395952077587319,-0.11982829714991068,40.24750010172526
444.58812962472507,624.9723926566744,180.3842630319493,0.5666949531652069,56.66949531652069,0.3860072989177965,0.48628896342759836,0.3705341226068075,0.3187263646519486,Tokyo,533934793,random_forest,-0.2973297641489556,0.06822250982091749,35.440833489100136
722.1969157720806,650.3621217969783,-71.83479397510241,0.05396988985122451,5.396988985122451,-0.05094068424511659,-0.19365584842620379,-0.05309603423452441,-0.48922930473285237,Tokyo,533934794,random_forest,-0.004088319582117673,0.23835245278094308,37.608749787012734
662.6558400537634,670.2944214267308,7.63858137296732,0.20302720681177003,20.302720681177004,0.07246226551015571,0.02059247162408909,0.06577181595380742,-0.25434376291214744,Tokyo,533934803,random_forest,-0.2775486632725163,-0.5917929098268073,27.072499831517536
260.69882604639287,660.7454062091732,400.04658016278023,1.8494301126719404,184.94301126719404,0.978581418643348,1.0784656794348952,0.883694400600652,2.3400692218627657,Tokyo,533934811,random_forest,-0.8612524431142327,-1.1424992348419438,27.32124988238017
527.7422661246181,682.0664445931579,154.32417846853977,0.4583133645483653,45.83133645483653,0.3091020214513395,0.4160348775324702,0.296228976691026,0.14793791437819276,Tokyo,533934812,random_forest,-1.3828947220364725,-1.2709763264598175,23.891666690508526
711.7232096579852,662.2259758719761,-49.49723378600913,0.03915296630646498,3.9152966306464996,-0.03268079650742928,-0.13343713085475015,-0.03210326189000868,-0.5125779144213524,Tokyo,533934813,random_forest,-1.3191768793032626,-1.3544458780204325,31.640416622161865
483.92505058726823,653.6314822699916,169.70643168272338,0.6088436548670538,60.884365486705384,0.37149681573049403,0.4575031289474027,0.3492762360077184,0.3851445777135595,Tokyo,533934814,random_forest,-0.38668369845756784,-0.2954904428400666,29.999582926432293
737.6665988148111,655.0568564356985,-82.60974237911263,0.0015684604646081536,0.15684604646081532,-0.07314893488898389,-0.22270349594434638,-0.07160408940578165,-0.571803836360258,Tokyo,533934821,random_forest,-0.9085183976586021,-0.4797435274445116,32.08124987284342
577.4668422299027,649.9357889699053,72.46894674000251,0.5104553039388037,51.04553039388036,0.24885943016656867,0.195365429325971,0.22478497578136877,0.23010353989087576,Tokyo,533934822,random_forest,-0.6324694260870226,-0.28704422749750386,36.05041639010111
371.07673941660295,642.4323514932449,271.355612076642,0.8739352058024692,87.39352058024691,0.5782241587289331,0.7315340989232509,0.5499731749685993,0.8028776608203586,Tokyo,533934823,random_forest,-0.09178523696796395,0.09776750004980714,36.725000301996864
614.9065798451101,641.9884420074587,27.08186216234866,0.13846787081286197,13.846787081286196,0.07340986591972043,0.07300864530674193,0.07072019553860294,-0.3560768071189091,Tokyo,533934824,random_forest,-0.05574267735063348,0.12084129725862078,39.535416762034096
492.52684578323357,566.9710806293687,74.44423484613503,0.3014816653950945,30.14816653950945,0.17825575333957644,0.2006905102917752,0.16993105469921746,-0.09919855219344449,Tokyo,533934831,random_forest,-0.10440889056852859,0.32468668126330946,55.04125038782755
435.63430718766,538.9839932958222,103.34968610816213,0.48553479817495354,48.55347981749535,0.26643109763981176,0.27861527875746167,0.24499693035628092,0.1908336360837563,Tokyo,533934832,random_forest,-0.4505246661279055,0.18501399020649537,58.741249879201256
301.5802643325035,652.9104521885718,351.3301878560683,1.4125582415746043,141.25582415746044,0.8195831224731785,0.9471335802895987,0.7569363423788333,1.6516435327294747,Tokyo,533934841,random_forest,-0.08182201321397535,0.39139476445671606,37.92541607220968
415.86570913338454,648.1079917061444,232.24228257275988,0.7782587709872097,77.82587709872098,0.4967664936570931,0.6260904191867539,0.46862774951917635,0.6521100789980986,Tokyo,533934842,random_forest,-0.456355425025363,0.10399891736521183,35.91916664441427
859.5783750783498,637.2249789048809,-222.35339617346895,-0.09177393583651529,-9.17739358365153,-0.2300524290503254,-0.5994314621594842,-0.21848757691318046,-0.7188934242926349,Tokyo,533934843,random_forest,-0.3236201725128315,-0.34774753696758887,26.1274999777476
692.5863453020993,659.4867336446604,-33.0996116574389,0.06464889475702605,6.464889475702606,-0.01781006023845085,-0.08923159688215776,-0.017264429602515948,-0.4724012556001211,Tokyo,533934844,random_forest,-0.20818722459478028,-0.27605599984878826,23.769166549046833
610.3794053785266,668.7445648656488,58.365159487122305,0.20829279092401864,20.829279092401862,0.12649344487115186,0.15734373071254085,0.12215769930238989,-0.246046219373675,Tokyo,533934851,random_forest,0.5526201774359163,0.7483928932301163,37.118749698003136
382.30984654512,656.6881443758397,274.37829783071965,0.8867374272191063,88.67374272191063,0.5771386211445347,0.7396828071165896,0.5472393541184618,0.8230514890850346,Tokyo,533934852,random_forest,0.9422598727624455,0.9045204735278067,35.84500034650167
317.2887628968254,640.8707124619598,323.5819495651344,1.2132672238794722,121.32672238794721,0.7430948529333247,0.8723284847195365,0.6950127899541455,1.3375993809505233,Tokyo,533934853,random_forest,-0.22752786572313397,0.14560420895388768,31.107916752497356
643.9761177552192,643.4229438485578,-0.5531739066613947,0.07879971378495873,7.879971378495871,0.020918320143499036,-0.0014912740232661977,0.020472246447515184,-0.4501022979752331,Tokyo,533934854,random_forest,0.09176375210037302,0.4489219537042117,36.58374993006388
243.89200425629983,649.3699347367757,405.47793048047583,1.9873035466326188,198.7303546632619,1.0281630247160598,1.0931077866321097,0.9221050011678109,2.5573311241892855,Tokyo,533934861,random_forest,2.956048274607932,2.592418563625034,26.831666469573975
189.99298085537825,701.4316562660675,511.4386754106893,2.8798984424509446,287.9898442450945,1.3186706539151105,1.3787620890088268,1.1424159154541573,3.963888279556426,Tokyo,533934862,random_forest,0.31446489719151366,0.4665348269208253,23.199583292007446
462.27217956741566,662.7989920965501,200.52681252913445,0.6072444329480539,60.72444329480539,0.39466944825436884,0.5405902608419987,0.37445220390819395,0.3826245128512939,Tokyo,533934863,random_forest,-0.17211767904470007,0.08804716388416996,34.59625013669332
670.1297383832565,668.023438911801,-2.1062994714554812,0.10591727828326682,10.591727828326682,0.037850424869343945,-0.005678267989823317,0.03681176762763249,-0.40737025395401283,Tokyo,533934864,random_forest,-0.7262939830569974,-0.6660360647552344,33.71374980608622
495.683080306381,655.4771018359958,159.79402152961484,0.5297338153007621,52.97338153007622,0.3564046247181342,0.43078075540215277,0.34104008553260173,0.26048275024489564,Tokyo,533934871,random_forest,-0.8191832948470015,-0.5580756599431498,29.016666730244953
670.4274489578368,650.5582864709172,-19.869162486919517,0.06109490459829145,6.109490459829144,0.008045355487584968,-0.05356428697012929,0.006454802199542922,-0.4780016576540558,Tokyo,533934873,random_forest,-0.8194223734219408,-0.49295086999291005,34.290833155314125
570.5616949244751,643.2115411428813,72.6498462184061,0.24976511972815607,24.976511972815604,0.1588860597110284,0.19585310723289515,0.15296569992047396,-0.1806938393606583,Tokyo,533934874,random_forest,-0.2383941771040493,-0.2508199566817912,30.117916584014893
962.3079075140809,672.0414281147295,-290.26647939935134,-0.19384683072935574,-19.384683072935577,-0.29862568582423266,-0.7825149656202998,-0.28758514853458256,-0.8797405917514377,Tokyo,533934881,random_forest,-0.9439248142976041,-1.275564386218904,25.84083326657613
837.1860819991789,691.498311048144,-145.68777095103482,-0.04382979308422085,-4.382979308422086,-0.138347490413558,-0.3927524160314802,-0.13325772809551192,-0.643342715497288,Tokyo,533934882,random_forest,-0.514438504836007,-0.6965042007407497,28.568333466847736
945.5072798259089,662.2243065629356,-283.28297326297326,-0.20457896314140112,-20.45789631414011,-0.29596091044215994,-0.7636884787468409,-0.28538433724031365,-0.8966523595726852,Tokyo,533934883,random_forest,-1.1231809900907181,-1.131701376761162,27.324999809265137
439.98679369272736,655.2720840396428,215.28529034691542,0.8201281396061934,82.01281396061934,0.48256516957713985,0.5803769071887852,0.4489077825592868,0.7180881170729683,Tokyo,533934884,random_forest,-1.5797062406653384,-0.9728721326988272,29.950416723887127
438.1819795871074,653.1925218663738,215.0105422792664,0.660504521428695,66.0504521428695,0.4470965148361961,0.5796362275376058,0.42714256249028626,0.46655212536497814,Tokyo,533934891,random_forest,-0.7864394361534247,-0.3795142983692491,37.61000005404154
701.793133353638,631.0639950566385,-70.72913829699952,0.01118545228915187,1.1185452289151872,-0.05530217185075326,-0.19067516627258785,-0.053036705117988386,-0.5566493147208329,Tokyo,533934892,random_forest,-0.7286948005744838,-0.4176167810480104,36.763333797454834
272.87979999382026,618.9366978820572,346.05689788823696,1.3152547926190556,131.52547926190556,0.8259653581779527,0.9329175801285666,0.7775491632105366,1.4983120908721321,Tokyo,533934893,random_forest,-0.5700280024992374,0.06187772517055097,36.647916873296104
497.40213748079873,648.1323065548661,150.7301690740673,0.48471670518861926,48.47167051886192,0.31030968780915513,0.4063459663513573,0.29442630365972217,0.1895444795480479,Tokyo,533934894,random_forest,2.306483515902544,2.2053000513567484,36.821666955947876
400.909776506524,628.17729658836,227.26752008183598,0.7759448164301483,77.59448164301483,0.494512943793277,0.6126792044036694,0.46786084232706654,0.6484637335454448,Tokyo,533934903,random_forest,0.15667582254620552,0.32395983148738045,30.46583318710327
367.21531576580287,650.510697141677,283.29538137587423,1.0133997676697473,101.33997676697471,0.6238406444267944,0.763721929161302,0.5840649401593784,1.022646873408921,Tokyo,533934904,random_forest,0.1798277415275292,0.4570243671915275,30.965000073115032
410.7206244559652,648.5600032931926,237.8393788372275,1.2832059479992135,128.32059479992134,0.6465764870938061,0.6411793526386169,0.57993659199494,1.447809301832586,Tokyo,533934912,random_forest,0.05323371910768672,0.36864713497213175,34.6866664091746
417.9672132296467,622.7941492906649,204.82693606101816,0.7717889953218465,77.17889953218464,0.4784747097198713,0.5521827500080849,0.4489111114627979,0.6419149621557668,Tokyo,533934913,random_forest,-0.5867239444306357,-0.14625676544890465,33.8883330821991
251.05685176982362,661.2898251093214,410.2329733394979,2.101873058012645,210.1873058012645,1.0360920416026096,1.1059266701871464,0.9181863096872824,2.7378705455700816,Tokyo,533934921,random_forest,0.11277283383049291,0.3387360410092396,33.28041656812032
299.6315990827551,684.5353188258094,384.90371974305435,1.9055527992247538,190.55527992247536,0.9134305896257061,1.0376427951485148,0.8070231218153526,2.428507736041043,Tokyo,533934922,random_forest,0.32389706599612655,0.32697558732370396,29.02583336830139
525.1869389720943,719.9586198781009,194.7716809060067,0.5626231730216622,56.262317302166224,0.3717439783503977,0.5250752877264974,0.3539853758515601,0.31231002559061666,Tokyo,533934924,random_forest,0.4720133034325185,0.1533377959397671,18.898749868075054
453.29638495705103,684.1658993750804,230.86951441802944,0.7168748023833754,71.68748023833753,0.45566561593066174,0.6223896417920426,0.43118737855802824,0.5553808004989212,Tokyo,533934932,random_forest,-0.816471984384316,-0.28710681025410373,26.632916847864788
603.76258781362,701.2968164948514,97.5342286812313,0.3467438402183798,34.67438402183798,0.21672468624200245,0.2629376763077477,0.20754953854470645,-0.027874106844915262,Tokyo,533934933,random_forest,-0.18287284528809686,-0.31493723185861017,21.507916529973347
828.8845519989142,735.3205544512603,-93.56399754765384,-0.0061166548197435664,-0.6116654819743562,-0.07078734634326926,-0.2522345276512964,-0.06852337164218521,-0.5839140937050707,Tokyo,533934934,random_forest,-0.29149541727749234,-0.6625650187171761,20.539583325386047
831.752517459876,696.728129468847,-135.02438799102913,-0.017627516811009953,-1.7627516811009958,-0.10857187674020148,-0.36400553224520316,-0.10322396313879605,-0.6020529889352702,Tokyo,533934941,random_forest,-0.4237906743816234,-0.6810355791855914,20.007916887601215
406.86471954847394,721.317028147732,314.4523085992582,0.9937783735404427,99.37783735404427,0.6148739861179041,0.8477163396956895,0.5765749453415738,0.9917273460397328,Tokyo,533934942,random_forest,-0.7685392456867878,-0.8501584045541594,19.198333422342937
245.32001796921134,703.1876613438441,457.86764337463273,2.1996116864239736,219.96116864239738,1.10733315751972,1.234342608059169,0.9848633934491233,2.8918877461968995,Tokyo,533934943,random_forest,-1.3408826817486603,-1.550297437586744,15.818750023841858
823.325125995374,656.5780131192051,-166.74711287616893,-0.10625224305299469,-10.625224305299467,-0.180141440682985,-0.4495252485563828,-0.17375548665794846,-0.7417084400498926,Tokyo,533934952,random_forest,-0.43521278268471475,-0.03879281602623897,27.06458322207133
823.8227205636334,721.3532646747772,-102.4694558888561,0.006451251955281304,0.6451251955281299,-0.09290321205750218,-0.27624230988684473,-0.088724653610321,-0.5641095000588213,Tokyo,533934953,random_forest,-0.3930214529547794,-0.6084458518715153,22.166250149408977
1073.3214859555148,690.7207348142935,-382.60075114122145,-0.29182162012242235,-29.18216201224224,-0.4062745380565145,-1.031434336631303,-0.3892688714735006,-1.0341299364721082,Tokyo,533934954,random_forest,-0.6209350564439539,-0.86486110552391,22.508750120798748
538.4447927867383,651.0367956369665,112.59200285022814,0.49915618548088503,49.9156185480885,0.2738717636022827,0.30353118080249075,0.2529177452361869,0.21229831157197987,Tokyo,533934961,random_forest,-0.4997721220410655,-0.12197234224654827,32.07583340009054
299.3016450532681,625.8852410613026,326.58359600803453,1.287987930254364,128.7987930254364,0.7761295785504659,0.8804204740802465,0.7233294317897099,1.4553447822496615,Tokyo,533934962,random_forest,-0.1832156252842252,0.29084688295023386,39.724583784739174
1516.564417722734,654.2009099381366,-862.3635077845975,-0.5368191805558232,-53.681918055582315,-0.8120211373069641,-2.3248028916141306,-0.7580313337472782,-1.4201987716060616,Tokyo,533934963,random_forest,-0.4701981419751959,-0.2686869734359549,24.8066668510437
247.51675733300195,668.8550166717174,421.33825933871543,2.1269897350094626,212.69897350094627,1.050280115757465,1.135864858399108,0.9318626872550458,2.777449577350821,Tokyo,533934964,random_forest,0.4180730187494802,0.772219187147081,30.345000108083088
737.3520584037378,613.3375496603563,-124.01450874338157,-0.08515017598771008,-8.515017598771008,-0.15377729571400037,-0.33432454634981346,-0.148416660265211,-0.7084556581185084,Tokyo,533934971,random_forest,-0.5776085965795523,-0.4020928991735068,38.850000301996864
686.7324918185109,618.0624351621797,-68.67005665633121,0.0006860318660352494,0.06860318660352534,-0.06134811652806534,-0.18512419048443918,-0.06116390734234816,-0.5731943733947381,Tokyo,533934972,random_forest,-0.6797890327568569,-0.7328888198917722,33.24666690826416
527.3881236680527,614.4994256495137,87.11130198146104,0.38572168526100253,38.57216852610025,0.2326394137345804,0.23483902659452197,0.22063079213857262,0.033547448557583216,Tokyo,533934973,random_forest,-0.3923056256275581,-0.14445559475074854,36.18250020345052
813.9563036674348,657.9257935358111,-156.03051013162366,-0.10332891189964599,-10.332891189964599,-0.17246934709921727,-0.4206348921998127,-0.16563251224650186,-0.7371018347796702,Tokyo,533934974,random_forest,-0.26749821268934093,-0.0795309324962012,38.00833328564962
789.4252084613414,634.3787255411332,-155.0464829202083,-0.13135308215523953,-13.135308215523954,-0.18963269270019553,-0.41798210218043624,-0.18541794643852336,-0.7812625143677987,Tokyo,533934981,random_forest,-0.4547457831205343,-0.33579191176817674,34.45958352088928
841.4906800435228,638.6176448868886,-202.87303515663427,-0.1223258592578103,-12.232585925781029,-0.22779202740517598,-0.546915325735798,-0.21745381920383,-0.7670373546464536,Tokyo,533934983,random_forest,0.04594142114114081,0.31373655891361163,48.96166706085205
337.74746320800074,658.7092557097909,320.9617925017901,1.2305436632972075,123.05436632972076,0.715218323956866,0.8652649336040742,0.6612973036950427,1.3648237126110851,Tokyo,533934984,random_forest,0.2647091379732806,0.6445021347011968,42.743333180745445
601.2088267089094,658.857482802588,57.64865609367866,0.29413210095932957,29.413210095932953,0.15562358550501276,0.1554121448489317,0.14574523806098605,-0.1107800462109289,Tokyo,533934992,random_forest,0.47486393724622256,0.5958986739885664,33.70541683832804
552.1912471297474,649.1764371886339,96.98519005888664,0.3660953124007779,36.60953124007779,0.22642281316011692,0.2614575503918056,0.215393800303911,0.0026200756700834288,Tokyo,533934993,random_forest,0.974416111014229,1.0844971963601977,42.91625006993612
874.3373294566715,638.1814924181505,-236.1558370385209,-0.17840957642489205,-17.840957642489204,-0.2776796866117655,-0.6366407760332117,-0.266123874425907,-0.8554144605995685,Tokyo,533934994,random_forest,0.9521058594511954,0.7471368451866754,39.70875000953674
560.5676581287408,665.1757571701162,104.60809904137528,0.30805545405175977,30.805545405175973,0.20056417420457484,0.2820077715978582,0.19403846906239708,-0.08883953096643334,Tokyo,533935032,random_forest,-0.7334148958867859,-0.22254701627398538,30.801666657129925
660.1676637566874,651.2026319907428,-8.965031765944458,0.09875929019778638,9.875929019778637,0.025244364952426507,-0.02416838326846982,0.023477980668746585,-0.4186498606455062,Tokyo,533935034,random_forest,-0.5840788372891836,-0.552609827779926,29.702916542689007
925.8930926702068,643.4813281317353,-282.41176453847146,-0.21772169333751298,-21.772169333751297,-0.330578687748242,-0.761339830475389,-0.31373494579150857,-0.9173627639061683,Tokyo,533935041,random_forest,-0.5605331773601574,-0.36638750366445905,38.99458328882853
921.9649159582076,647.4989775770267,-274.4659383811808,-0.2005244428383511,-20.052444283835108,-0.3007401522541781,-0.739919072917839,-0.28950461710748193,-0.8902632186863169,Tokyo,533935042,random_forest,-0.2204438340275847,-0.08985899965684578,39.72416663169861
644.616662422533,669.0517475727453,24.43508515021236,0.1603195872875702,16.031958728757022,0.06714409907071424,0.06587333079525494,0.06615058970683715,-0.3216427225094776,Tokyo,533935043,random_forest,-0.340476332562319,0.006527815117974026,41.58875020345052
1128.0777039611914,679.772811347312,-448.3048926138794,-0.32310375965694366,-32.31037596569437,-0.46407308403371395,-1.208562863879714,-0.4409192773246915,-1.0834245463826153,Tokyo,533935044,random_forest,-0.5783432422571672,-0.481420399608213,42.33416636784872
987.6894666317954,659.7581522667456,-327.9313143650499,-0.22744318596923277,-22.74431859692328,-0.359985105457032,-0.8840537209711311,-0.3402911298301993,-0.932681958633871,Tokyo,533935051,random_forest,-0.854498084415093,-0.8671004537852325,29.103333552678425
344.2819920860529,670.8328217911381,326.5508297050853,1.0126821959171837,101.26821959171836,0.6719147213285126,0.8803321410337337,0.6400067858389948,1.0215161189224387,Tokyo,533935052,random_forest,-0.6540255914574773,-0.12134067412054986,33.09000007311503
539.0487573240549,691.9180387526908,152.8692814286359,0.41488728160372074,41.48872816037207,0.2899602431563617,0.41211269296084024,0.27960611552681,0.07950679519802112,Tokyo,533935053,random_forest,-0.9923600724553883,-0.8059291613134802,30.794583320617676
656.6022761136713,651.2340279565129,-5.368248157158351,0.06571610305302585,6.571610305302585,0.017334214753323456,-0.014471993220962294,0.016184508011959812,-0.47071954145181255,Tokyo,533935054,random_forest,-0.34917258615904423,-0.12515154897977718,32.465416510899864
421.7394570160996,630.2759796053311,208.5365225892316,0.6309735299494238,63.09735299494238,0.4379883985600566,0.5621832398359053,0.42091539746581247,0.4200169865636588,Tokyo,533935061,random_forest,-0.1802686042455124,0.2955864517629872,45.31083329518636
694.3676953371913,622.1910176760874,-72.17667766110382,0.04926456336177056,4.926456336177057,-0.0443946463108987,-0.19457751565195827,-0.045719255347473974,-0.4966439904688854,Tokyo,533935062,random_forest,-0.6922009193291796,-0.33967681234788333,45.31458346048991
636.2543708927027,621.0987535002703,-15.15561739243239,0.06914181510072677,6.914181510072677,-0.000608812198809446,-0.0408572751746413,-0.0007146929583985001,-0.46532128092456226,Tokyo,533935063,random_forest,-0.34866635073789953,0.05722732335095916,37.330000241597496
629.9779043569133,648.0122859753587,18.03438161844537,0.13213089930092473,13.213089930092472,0.06845147149310071,0.04861799247830297,0.06775924331202025,-0.36606265026592977,Tokyo,533935064,random_forest,-0.3193263488401721,-0.011272986193173443,39.89416694641113
822.066438616761,673.5242897634744,-148.54214885328676,-0.07913482208332796,-7.913482208332797,-0.15386316701854694,-0.4004473914577506,-0.14868738047967023,-0.6989766222020892,Tokyo,533935071,random_forest,-0.16819626910595653,-0.29079281939244134,33.15666651725769
928.5220458920406,689.7560045383884,-238.76604135365218,-0.21021298081203565,-21.021298081203568,-0.27163053187255015,-0.6436774960297593,-0.2657130501882245,-0.9055304832379909,Tokyo,533935072,random_forest,-0.37442025475835233,-0.11246355256704617,39.39458338419596
967.2662528117662,633.5105665028817,-333.7556863088845,-0.28358534348087644,-28.35853434808764,-0.3943436743980883,-0.8997553556236088,-0.3790239213233764,-1.021151155282542,Tokyo,533935073,random_forest,-0.5645158738976123,-0.5665730765415282,38.424583196640015
1013.1128517609955,668.395004326239,-344.7178474347565,-0.299623998127793,-29.9623998127793,-0.3921595563643165,-0.9293077006077298,-0.3798247989987961,-1.0464249772165122,Tokyo,533935074,random_forest,-0.6195696629370182,-0.4959224366902635,38.07624991734823
347.81700455532604,481.27390844002895,133.456903884703,0.5845004043966973,58.45004043966973,0.3767671667400088,0.3597798298006414,0.3596784707160902,0.34678431675488197,Tokyo,533935081,random_forest,-0.04200365190357596,0.5377758730853099,82.90041637420654
401.0556939688278,577.0844656578473,176.02877168901955,0.6265800906061861,62.65800906061862,0.4072634352906088,0.47454721093339086,0.38682757815376484,0.4130937747305495,Tokyo,533935083,random_forest,-0.1091126699301704,0.4100287872641202,60.573333740234375
332.1947914505635,715.6977157212624,383.5029242706989,1.2284908108284565,122.84908108284564,0.7758695382500204,1.0338664603021364,0.7310874551749352,1.3615888136189866,Tokyo,533935121,random_forest,-0.36951666926434285,-0.09652664204225926,23.9416667620341
576.6692677269276,687.1782733438032,110.50900561687558,0.3129794486858316,31.29794486858316,0.2103903096661536,0.29791573215744926,0.2031341672402819,-0.08108026646919068,Tokyo,533935122,random_forest,-0.5741743526122186,-0.8341923659820611,25.388333559036255
615.2471280225383,679.9045366171836,64.65740859464533,0.23878993349753186,23.878993349753188,0.15266507092619064,0.17430669214107553,0.14802217566200107,-0.19798861305530133,Tokyo,533935123,random_forest,-0.578640687089607,-0.3549791328410679,31.817916711171467
987.883598085174,664.2409371030478,-323.64266098212613,-0.2789844813171903,-27.898448131719032,-0.37018398514025314,-0.8724921536091664,-0.35868593291992124,-1.0139010851471333,Tokyo,533935124,random_forest,-0.27520695641122495,-0.8236629839959598,33.30875007311503
755.7629511328724,654.9659188405705,-100.79703229230198,-0.06496247799203728,-6.496247799203727,-0.12100739779674559,-0.2717337062896667,-0.11807590063586765,-0.6766437452348123,Tokyo,533935131,random_forest,0.1667053561342527,-0.4852834880234132,31.665000041325886
1430.3019608603915,650.0654706441641,-780.2364902162276,-0.5003126498372378,-50.03126498372378,-0.7540981383300943,-2.1034007494790976,-0.701830344273021,-1.362671530255683,Tokyo,533935132,random_forest,-0.29387745225461054,-0.416444630533516,33.19458341598511
880.0848005146812,626.899096711621,-253.18570380306025,-0.18893980960651394,-18.893980960651398,-0.2888597311641305,-0.6825507468756856,-0.2782553433992731,-0.872008074229541,Tokyo,533935133,random_forest,0.48725383980483145,-0.11176825467899787,37.24833329518636
1256.451062002313,618.0604650184831,-638.3905969838298,-0.45190744028185975,-45.190744028185975,-0.6676830155593385,-1.7210054605162945,-0.6269861472364118,-1.286394269231528,Tokyo,533935134,random_forest,-0.2919879889757503,-0.17649900503320118,40.73208347956339
905.2442017927768,658.5940340814798,-246.65016771129706,-0.17493566830945304,-17.4935668309453,-0.2574126212926656,-0.6649319201660393,-0.24826886528779246,-0.8499402523784033,Tokyo,533935141,random_forest,-0.699591487329594,-0.6342331533264783,34.698333501815796
483.3700466016032,661.6496288223002,178.279582220697,0.5252882258546543,52.528822585465434,0.3596051534741613,0.48061505910331404,0.3458186031777273,0.25347735992220627,Tokyo,533935142,random_forest,-0.14100625520066717,0.22703779396341164,37.92624990145365
1221.3951410837878,642.4479474144795,-578.9471936693085,-0.43092404338733564,-43.092404338733566,-0.601618138360095,-1.560754945895142,-0.5735197521007029,-1.2533284885686855,Tokyo,533935143,random_forest,-0.7004737379637019,-0.7111048833008187,34.43958322207133
527.1663468385142,664.3972737906271,137.23092695211278,0.36576484200623777,36.576484200623774,0.262121393600064,0.36995403088977685,0.25406838274349114,0.002099318157067067,Tokyo,533935144,random_forest,-0.3518164588604,0.11917931217559831,34.679166396458946
847.9734634669034,665.6934902866008,-182.2799731803025,-0.13639108515569678,-13.63910851556968,-0.20117892821006492,-0.49139951413477717,-0.1947905693815928,-0.7892014340302932,Tokyo,533935151,random_forest,-0.37398913212607837,-0.33014428840307286,32.822500228881836
740.9217890336705,695.9984700331901,-44.92331900048051,0.012011298465110823,1.2011298465110827,-0.03696141064408883,-0.12110654146477144,-0.0366438035538863,-0.5553479406557675,Tokyo,533935152,random_forest,-0.7863511223193712,-0.5179030898822533,31.205416599909466
862.2399670116993,673.3455493438912,-188.89441766780794,-0.11259243712589799,-11.259243712589798,-0.18945572268048805,-0.5092310660640534,-0.18399144714314986,-0.7516993613305735,Tokyo,533935153,random_forest,-0.2693101468228853,-0.131583616896203,35.397916396458946
1005.888124768261,673.828893081194,-332.0592316870671,-0.24807544649574353,-24.807544649574353,-0.3548418507418276,-0.895181967980589,-0.34082759168918897,-0.9651944162010374,Tokyo,533935154,random_forest,-0.5926889448297649,-0.60475292224969,37.08708333969116
398.9199563690697,629.8288285918226,230.90887222275296,0.7430273450622277,74.30273450622276,0.4908789819625447,0.6224957445403649,0.46701563469061474,0.5965921565220361,Tokyo,533935161,random_forest,-0.5810319461110405,-0.12871433425475445,39.31708319981893
240.0150073960289,633.0823897362228,393.0673823401939,1.9062250320874954,190.62250320874955,1.0043049930336079,1.0596508071303166,0.905975570586246,2.429567045194156,Tokyo,533935162,random_forest,-0.3774628942125096,0.07620774644603727,42.63833316167196
512.4968250867365,645.3538580273369,132.85703294060025,0.4875976095092236,48.75976095092236,0.2966115231779014,0.3581626675565803,0.2791344872210558,0.19408422832440533,Tokyo,533935163,random_forest,-0.704181392325959,-0.22810228423673318,44.697499910990395
638.8431743857815,609.3489704631926,-29.49420392258881,0.0938304311853722,9.38304311853722,0.0035308601095517256,-0.079511957482109,0.00034258368543638754,-0.42641679046348496,Tokyo,533935164,random_forest,-0.5130484211084085,-0.10776068594067975,44.19041681289673
782.9665111422304,629.6424938343476,-153.3240173078827,-0.07545001433431495,-7.545001433431494,-0.1709382474514365,-0.41333859280174323,-0.16378621392498938,-0.6931700768926687,Tokyo,533935171,random_forest,-0.28316294315957913,-0.15063782687055544,40.64791679382324
832.3394294796248,664.1192198256817,-168.2202096539429,-0.01312786372994205,-1.3127863729942058,-0.14045343553513534,-0.4534964968961859,-0.13183470073804338,-0.5949624047660168,Tokyo,533935172,random_forest,-0.6861344231676814,-0.48408200493061565,36.818750301996864
805.9294965581247,620.3136027291422,-185.6158938289824,-0.14381662727946817,-14.381662727946818,-0.2204007116599144,-0.5003926567019642,-0.21321615302644345,-0.800902654209348,Tokyo,533935173,random_forest,-0.23481994144140658,-0.05655454692493093,42.37624994913737
1030.4945497671085,617.3356322722236,-413.15891749488486,-0.30918195038938723,-30.918195038938723,-0.44881372738642894,-1.1138145775159478,-0.4265268554173525,-1.0614864639079387,Tokyo,533935174,random_forest,-0.10906520085194664,-0.10380019147200237,39.85083325703939
627.456482225621,632.9524175652658,5.495935339644698,0.08453718256333892,8.453718256333891,0.03170814771638408,0.014816218745798018,0.03219771730200504,-0.44106115534520757,Tokyo,533935181,random_forest,-0.15973229826723992,0.04391527825292902,42.68666656812032
644.5785713347724,635.766028914327,-8.812542420445313,0.2020486771370871,20.204867713708712,0.06156251244137123,-0.023757294825885452,0.05495707346934774,-0.2558857366811129,Tokyo,533935183,random_forest,-0.17823838905328152,-0.023861422113617085,42.68249988555908
383.63254832198913,600.4971734060315,216.86462508404233,0.9237098901476345,92.37098901476345,0.5221249985137065,0.5846345571595402,0.48094421170449325,0.8813129496057008,Tokyo,533935184,random_forest,-0.34588345619166005,0.04406768435541777,49.228333155314125
463.4020460116639,541.4780153921159,78.0759693804521,0.2685560345369378,26.855603453693785,0.17236659502207538,0.2104811228011627,0.16698710691562932,-0.15108298699749864,Tokyo,533935193,random_forest,-0.4638733384423243,0.035079041940669686,61.9629168510437
325.60331682800114,659.7929161134147,334.1895992854135,1.1306935691509588,113.06935691509587,0.7222176625266776,0.9009251200366869,0.6820906741621483,1.207479249805559,Tokyo,533935211,random_forest,-0.5987012755397026,-0.36195668181762136,32.78708338737488
783.7148474782385,629.422964223474,-154.29188325476466,-0.08232543546286557,-8.232543546286557,-0.16920726288538368,-0.41594781447183277,-0.1615934109789474,-0.7040044126364995,Tokyo,533935212,random_forest,-0.2394156059762542,-0.36246431069103036,40.31583340962728
744.3229349078341,644.2748167195275,-100.04811818830659,-0.014481432714948174,-1.4481432714948168,-0.09556467548899013,-0.2697147460034042,-0.09333470590249456,-0.5970953680509994,Tokyo,533935213,random_forest,0.2145192056270022,0.14530384960319787,41.857083002726235
537.0935329499708,638.7251067736205,101.63157382364967,0.33114286070895327,33.114286070895325,0.21554092775201672,0.27398350529871035,0.2061666140839772,-0.0524582372970642,Tokyo,533935214,random_forest,-0.3217209463974583,-0.03268015399490307,47.92291657129923
1673.5810439222594,592.4326023997497,-1081.1484415225098,-0.5742762724352063,-57.427627243520625,-0.9606965182078011,-2.914614313368483,-0.8599992088187262,-1.4792239137495071,Tokyo,533935221,random_forest,-0.32298133968853154,-0.3633790918133947,43.0912496248881
679.3415066641506,680.3160914734863,0.9745848093355841,0.19510688478021565,19.510688478021564,0.07956935408152133,0.002627334717220559,0.07226916852315138,-0.26682466066149135,Tokyo,533935222,random_forest,-0.02338237460157423,-0.008637748282883351,37.297916412353516
967.1892542971026,614.5307407573115,-352.65851353979104,-0.31838655004693944,-31.838655004693948,-0.43036998644912555,-0.9507145474370344,-0.41465695929040175,-1.0759911351437632,Tokyo,533935223,random_forest,-0.21435601641255228,0.030527039248369806,44.676666577657066
1097.3428305877783,652.7405887744736,-444.6022418133046,-0.32916763698961865,-32.916763698961866,-0.4776257960661603,-1.198581071735091,-0.45184150178819354,-1.0929800458499557,Tokyo,533935224,random_forest,-0.3623595496582886,-0.23180672444755643,36.334999879201256
1022.8578360788883,605.9662698801998,-416.8915661986885,-0.3457521432331736,-34.57521432331736,-0.4868623004087593,-1.1238772395159615,-0.4644760379587245,-1.119114024471598,Tokyo,533935231,random_forest,-0.019127984958491346,-0.0066073089462250914,47.306250055631004
1237.5412583712944,618.3484716534343,-619.19278671786,-0.4307288743033378,-43.07288743033377,-0.6491869183732967,-1.669251038609409,-0.6092603505727314,-1.2530209397882817,Tokyo,533935232,random_forest,-0.17435418105375003,-0.08696957420975442,52.25333340962728
613.281750148975,648.1174791086919,34.83572895971681,0.22631525493780993,22.631525493780995,0.09688260480234068,0.09391190917283644,0.08880560554141605,-0.21764629704081812,Tokyo,533935233,random_forest,0.009061994128233162,0.23720886903563437,55.550833225250244
884.6657965442201,551.5527330077979,-333.11306353642243,-0.2823611660745962,-28.23611660745962,-0.4245627839752051,-0.898022940851705,-0.4027955875800478,-1.0192220881342657,Tokyo,533935234,random_forest,-0.0040305839059684625,0.1928540649637517,61.46625010172526
1107.6490936402,660.8102370472005,-446.83885659299943,-0.3175224594525101,-31.75224594525101,-0.45952622981516056,-1.2046106502832596,-0.4357637870913594,-1.0746294952619153,Tokyo,533935241,random_forest,-0.44609535276986584,-0.49512077515590386,39.0304168065389
1124.5854094331003,646.4584614210634,-478.12694801203685,-0.3669498469791211,-36.69498469791211,-0.5184595670977438,-1.2889586598493536,-0.4943277186805439,-1.1525175113399386,Tokyo,533935242,random_forest,0.04784531264567381,-0.014030111524317032,34.97541650136312
906.2049922488832,645.8160677502362,-260.388924498647,-0.24226064592085841,-24.226064592085844,-0.32993681374711825,-0.7019695513019714,-0.3204902029806922,-0.9560314135959875,Tokyo,533935243,random_forest,-0.1260039543976572,-0.08471530273039571,36.3833335240682
405.440201133976,669.0821351415817,263.6419340076057,0.9580165552428236,95.80165552428235,0.5807975373052023,0.7107391778511093,0.5418986616686731,0.9353736276271487,Tokyo,533935244,random_forest,0.2551887343752552,0.5154436653929635,34.48083305358887
635.2668792673077,663.926399683758,28.659520416450324,0.137996650467723,13.799665046772299,0.07794882974460297,0.07726177573028786,0.07618111512272847,-0.3568193593688882,Tokyo,533935251,random_forest,-0.07540833661321324,-0.035084013608242724,37.624166329701744
825.4825314591168,671.7067338520449,-153.77579760707195,-0.09703535631450964,-9.703535631450963,-0.1615790168410797,-0.4145565248413627,-0.15579681958138078,-0.7271844067477088,Tokyo,533935252,random_forest,0.02884564171248246,0.2434508712497372,42.707916577657066
784.3842948348694,649.1521694789508,-135.23212535591864,-0.03265843492998157,-3.265843492998157,-0.1349150852247704,-0.3645655610755419,-0.13168990893016938,-0.6257388127406981,Tokyo,533935253,random_forest,-0.4964142590864444,-0.32042007810995776,38.632916609446205
887.4689691566467,653.7437298223348,-233.72523933431196,-0.13029663432877822,-13.029663432877825,-0.24028027296007284,-0.6300882485664453,-0.23166909827557577,-0.7795977566411495,Tokyo,533935254,random_forest,-0.4071539678362559,-0.1583268538109958,41.62125007311503
779.395981340599,608.1182886709232,-171.27769266967562,-0.13192748758049933,-13.192748758049932,-0.19671680141291495,-0.46173901329660394,-0.19148886321565217,-0.7821676663743428,Tokyo,533935261,random_forest,-0.15914025826215106,0.05258897247243724,49.927083333333336
565.6360302882832,646.0101675261196,80.37413723783636,0.36933291297711324,36.93329129771133,0.21414367344182275,0.21667663923017674,0.20082679072064327,0.007721908851294106,Tokyo,533935262,random_forest,-0.13647066932828356,0.16094614334006985,46.23208363850912
390.79084337290305,617.2011239787106,226.41028060580746,0.7459575408572306,74.59575408572307,0.5001548110137382,0.6103682151344265,0.4771476791706239,0.6012095791416329,Tokyo,533935263,random_forest,0.004914617433218297,0.4116416523337682,47.33958307902018
792.5400505124741,619.3097411808888,-173.2303093315854,-0.11923430332773742,-11.92343033277374,-0.20858576287601527,-0.46700297544347574,-0.2017478173050673,-0.7621656596199263,Tokyo,533935264,random_forest,-0.1767963249257107,-0.02563934007356203,45.927916526794434
355.40364834935644,608.5156376614062,253.11198931204981,0.9734978925683332,97.34978925683333,0.599106661020509,0.6823520236455073,0.5620330237536718,0.9597692251057612,Tokyo,533935271,random_forest,-0.18385739945610302,0.10679301911551857,46.72583373387655
593.1109203270389,625.1601673588849,32.049247031846015,0.2210479167834961,22.10479167834961,0.1110977573286031,0.08639997112714325,0.10353791091072158,-0.22594660461080046,Tokyo,533935272,random_forest,0.12337705173637237,0.37702157421679305,44.37916707992554
886.5820656858591,637.4162137092451,-249.165851976614,-0.19041429415725097,-19.041429415725098,-0.2838813522200871,-0.6717138282611784,-0.27216477486592583,-0.8743315770918513,Tokyo,533935273,random_forest,-0.1358853195699211,0.10978009834814718,49.717082818349205
451.1881376452231,601.6772183130561,150.489080667833,0.4348959368607835,43.489593686078344,0.3157121340072136,0.4056960281073468,0.30625687752560693,0.111036571306918,Tokyo,533935274,random_forest,0.05112978864170447,0.09195934551522253,46.244166692097984
621.319889040071,616.9809688768049,-4.338920163266081,0.12696462048341223,12.696462048341225,0.04297011763487235,-0.011697079075107872,0.040752319717035725,-0.3742037078402416,Tokyo,533935281,random_forest,-0.6001121163233474,-0.18791133431651721,49.50083382924398
547.4550628707824,554.145837288594,6.690774417811535,0.13628269289345454,13.628269289345456,0.04150163599130922,0.018037325992174745,0.03830469815909532,-0.35952022546321294,Tokyo,533935282,random_forest,0.022645690213817512,0.37027060753881497,64.368332862854
555.3597339113074,574.4647299313011,19.10499601999368,0.1442888144212154,14.428881442121542,0.06490907280105822,0.05150420859720783,0.0601800378335113,-0.34690412427961065,Tokyo,533935283,random_forest,-0.1899516792116417,0.18268630844136333,51.7254163424174
234.04832934631955,527.641137279932,293.5928079336124,1.7860080060732282,178.60080060732284,0.8894826212972181,0.7914822492832817,0.7911548098341593,2.2401282315402837,Tokyo,533935291,random_forest,0.08571765213800624,0.4352781346589983,65.30625041325887
328.71388620071684,548.8987498823479,220.1848636816311,0.9115673508981658,91.15673508981656,0.5563921978424556,0.5935854232651261,0.5199902863346347,0.8621786530220211,Tokyo,533935293,random_forest,-0.508006690287452,0.10560221719210865,67.40499957402547
208.7352467376586,592.455461737534,383.72021499987545,1.9781887140005183,197.81887140005185,1.0545852720578728,1.034452243572127,0.9534402862519235,2.5429679084475003,Tokyo,533935301,random_forest,-0.8691748621304648,-0.19061403142759134,51.677500089009605
376.69032511947427,621.2793366370873,244.58901151761302,0.9877779650181943,98.77779650181942,0.5682896074387572,0.659375351693592,0.525908677581514,0.9822718611589271,Tokyo,533935303,random_forest,-0.21706707736923553,0.21144261913087628,48.148333152135216
572.0501870718347,613.8529785987338,41.80279152689919,0.2779592745622738,27.79592745622738,0.13446052901685715,0.1126940666459097,0.12415658013052956,-0.13626529690848538,Tokyo,533935304,random_forest,-0.022535570298783985,0.1394177822400004,44.2762500445048
809.0582404269735,630.3029642724305,-178.75527615454303,-0.06751772947363117,-6.7517729473631185,-0.16922973368696978,-0.4818974587212774,-0.1634458416406888,-0.6806703280351802,Tokyo,533935311,random_forest,0.008501839835619484,0.15187066395925763,39.55125021934509
1003.9959359296926,654.4574035681497,-349.5385323615428,-0.2196275174015383,-21.96275174015383,-0.3579311644989754,-0.9423035453485916,-0.34039924622352835,-0.9203659745302534,Tokyo,533935312,random_forest,-0.18605430072294027,-0.12163535804402661,39.252500216166176
853.2505640280059,640.6863937351278,-212.56417029287806,-0.15091577565820782,-15.091577565820783,-0.23833907661077183,-0.5730411749680342,-0.2287685838847174,-0.8120895408876264,Tokyo,533935313,random_forest,-0.33650618159147383,-0.03650116168313275,36.019999742507935
839.1909546210958,678.8759665245881,-160.31498809650773,-0.03969624775815911,-3.969624775815911,-0.1338514577367149,-0.43218520325994575,-0.12839549391591223,-0.6368290464379593,Tokyo,533935314,random_forest,-0.6871036437133421,-0.5468067395992036,32.01041658719381
877.0216751792115,639.3552025853706,-237.6664725938408,-0.1932748143231308,-19.327481432313082,-0.27274937735082094,-0.6407132232964371,-0.2635780265525392,-0.878839204377465,Tokyo,533935321,random_forest,-0.5275349854096731,-0.3757639249998446,37.00124994913737
740.6980179983933,669.7597952888171,-70.93822270957612,0.06515587140128853,6.515587140128853,-0.04035704136845486,-0.19123882654179178,-0.04052794844720995,-0.47160235832888175,Tokyo,533935322,random_forest,-0.5260131400636314,-0.426498253159498,36.83958292007446
735.1591725109027,625.2326642138383,-109.92650829706442,0.038146456303556016,3.8146456303556016,-0.07883744391206282,-0.29634540660305125,-0.07679663174042518,-0.5141639797833353,Tokyo,533935323,random_forest,-0.9725610045539298,-0.6450755530485875,34.73999993006388
612.7080445865777,673.3646751532505,60.65663056667273,0.30592851145459005,30.592851145459004,0.17012295856862072,0.16352119363125195,0.15969854958616223,-0.09219118169076501,Tokyo,533935324,random_forest,-0.8807763671208905,-0.5321056360960318,34.73708359400431
593.1956052150096,621.168832981233,27.97322776622337,0.21716988492638323,21.716988492638322,0.09592836787048027,0.07541163350680723,0.09121941083063477,-0.23205763379427236,Tokyo,533935331,random_forest,0.10207621949169082,0.17873991886612509,47.60166645050049
808.1751922462348,603.4988464979164,-204.67634574831837,-0.14965541007527836,-14.965541007527834,-0.24656909157718299,-0.5517767810735774,-0.23826106681820025,-0.8101034481625244,Tokyo,533935332,random_forest,-0.011458153955310895,0.16900711355356265,48.45374997456869
670.5089331157194,671.0000703141171,0.49113719839775644,0.13149603866987553,13.149603866987553,0.05103659072701442,0.0013240323468088715,0.0478679520611221,-0.3670630680001635,Tokyo,533935333,random_forest,-0.32039628923252406,-0.1062533690441362,35.36958348751068
1219.1251018249995,646.8562992259369,-572.2688025990626,-0.4133059701503797,-41.33059701503797,-0.5939367974559909,-1.5427510035537926,-0.5628563474423572,-1.2255658079939733,Tokyo,533935334,random_forest,-0.15313133745175433,0.10234408104956795,38.86708335081736
1016.6374260432668,657.4203257382932,-359.21710030497366,-0.21318462924779505,-21.318462924779507,-0.35119448835310146,-0.9683955153107436,-0.3325234820257048,-0.9102132272130402,Tokyo,533935341,random_forest,-0.24336626498646644,-0.038040630437316536,40.87458308537801
946.2501178613362,639.6970371594731,-306.5530807018631,-0.1901279559249656,-19.012795592496563,-0.32794768833379345,-0.8264212040694612,-0.3086593953572304,-0.873880363342632,Tokyo,533935342,random_forest,0.2002634224872876,0.2770045431818065,37.90916681289673
733.038652430905,576.9374414661586,-156.10121096474643,-0.10793933856024122,-10.793933856024124,-0.19339956975493003,-0.4208254910595739,-0.18349953331986235,-0.7443669767148707,Tokyo,533935343,random_forest,-0.06484037228610354,0.27870615541507476,49.30708360671997
825.3423024193548,652.2334617574246,-173.10884066193032,-0.1211359775993488,-12.113597759934878,-0.19028547683711505,-0.46667551409810865,-0.1845830633183068,-0.7651623309726796,Tokyo,533935344,random_forest,-0.2997296210412908,-0.1273666477627706,42.49791685740153
1009.4460481222523,666.0057542898611,-343.4402938323911,-0.29934713639848237,-29.934713639848237,-0.3940018283688402,-0.9258636073893132,-0.3817402088867108,-1.0459886966056398,Tokyo,533935351,random_forest,-0.331138240264252,-0.1430357362936319,38.52750015258789
1373.122329381632,671.3648582860814,-701.7574710955508,-0.45653365009274255,-45.65336500927426,-0.6699219606620952,-1.891833064928649,-0.6311981590283212,-1.2936842823631416,Tokyo,533935352,random_forest,-0.3504349583227946,-0.2891323366412502,38.02958289782206
922.1277086853557,647.7109281739049,-274.4167805114509,-0.17168035273304785,-17.168035273304785,-0.2877847968898315,-0.7397865506616649,-0.27189958259843455,-0.8448105037786503,Tokyo,533935353,random_forest,-0.19309124211533132,-0.07722578021383046,35.582499980926514
506.4591036656691,676.3557897173704,169.89668605170127,0.5060302864037188,50.60302864037189,0.343864928991975,0.45801602623856735,0.32955662225225774,0.22313056692659225,Tokyo,533935354,random_forest,0.2344765149171719,0.44094191939641725,37.26333347956339
721.7724125937387,649.1831117834143,-72.58930081032432,-0.041511658564533545,-4.151165856453354,-0.07853586120864393,-0.19568988587842936,-0.07685202061175779,-0.6396897832308757,Tokyo,533935361,random_forest,-0.3421480514026263,-0.0484238135728809,42.00083303451538
746.3470348193318,612.41673823775,-133.93029658158187,0.005036560794414007,0.5036560794414026,-0.11716560773273825,-0.36105602562831546,-0.1156876800282674,-0.5663387800875047,Tokyo,533935362,random_forest,-0.1993639910826772,0.08461132577816996,46.08708302179972
668.808915399827,591.9943334838869,-76.81458191594017,-0.024727393683861187,-2.472739368386119,-0.08112752316769234,-0.20708061106977393,-0.0789946047621088,-0.6132410235795632,Tokyo,533935363,random_forest,-0.3417618558659321,-0.007673243513755972,52.211250146230064
408.85768843026636,590.6153974756639,181.75770904539755,0.533320193930893,53.3320193930893,0.3890045905222907,0.4899915682279142,0.37714704508789465,0.26613419027407226,Tokyo,533935364,random_forest,-0.1504993573351128,0.2723165151157063,52.987916787465416
631.4984277967583,578.9115753721546,-52.58685242460364,0.01047538723225821,1.047538723225821,-0.04984132669796659,-0.14176628008259934,-0.04835517292037872,-0.5577682401048216,Tokyo,533935371,random_forest,-0.2536345741514622,0.11930190801338775,52.97208325068156
318.0319853243021,596.8702623932957,278.8382770689935,1.0790618556756575,107.90618556756574,0.6755215491844327,0.7517062433312259,0.6351855417666162,1.1261176417874328,Tokyo,533935372,random_forest,-0.2504476899406966,-0.017881578340273537,47.324166774749756
641.6528015442643,525.3230185556541,-116.32978298861015,-0.1145891272627818,-11.458912726278179,-0.17885604750740147,-0.31360767638177595,-0.1727138345582909,-0.7548457593351354,Tokyo,533935373,random_forest,0.10631057380353241,0.4337687855589701,57.04041655858358
694.633069005244,599.0219680591795,-95.61110094606444,-0.04131058157744147,-4.131058157744146,-0.11295714004330919,-0.2577532118918717,-0.1075136510583642,-0.6393729247362785,Tokyo,533935374,random_forest,-0.08679513485132133,0.10294018122032805,53.34124994277954
386.73323046109437,541.2583042913576,154.5250738302633,0.48054033215658865,48.05403321565887,0.3452473082572487,0.41657646134675574,0.33448473590373434,0.1829633222960792,Tokyo,533935383,random_forest,-0.1498689923316632,0.2174428724628156,64.13791640599568
470.1182362115656,538.9125337317477,68.79429752018207,0.25837338580966346,25.837338580966346,0.15668878184262922,0.18545912525026562,0.1484129728709165,-0.16712887466169718,Tokyo,533935393,random_forest,0.014628913690266582,0.35470954196553534,58.04916683832804
318.623917152215,605.1850569113598,286.56113975914485,1.0973780200373042,109.73780200373041,0.6667268499929286,0.7725259247666413,0.6227707026405679,1.1549803791416897,Tokyo,533935401,random_forest,-0.4314313878600827,-0.054725366174852706,42.427083333333336
652.5808333156771,599.6302741700167,-52.95055914566029,0.0604184197855562,6.041841978555619,-0.017870512138628485,-0.1427467789432065,-0.016624756361053136,-0.47906766705911474,Tokyo,533935402,random_forest,-0.352444496038822,-0.15228750373997213,50.286666552225746
682.5782197878594,607.2917351767198,-75.28648461113968,-0.040977610846724834,-4.0977610846724835,-0.08021835584839669,-0.20296108954457126,-0.07886569280526586,-0.6388482271763761,Tokyo,533935403,random_forest,-0.08417861716036676,0.12502700451063448,48.37291653951009
492.3390273297491,537.2199916023135,44.88096427256436,0.13767411814453398,13.767411814453398,0.09738098586162718,0.12099235946026389,0.09616237310637264,-0.3573276080146558,Tokyo,533935404,random_forest,-0.21759694082704378,0.2339645774691023,59.111249923706055
630.3057291666668,631.8529617498083,1.547232583141631,0.14632299898652953,14.632299898652953,0.04772803165654312,0.0041711073704034,0.04341718827587915,-0.3436986422977124,Tokyo,533935411,random_forest,-0.37290580864672046,-0.3808387566338667,39.50583283106486
1105.4355515873015,672.7284968247466,-432.70705476255506,-0.24299171074152584,-24.299171074152586,-0.41639281770900444,-1.1665134285634589,-0.390888743639656,-0.9571834305516798,Tokyo,533935412,random_forest,-0.4428680615134537,-0.5674993897785996,32.92125002543131
545.7706916316973,617.117491626902,71.34679999520468,0.20525536893467033,20.525536893467034,0.1507398931579241,0.19234028972582343,0.14774744271323548,-0.2508326097653325,Tokyo,533935413,random_forest,-0.3242559901700492,0.03415664994857749,43.92458311716715
988.3223058435739,631.907815873723,-356.4144899698508,-0.21587062686824945,-21.587062686824947,-0.3717785698778718,-0.9608400974940744,-0.35123056338712705,-0.9144458406752599,Tokyo,533935414,random_forest,-0.26901044569163357,-0.3335671559806082,38.587083419164024
642.4906759660204,689.5695676380509,47.07889167203043,0.2800593361246032,28.00593361246032,0.14246217379044768,0.1269176426241625,0.1367883650713202,-0.13295600550311854,Tokyo,533935421,random_forest,-0.7309937252475729,-0.48614124533774306,34.482500076293945
776.8636154832747,663.6408529840003,-113.22276249927432,-0.07141090888341863,-7.141090888341862,-0.12783623901151267,-0.3052316143699816,-0.12378299211131823,-0.6868052268359898,Tokyo,533935422,random_forest,-0.7955055099553118,-0.673078682622325,32.70083351929983
544.3516208176634,667.8558227862075,123.50420196854407,0.442774513097509,44.277451309750894,0.27729078659247286,0.3329488356952656,0.2622737264734201,0.12345168574661258,Tokyo,533935423,random_forest,-0.44273557370301875,-0.2872196081826373,35.12499992052714
718.8072978770471,625.3623207107892,-93.44497716625796,0.053643878194609466,5.364387819460947,-0.06428711804264349,-0.25191366652448344,-0.06586482578248269,-0.4897430361360827,Tokyo,533935424,random_forest,-0.6485238185836544,-0.43646639155659667,33.797083258628845
907.3445323860727,622.8832250586294,-284.4613073274434,-0.27521300235065,-27.521300235065,-0.35786671388845614,-0.7668650909476575,-0.34904161293262065,-1.0079579627390216,Tokyo,533935431,random_forest,-0.4652992699833091,-0.3261921645031726,32.555416663487755
659.2126027651976,639.845745392237,-19.366857372960748,0.12653093960245382,12.653093960245384,0.02012503262463568,-0.052210147595187655,0.01410580188800558,-0.3748871051452405,Tokyo,533935432,random_forest,0.20693331764318262,0.41595051889683804,35.25749981403351
482.76663356551376,635.0388372053501,152.27220363983636,0.49269156594557856,49.26915659455785,0.32605879105758834,0.41050306064524555,0.3118670536048502,0.20211131979473557,Tokyo,533935433,random_forest,-0.8456018999031862,-0.42306726214964296,33.239583253860474
1378.9276696141658,650.2297004851692,-728.6979691289965,-0.46182458925126707,-46.1824589251267,-0.7043522536102166,-1.9644606137109237,-0.6571306077384266,-1.3020217805573389,Tokyo,533935434,random_forest,-0.08740479388778259,-0.21679827426804962,34.45458308855692
940.7217262864824,646.1502240588383,-294.57150222764403,-0.24020270669644153,-24.02027066964415,-0.33737130940158827,-0.7941206625559123,-0.3236961361432651,-0.9527884988594424,Tokyo,533935441,random_forest,-0.01838198107055947,0.32854847826098915,47.485000133514404
539.2176745391705,633.8668423925889,94.64916785341835,0.43021207240552134,43.02120724055214,0.2405474710949139,0.2551599843084504,0.22293812048804415,0.10365570559148186,Tokyo,533935442,random_forest,-0.6221171537165004,-0.2472265119609155,47.82708342870077
967.7600870886082,673.8080018398334,-293.9520852487748,-0.18513464173801622,-18.513464173801623,-0.29989315439609315,-0.7924508071288319,-0.28526063605527086,-0.866011864618795,Tokyo,533935443,random_forest,-0.4278904957657882,-0.2365046267881275,43.88124974568685
405.7879044596632,585.3715073685657,179.58360290890255,0.602610315842299,60.2610315842299,0.38158202774900934,0.4841305036221261,0.36145962948407434,0.37532203935021813,Tokyo,533935444,random_forest,-0.16312416753090558,0.2613771095339843,49.833750089009605
518.3707214122393,625.3177396935723,106.947018281333,0.34094010707817163,34.09401070781717,0.23496372970136603,0.2883131476524116,0.22679143588787923,-0.037019669310536504,Tokyo,533935451,random_forest,-0.6516665455739672,-0.4534785369142527,38.95416649182638
813.2898741844996,647.3106118128184,-165.97926237168122,-0.06421824710434822,-6.42182471043482,-0.1632685510248788,-0.44745523856982117,-0.1587351006240251,-0.675470981100457,Tokyo,533935452,random_forest,0.1005959810248554,0.2544367181886401,38.94541692733765
542.6756748536734,618.4529661225798,75.77729126890648,0.23932381938068795,23.932381938068797,0.16485825028499626,0.20428423080333233,0.15997657241493918,-0.1971473120209567,Tokyo,533935453,random_forest,-0.18870189151977196,0.20294116021666025,47.94416666030884
642.6516674214736,570.973545465441,-71.67812195603256,0.10688782190840034,10.688782190840032,-0.0298877183738675,-0.19323348412196237,-0.03334587118297586,-0.4058408646566698,Tokyo,533935454,random_forest,-0.06007731656757381,0.06738447533243459,44.03291670481364
361.8155067579498,596.3944030804888,234.5788963225391,1.0338685645818673,103.38685645818673,0.572213143287276,0.6323895799849969,0.5235548093873326,1.054901743892024,Tokyo,533935461,random_forest,-0.21462926375107588,0.22964976385872665,54.4291664759318
537.1477194457686,572.4484141927418,35.300694746973186,0.1999162296037128,19.991622960371277,0.10241140392744268,0.09516538731396536,0.09813185280254098,-0.25924606212165086,Tokyo,533935462,random_forest,-0.25499942921170415,0.08216843609927107,52.91041644414266
621.3368442140297,675.8591387741908,54.52229456016109,0.19038074649064493,19.038074649064495,0.11874141087651217,0.14698394227804057,0.11422282410411379,-0.2742721417748086,Tokyo,533935463,random_forest,-0.19909806477522163,0.034576498569374475,42.83583354949951
473.87049703043067,626.5473868723648,152.67688984193416,0.47427206069512584,47.427206069512586,0.3242184625616446,0.41159403405070677,0.3124997308693021,0.1730857371595195,Tokyo,533935464,random_forest,-0.4788708551016436,-0.03234247407411676,43.73541673024496
360.18335910381023,557.5713074985639,197.38794839475364,0.6073534205243032,60.73534205243032,0.44302414794859507,0.532128353131248,0.4297715327668094,0.38279625622103286,Tokyo,533935471,random_forest,-0.18526029047974565,0.32647906081628225,56.16833305358887
745.4072693358581,505.73658126674803,-239.67068806911016,-0.21616102931577405,-21.616102931577405,-0.3554146735247407,-0.6461162881180156,-0.3437394401643051,-0.9149034588427124,Tokyo,533935472,random_forest,-0.24601038203916806,0.084855207681357,66.07958316802979
339.9402829223829,514.7806929061339,174.8404099837511,0.7636297537799567,76.36297537799565,0.4638237524757412,0.4713435657144634,0.43470419980230474,0.6290575734042969,Tokyo,533935473,random_forest,-0.056529801663125157,0.35976679602298983,65.36166699727376
387.8204931819135,534.7529366427218,146.93244346080832,0.4806018206375357,48.060182063753565,0.33314941921323776,0.3961078667476958,0.32084855957122543,0.18306021626584523,Tokyo,533935484,random_forest,-0.39292707013283373,0.16374824268309807,70.29791720708211
297.1136290951586,517.6844717114182,220.57084261625948,0.9164562004229464,91.64562004229464,0.5891660511017905,0.5946259646786088,0.5568785218242994,0.8698825356151311,Tokyo,533935491,random_forest,-0.12918741110568352,0.2659331453756927,64.86874993642171
309.7013929167989,522.6621540849915,212.9607611681926,0.7400650943129031,74.0065094312903,0.5285222952377089,0.5741103245846358,0.5104771001844576,0.5919242214856899,Tokyo,533935492,random_forest,0.8255899258182837,1.086768736161798,65.37250026067098
365.4956343197396,648.62275333609,283.1271190163504,1.1029725638902277,110.29725638902278,0.6330260089878302,0.7632683190346677,0.583211457388445,1.1637962996944624,Tokyo,533935501,random_forest,-0.9701183586810459,-0.6087647736532006,41.766666889190674
418.6738100998464,615.0022533042899,196.3284432044434,0.7969889843227338,79.6988984322734,0.46065236554012623,0.5292720857824113,0.42489562623941884,0.6816252775636039,Tokyo,533935502,random_forest,-0.13915690526637275,0.32111530022536,46.622499783833824
460.5209426092925,650.6357608995919,190.11481829029944,0.5971970708694457,59.719707086944574,0.3854855512928894,0.5125210834064902,0.3669699182799114,0.36679181081542306,Tokyo,533935503,random_forest,-0.26739039276961835,-0.14876584150970568,35.149166901906334
707.8382449105708,625.201959285963,-82.6362856246078,0.007361389253886542,0.7361389253886547,-0.06891617249893593,-0.22277505255976773,-0.06762749968042088,-0.5626752994648934,Tokyo,533935504,random_forest,-0.7899282318469677,-0.31667641242727973,34.73416701952616
825.5743340417926,619.8375213201921,-205.7368127216004,-0.07280801243644074,-7.280801243644071,-0.21040521349058908,-0.5546356412452941,-0.19775911134464244,-0.6890067921916717,Tokyo,533935511,random_forest,0.08303300928361058,0.20884079768597652,43.86583344141642
695.881443516385,606.2969304591471,-89.58451305723797,-0.026176914381582844,-2.617691438158285,-0.09514045647830698,-0.24150643333035346,-0.09100002360368563,-0.6155251882311704,Tokyo,533935512,random_forest,-0.5995609370755967,-0.3822907612213064,46.08791653315226
430.2983431281671,603.1712780156646,172.8729348874975,0.5624820782592747,56.248207825927466,0.3752266594637667,0.4660395474534175,0.35804268012031093,0.3120876874968736,Tokyo,533935513,random_forest,-0.16864112828735203,0.28496109627000427,42.2879167397817
723.0499340835055,614.0746682517603,-108.97526583174518,-0.07239483602697905,-7.239483602697905,-0.12447958023921206,-0.29378099935014984,-0.1207132223691227,-0.6883557059734109,Tokyo,533935514,random_forest,0.010544089506341187,0.13842197226790293,44.23958349227905
542.1048847716598,605.0809093984597,62.97602462679978,0.4476988725234181,44.76988725234181,0.20912982484867557,0.16977393272457042,0.18904124684204224,0.13121152508533301,Tokyo,533935521,random_forest,0.0347449264616832,0.024092995796967755,44.73291687170664
645.3304298053325,614.111237046431,-31.219192758901496,0.01940118203913025,1.9401182039130251,-0.033328593174990484,-0.08416226909485819,-0.03307062900081709,-0.5437029114638431,Tokyo,533935523,random_forest,-0.15558512087137807,0.15028618384904083,47.00583346684774
576.2988295377188,565.6552577465308,-10.643571791188007,0.06672385405184263,6.672385405184262,0.0021539097624789414,-0.028693475841555575,0.001516918396968758,-0.4691315205199713,Tokyo,533935524,random_forest,-0.42989546593490324,0.031186279380010153,53.828333616256714
1238.3757759669031,636.7043200387475,-601.6714559281558,-0.3625015899779261,-36.25015899779261,-0.5730785407837701,-1.622016154344099,-0.5285555690143027,-1.1455079174656575,Tokyo,533935532,random_forest,-0.42099273499035933,-0.2963352707743382,37.774166663487755
897.701043874808,622.9252109726287,-274.7758329021793,-0.15881743438590842,-15.881743438590844,-0.2894462804960292,-0.7407545021446197,-0.27280381886635624,-0.8245410288748247,Tokyo,533935533,random_forest,-0.15328958162691467,-0.07838709849787265,47.86375013987223
654.5592850422427,661.6230900746453,7.0638050324026125,0.19074233763483026,19.074233763483026,0.07197232428752436,0.019042960673644287,0.06874509377599561,-0.2737023439711756,Tokyo,533935534,random_forest,-0.5312466519424184,-0.26024877126205276,42.29249938329061
940.9882252955223,654.920880626219,-286.0673446693034,-0.15310359765577106,-15.310359765577104,-0.29897638315165936,-0.7711947271424777,-0.2798146747946091,-0.8155371257884126,Tokyo,533935541,random_forest,-0.33426409476245444,0.03449255399420327,43.106667041778564
1236.3205210948674,560.198597426006,-676.1219236688613,-0.46968810237499414,-46.96881023749941,-0.7376729985672389,-1.8227234675863582,-0.6769911801724294,-1.314413158440316,Tokyo,533935542,random_forest,-0.014881484846984401,0.23927758606195465,51.71666685740153
1243.5806051013471,652.5252542859577,-591.0553508153895,-0.3978843448550065,-39.78843448550065,-0.5908521355713808,-1.5933967245548655,-0.5536476158532986,-1.2012643051417624,Tokyo,533935543,random_forest,-0.7117819788404396,-0.5072273913273107,36.645000060399376
707.5646930043523,623.3850903969025,-84.1796026074498,-0.021440987109357084,-2.144098710935709,-0.08878489544295691,-0.2269356040580629,-0.0870370719301356,-0.6080622815718841,Tokyo,533935544,random_forest,-0.008213949666745069,0.3054363138053641,42.53083356221517
496.6371506976447,563.472874483126,66.8357237854813,0.2500826891313779,25.008268913137794,0.1521438437905057,0.1801791037271272,0.1443843400038749,-0.18019341131819477,Tokyo,533935551,random_forest,-0.46038223352510826,0.06154562681131924,51.32583284378052
630.456370155552,599.8013032128785,-30.65506694267363,0.015267378654935689,1.526737865493569,-0.022107657443585078,-0.082641470363277,-0.022101934595100108,-0.5502169871729464,Tokyo,533935552,random_forest,-0.5361917852950397,-0.174052473245971,45.72375011444092
554.7187558883769,636.472537907057,81.75378201868024,0.26849588403482844,26.84958840348284,0.16801285239473904,0.22039595497922318,0.16169959344727736,-0.15117777257104073,Tokyo,533935553,random_forest,-0.17549265509801465,0.23421666206704378,47.14541673660278
968.8879882221428,638.3942610087703,-330.49372721337255,-0.24019135033857775,-24.019135033857776,-0.36856791367798186,-0.8909616023291833,-0.350900531705634,-0.9527706034328752,Tokyo,533935554,random_forest,-0.4095361375981234,-0.2601326714408451,43.448333422342934
625.9988200171707,652.1997350826263,26.20091506545553,0.1553567866064236,15.535678660642361,0.0828675732614812,0.07063374384149142,0.08028466582086698,-0.3294631378417074,Tokyo,533935561,random_forest,-0.5389711872496086,-0.41514906017206915,40.81125005086263
384.1780649685718,567.1304363363757,182.95237136780395,0.8310477125081911,83.10477125081913,0.4762769288162379,0.4932121989672272,0.4386179296966084,0.7352952549031448,Tokyo,533935562,random_forest,0.19208207589834791,0.47394936356764167,51.792083740234375
591.6448908774299,639.1356624128192,47.49077153538921,0.367638927448692,36.763892744869196,0.16163153784232565,0.12802800906324577,0.14576779744210763,0.0050525148437192855,Tokyo,533935563,random_forest,-0.005807403687404808,0.12207919097973942,44.51249965031942
643.5509693574871,573.8267523135758,-69.72421704391145,0.023767526902011185,2.3767526902011173,-0.07287964616862481,-0.18796604904541592,-0.07072235018210442,-0.5368223952986064,Tokyo,533935574,random_forest,-0.3789725260216165,0.07625672506542618,62.43916670481364
611.7001802080321,492.6627625893191,-119.03741761871292,0.04752501208748766,4.752501208748766,-0.13682806914451165,-0.32090705391882934,-0.13256314342227446,-0.49938518729113185,Tokyo,533935582,random_forest,-0.23023581031652335,0.2576107930202254,76.98166640599568
329.4400783558689,603.0894567672542,273.64937841138527,1.2272155069049009,122.72155069049008,0.676699290774871,0.7377177495062838,0.6177516065557284,1.359579180954327,Tokyo,533935583,random_forest,-0.6867392850881674,-0.06914282307135632,49.75166670481364
563.1847791803503,644.5834976862344,81.3987185058841,0.27257702068924256,27.25770206892426,0.1741408325171416,0.21943875691390183,0.16775688920561474,-0.14474668945574398,Tokyo,533935601,random_forest,0.3906228250057523,0.3503914256881635,36.71875007947286
767.2242007455374,658.113119499705,-109.1110812458323,-0.025743497514784237,-2.5743497514784237,-0.11463401422377817,-0.29414713737030634,-0.11124795249833092,-0.6148422069614943,Tokyo,533935603,random_forest,-0.569575594408276,-0.2713206598478045,35.51541678110758
430.5205517925561,643.2634181238506,212.74286633129444,0.708896019386398,70.8896019386398,0.4550282569485537,0.5735229127306835,0.43029880926022823,0.542807779559527,Tokyo,533935611,random_forest,-0.5501664577647665,0.00888380031101895,42.05458307266235
880.3843915130569,635.9025301058879,-244.48186140716896,-0.17644899688172358,-17.644899688172355,-0.2766846049971467,-0.6590864910398787,-0.26739608074810256,-0.8523249659161133,Tokyo,533935612,random_forest,-0.2872727212994465,0.0396757481785895,41.577499866485596
516.2658830910005,621.4176846692725,105.15180157827196,0.3980673413226683,39.80673413226683,0.24026191128850993,0.2834735122264274,0.2265175651696059,0.05300181800624299,Tokyo,533935613,random_forest,-0.8721055386277988,-0.4469194069204468,38.92791636784872
636.3171436925066,633.4919667294967,-2.8251769630100276,0.0789486079446487,7.894860794464869,0.02641885585655886,-0.007616254066455581,0.025236763153225202,-0.44986766953775775,Tokyo,533935614,random_forest,-0.436826400130531,-0.12353500394292802,41.620833237965904
543.5142229825468,654.5223030607204,111.00808007817368,0.3583571692574595,35.83571692574595,0.23546605699640055,0.29926116217655707,0.22582282632809433,-0.009573743338383135,Tokyo,533935621,random_forest,-0.597933947980365,-0.3045240719985862,39.46166650454203
865.9203592822605,630.7946676845362,-235.12569159772434,-0.15543501969811943,-15.543501969811942,-0.2563586128707494,-0.6338636581729031,-0.2461029645294548,-0.8192109966241173,Tokyo,533935622,random_forest,-0.09184633910439902,0.04685561593026506,41.67958370844523
902.2411483449423,648.4685155973747,-253.7726327475677,-0.12604667564722524,-12.604667564722526,-0.24980956118446396,-0.6841330194266989,-0.23917976223818838,-0.7729006426182504,Tokyo,533935623,random_forest,-0.6970865599923882,-0.4918599194903867,41.32416661580404
762.8865548543305,663.5408055705528,-99.34574928377776,-0.06983528732417238,-6.983528732417239,-0.11118245255863606,-0.267821264605492,-0.10832104186680314,-0.6843223515823993,Tokyo,533935624,random_forest,-0.37749493021266567,-0.04978973904763742,43.540000120798744
487.7369604829882,556.6561889543665,68.91922847137832,0.24703531034390747,24.703531034390746,0.1484292985333309,0.18579592038824552,0.14307937308479687,-0.18499549170058469,Tokyo,533935631,random_forest,0.00800243502071983,0.33750554108470904,65.00374968846639
854.2937972593005,538.1789635976987,-316.1148336616017,-0.2917840545285207,-29.178405452852072,-0.41804113074574784,-0.8521982583267858,-0.39464565102865284,-1.0340707403517342,Tokyo,533935632,random_forest,-0.6002235470866967,-0.4197885701917447,64.47500069936116
631.8317686571941,533.5946397736501,-98.23712888354397,-0.06811746985196969,-6.811746985196968,-0.13920581310710833,-0.2648325900049317,-0.13483410637883134,-0.6816154030344511,Tokyo,533935633,random_forest,0.0049180478912351005,0.3748332875785285,76.13041766484578
948.7039278993856,463.98562684546033,-484.71830105392525,-0.4635731791449858,-46.35731791449859,-0.6887657398195021,-1.306727960698827,-0.6444177557817642,-1.30477722049805,Tokyo,533935634,random_forest,0.7837000520840026,0.955614627400824,94.8824987411499
945.1464682495542,629.6926170423548,-315.4538512071995,-0.2536224441084499,-25.362244410844994,-0.3540195802731409,-0.8504163486014448,-0.3409628464692438,-0.9739354130625575,Tokyo,533935641,random_forest,-0.5652275404788603,-0.5503595037758335,40.00333333015442
1172.6813136200717,636.4381874474009,-536.2431261726707,-0.35139273635925944,-35.13927363592594,-0.5405843455089941,-1.4456311741867196,-0.5062284484623123,-1.1280025097846773,Tokyo,533935642,random_forest,-0.12878521573271537,-0.05944941753415193,39.48249999682108
950.3672503431944,634.9626299817445,-315.40462036144993,-0.2596938345420058,-25.969383454200578,-0.37154628441498067,-0.850283629612849,-0.3567435899340751,-0.9835027517257664,Tokyo,533935643,random_forest,0.8947939009142905,0.9934010192752898,46.321249643961586
595.0410262460936,610.9655362675775,15.92451002148392,0.16873204091103142,16.87320409110314,0.08218623509750304,0.04293009457298519,0.07819346548068262,-0.30838632042415587,Tokyo,533935644,random_forest,-0.27561929576465977,0.014877033155828346,41.305416901906334
657.2584775544256,603.3482097371907,-53.91026781723483,0.02934284733381361,2.9342847333813613,-0.03680951515244476,-0.14533400982049097,-0.03705274155267002,-0.5280367671446086,Tokyo,533935651,random_forest,0.10572356260779103,0.41811970532578835,46.98041661580404
578.0480422625668,636.7868485158907,58.7388062533239,0.2242119379872395,22.42119379872395,0.14349856889641974,0.15835102644649335,0.13917309632127423,-0.22096071830929012,Tokyo,533935652,random_forest,0.27731191324053883,0.34137359974598136,45.68583329518636
767.9063162332044,671.4497399566718,-96.45657627653266,-0.056089260581453054,-5.608926058145305,-0.11147588995334101,-0.2600324867861799,-0.1082827766965329,-0.6626612684153103,Tokyo,533935653,random_forest,0.1083743835381487,0.2095065774088265,42.62958343823751
533.2502011968767,574.5014854445745,41.251284247697946,0.316352136390366,31.635213639036603,0.1568522812091093,0.1112072856007248,0.14761341784642557,-0.07576556206537208,Tokyo,533935654,random_forest,0.28641007995836926,0.40439651793479114,51.136249701182045
427.0484924232392,614.4426773588734,187.39418493563414,0.5824161410108761,58.24161410108761,0.40039716720918594,0.5051866632543708,0.3845134792677391,0.34349992022434983,Tokyo,533935661,random_forest,-0.22632063547543158,0.07357206822686825,48.072916666666664
222.64444154218972,592.8177205993283,370.1732790571385,2.3014595439823524,230.14595439823526,1.051389204585319,0.9979317327111167,0.9164505873047663,3.052380298281477,Tokyo,533935662,random_forest,0.575996960684348,0.9184893954027439,54.2820831934611
322.89957470970904,515.7425979728021,192.84302326309307,1.0335842655189695,103.35842655189695,0.5453644612295099,0.5198759155073528,0.49342269891953205,1.054453743479904,Tokyo,533935664,random_forest,0.04450142127576471,0.4253028091414026,66.04791688919067
366.55570731172,562.8072713068951,196.25156399517505,0.8785672888398559,87.85672888398558,0.49080029266113706,0.5290648309456764,0.44963176080779427,0.8101769290225567,Tokyo,533935672,random_forest,0.15898801253192188,0.4724333791462142,50.85541661580404
416.2297608413092,589.7745281489988,173.54476730768954,0.6697658330663603,66.97658330663603,0.4163540378248763,0.467850707061916,0.39083664971672444,0.4811461637278128,Tokyo,533935674,random_forest,-0.021629284803164363,0.34659998541754045,48.82583347956339
667.7711630151226,616.5828091530014,-51.18835386212117,-0.008323088654200025,-0.8323088654200023,-0.04802883358545366,-0.13799613736131253,-0.04604607372153452,-0.5873910072660133,Tokyo,533935681,random_forest,-0.21736940637341431,0.08855683836091001,45.46124998728434
272.80064474416014,628.9849944291965,356.1843496850363,1.9887695032174764,198.87695032174761,0.9307932402625543,0.9602196737461027,0.8179057562199908,2.559641188624506,Tokyo,533935683,random_forest,-0.4813057097240209,0.050773300481832276,45.770417054494224
305.3620451394407,576.7926400899973,271.4305949505567,1.0842281230511979,108.42281230511976,0.6692623942390835,0.731736241523819,0.626936043813478,1.1342586813314064,Tokyo,533935684,random_forest,0.6151659459077069,0.9920794944512652,51.10833342870077
794.1302318868408,637.617468011579,-156.51276387526175,-0.1131798653857361,-11.317986538573612,-0.18023911735950102,-0.42193497608274716,-0.17592966913762567,-0.7526250348091146,Tokyo,533935701,random_forest,0.14140322798455787,0.32899823457786087,36.7820835908254
582.0483966951816,638.2451968819379,56.19680018675632,0.2635505766393837,26.355057663938368,0.14744320507888173,0.1514981587164582,0.1394587318974881,-0.158970621863749,Tokyo,533935702,random_forest,-0.5855176426900833,-0.39501391501049554,36.57041645050049
705.8498491555874,645.0071462058476,-60.84270294973976,0.08979645748728242,8.97964574872824,-0.017090211067480876,-0.1640228169145876,-0.016854594976584668,-0.43277355386891436,Tokyo,533935703,random_forest,-0.07679557373869052,0.22765768004735598,39.32833377520243
590.9208905849974,590.4492305153973,-0.4716600696000886,0.0884426006113501,8.84426006113501,0.03244978778215324,-0.0012715249239640726,0.03144295193021782,-0.43490697081439195,Tokyo,533935704,random_forest,-0.13985088187387007,0.1988737158947544,46.64541673660278
724.7326956671433,651.5075839531213,-73.22511171402202,-0.05594267755410862,-5.594267755410862,-0.09449573574763419,-0.19740393687211474,-0.09273925489100127,-0.6624302818760274,Tokyo,533935711,random_forest,-0.47180636949793925,-0.28342090470366443,37.05750036239624
691.2829008256527,669.6905971535925,-21.592303672060307,0.07927559336987738,7.927559336987739,0.007439080462497675,-0.05820961759197574,0.005570532195176979,-0.44935240366327106,Tokyo,533935712,random_forest,-0.19708277652323647,0.10321321555530714,35.488750060399376
900.397064484127,642.3793434708796,-258.01772101324735,-0.18519251566565953,-18.519251566565952,-0.29145428582533145,-0.6955771417557647,-0.2797598035326963,-0.8661030627506879,Tokyo,533935713,random_forest,-0.2231967163394278,-0.0680240609888324,45.40833330154419
890.3027526881721,659.4845077992148,-230.81824488895725,-0.1948736028679945,-19.487360286799447,-0.2628014576710567,-0.6222514268184697,-0.25669812666106095,-0.8813585863257959,Tokyo,533935714,random_forest,0.1621755649469253,0.04157498205009579,34.55208317438761
574.86320874936,663.72644658206,88.86323783270011,0.2631449230167961,26.31449230167961,0.18313202210693827,0.23956198332462098,0.17864985748286918,-0.1596098536228866,Tokyo,533935721,random_forest,-0.22273955989844782,0.12934211563971657,39.13958342870077
464.2831961648304,647.1745238388249,182.8913276739945,0.5782066081947158,57.820660819471584,0.3893465642966733,0.49304763430905013,0.37262183002246285,0.3368665095572467,Tokyo,533935722,random_forest,-0.35472412032739775,0.04052008687505381,44.46416664123535
440.5314601133093,658.2216588993739,217.69019878606454,0.6335111600961689,63.351116009616895,0.4340845430005023,0.5868601802435137,0.4157672894179126,0.42401580154378193,Tokyo,533935723,random_forest,-0.47291344203907715,-0.20243647290194253,35.456666469573975
753.935805909785,617.9896623936927,-135.9461435160924,-0.016583511959209464,-1.6583511959209467,-0.13568389331349953,-0.36649044712238005,-0.13015908945825252,-0.6004078389333853,Tokyo,533935724,random_forest,-0.5374773945630842,-0.2150698212221241,39.01708356539408
580.7833212122817,543.6980767032318,-37.08524450904993,0.06894462087631022,6.894462087631022,-0.030180880520857472,-0.0999762662642625,-0.030669958285355067,-0.4656320209351198,Tokyo,533935731,random_forest,-0.30528579640535786,0.10649861194996083,66.72416766484578
843.2975380184331,623.9968364534228,-219.30070156501037,-0.17879205089873207,-17.879205089873206,-0.2628970229062275,-0.5912018545880885,-0.2523346161542824,-0.8560171664972219,Tokyo,533935733,random_forest,-0.22964071663911073,-0.059277833385462,44.81541649500529
544.2706193201882,661.5264166744016,117.25579735421341,0.3459819123422118,34.598191234221176,0.22318658452311002,0.3161040724553542,0.21542890634709608,-0.02907475801502443,Tokyo,533935734,random_forest,0.1934107588838002,0.41375373803802296,46.352916876475014
574.1256121671787,512.435882685617,-61.68972948156168,0.029457023531688723,2.945702353168872,-0.07792273154259144,-0.1663062736154773,-0.08015910875282926,-0.5278568475093449,Tokyo,533935743,random_forest,-0.233351861749707,0.2342996766286927,63.5483333269755
803.2775135909387,588.0604005654634,-215.2171130254754,-0.20980054040279847,-20.980054040279846,-0.2922912331095886,-0.5801931113386646,-0.2834351132108053,-0.904880556813929,Tokyo,533935751,random_forest,-0.010367553910423065,0.21998581615276136,48.46958327293396
705.3592363053305,564.2645589526959,-141.09467735263453,-0.11632196177273528,-11.632196177273526,-0.18978115313664257,-0.38037012343372506,-0.18439611633963549,-0.7575763718341098,Tokyo,533935752,random_forest,0.035943406999420446,0.37453441367691326,60.355416774749756
271.5017438909194,561.9701181214606,290.4683742305412,1.3005107637966329,130.05107637966327,0.751904375634751,0.7830592438546118,0.6939543733326697,1.4750783491867674,Tokyo,533935753,random_forest,-0.49450702603087887,0.11171227850488258,63.577500661214195
490.5293981908176,546.0570154764297,55.52761728561217,0.19187533543613258,19.18753354361326,0.12022594386306273,0.14969414181458898,0.11818691259234136,-0.2719169582694391,Tokyo,533935754,random_forest,0.39054091691479287,0.7627246267680409,66.81833299001057
325.8762700114343,451.09705732983474,125.22078731840038,0.5942891007178973,59.42891007178972,0.3813376996302933,0.33757649276681834,0.3611117100162131,0.36220941151713376,Tokyo,533935761,random_forest,-0.12002478567458022,0.4760579167238601,75.52750015258789
271.2796630029839,492.6398129996535,221.3601499966696,1.0085691027213535,100.85691027213535,0.6154882742261443,0.5967538191898275,0.5751172462893412,1.0150346784701236,Tokyo,533935762,random_forest,-0.31305680935152264,0.2837144704277465,97.75708293914795
537.1769513811643,492.7820926118184,-44.394858769345795,0.015346444422169911,1.5346444422169911,-0.04856716420515909,-0.11968189181024091,-0.04860488057884074,-0.5500923947949607,Tokyo,533935771,random_forest,-0.06661581884615045,0.3490004644473405,74.5025003751119
499.3312104983761,624.8249638495677,125.49375335119153,0.46813897072198324,46.81389707219832,0.2627155254291769,0.3383123683188527,0.24449660913001114,0.16342117193889338,Tokyo,533935772,random_forest,0.03964631403667481,0.4390382377164166,56.66333278020223
462.8077294546851,629.0693783543293,166.2616488996442,0.5787908664156761,57.8790866415676,0.3667624265236927,0.4482165103662678,0.34742324484320525,0.3377871876667942,Tokyo,533935781,random_forest,0.2544204479067596,0.5978597325287479,51.24708318710327
414.2993629191353,559.1994839470852,144.90012102794984,0.3989178778287911,39.89178778287911,0.30574247417961664,0.390629029777032,0.29872096313327967,0.05434209926282719,Tokyo,533935782,random_forest,-0.08817834315609607,0.451783366721538,56.631250063578285
406.4674283913343,600.8891448373325,194.4217164459982,0.6225668727944967,62.25668727944967,0.42850870001025826,0.5241318359439885,0.41095207577244414,0.40676971859318667,Tokyo,533935783,random_forest,1.4301411458505333,1.6001413731312024,48.74999984105428
262.4236686827957,498.22460656372544,235.80093788092972,1.0321060667839073,103.21060667839073,0.660830993521691,0.6356840210449133,0.6242923382559945,1.052124387780474,Tokyo,533935791,random_forest,0.03045772873831333,0.5186212462663062,64.54708337783813
1327.055255984383,634.8352718686969,-692.2199841156862,-0.4521206901526474,-45.212069015264746,-0.6788195339509242,-1.866121428119616,-0.633289855339688,-1.286730309839695,Tokyo,533935801,random_forest,-0.32097837690537695,-0.11273896952352813,36.196249643961586
685.2903711917562,636.1510961886565,-49.13927500309975,0.10891883735014608,10.891883735014611,-0.01736521921913085,-0.13247212757472462,-0.0169084018777954,-0.40264037660141433,Tokyo,533935802,random_forest,0.07385310259946277,0.28559485573267995,42.48791662851969
467.61757027671837,663.1634197585546,195.54584948183629,0.5330423193124594,53.304231931245944,0.3756410509942087,0.5271623302873648,0.36176464587062734,0.2656963135455767,Tokyo,533935803,random_forest,0.3763824592387553,0.45503460985950717,34.23333326975504
1240.2193531139096,622.2538492721353,-617.9655038417743,-0.43285924900057854,-43.28592490005786,-0.6493329268940652,-1.6659424677417913,-0.6056288391813335,-1.2563779988394317,Tokyo,533935804,random_forest,0.18118211198766965,0.33215874606611495,32.94708307584127
721.7249912159896,617.8023268906635,-103.92266432532601,-0.08703660122080997,-8.703660122080997,-0.138396670218962,-0.28015994223645846,-0.13555067291715625,-0.7114282999318465,Tokyo,533935811,random_forest,0.028293546386534894,0.29350833722617625,43.111666679382324
739.1936339285713,631.9822077016572,-107.21142622691423,-0.008701071618993647,-0.8701071618993644,-0.08870526586339052,-0.289025951882767,-0.08606997620459551,-0.5879866354129232,Tokyo,533935812,random_forest,-0.028231219297391887,0.09313348964318695,38.43333307902018
1084.2951627513814,623.1177378651611,-461.1774248862204,-0.34727783833195125,-34.727783833195126,-0.504069722682909,-1.2432652834266802,-0.47651946707587167,-1.1215182252665474,Tokyo,533935813,random_forest,-0.4962968984016654,-0.3463483254190993,34.97749996185303
881.5008997055811,661.5151889103112,-219.9857107952699,-0.13791941255848603,-13.791941255848604,-0.23039518969837958,-0.5930485369035089,-0.22148585820289035,-0.7916097828279479,Tokyo,533935814,random_forest,0.014628986045271448,0.22286164870216651,35.75083311398824
930.2300804531491,648.8900142132643,-281.3400662398847,-0.19988898613631786,-19.988898613631786,-0.29809896557209564,-0.7584506923323652,-0.2895250199914286,-0.8892618616593406,Tokyo,533935821,random_forest,-0.5199467791255941,-0.3707098608677218,40.161666552225746
825.8009328917051,630.4277285267257,-195.3732043649794,-0.05452060690118959,-5.452060690118959,-0.1831908028183792,-0.5266969049032096,-0.1748239497179416,-0.660189373193184,Tokyo,533935822,random_forest,-0.31561673389050493,-0.08916623922617019,39.52833366394043
321.6023166460431,651.7735724181797,330.1712557721366,1.1829718267886757,118.29718267886757,0.7365273195448724,0.890092267608638,0.6915591878047516,1.2898596865467347,Tokyo,533935823,random_forest,0.28095801899680095,0.5770645699421353,38.692083517710365
853.1429253072197,639.843684538973,-213.29924076824673,-0.14573593537498505,-14.573593537498503,-0.24262810125918202,-0.5750228149043849,-0.23475449164787246,-0.8039271130626875,Tokyo,533935824,random_forest,-0.07486978113244024,0.13890602201996596,41.73791686693827
936.4297838592705,657.5892661645183,-278.84051769475207,-0.23925612842614177,-23.925612842614175,-0.3272837343013794,-0.7517122837227724,-0.31611490686774213,-0.9512968743325235,Tokyo,533935831,random_forest,-0.42404444820703613,-0.1636143946511817,42.675000508626304
633.6758072836661,639.5346501931855,5.858842909519406,0.2059322136088185,20.593221360881852,0.09021620801415264,0.01579456321447899,0.08519885370653518,-0.2497660332881923,Tokyo,533935832,random_forest,-0.3693103485592212,-0.038786074291838515,41.93583345413208
930.1273540596253,594.4785890955671,-335.6487649640581,-0.25610489246270784,-25.610489246270788,-0.3905168571289952,-0.9048588122192003,-0.37252311621253104,-0.9778472721958202,Tokyo,533935833,random_forest,0.20818815801648188,0.2337186457348953,53.43958330154419
1190.847906559537,533.4864007190158,-657.3615058405212,-0.507414108430219,-50.741410843021896,-0.772372938369949,-1.7721481901986837,-0.7161201621193443,-1.3738620573853992,Tokyo,533935834,random_forest,-0.3682719361117969,-0.31200169882333173,54.169167041778564
255.75652937788016,648.8172456126796,393.0607162347994,2.675859674132077,267.5859674132077,1.0645449888840728,1.0596328363083172,0.8974841684175406,3.642362589799833,Tokyo,533935841,random_forest,-0.11708408726749267,0.25692714043633963,41.49624983469645
490.07466947732934,650.4678512593474,160.39318178201805,0.4995104332709241,49.95104332709241,0.3409021509606068,0.43239600172780684,0.32772532337783006,0.2128565376678121,Tokyo,533935843,random_forest,-0.03986135854351362,0.18705235333397913,34.35666632652283
479.0399793575755,648.222138053405,169.18215869582957,0.5094463461115134,50.94463461115134,0.34937544518055574,0.4560897674763717,0.33529622671512893,0.2285136172304535,Tokyo,533935844,random_forest,0.07569196321808822,0.3698685274817693,36.81750011444092
465.53828655516713,525.0715810232072,59.53329446803999,0.19779590831859958,19.779590831859956,0.13024565537729868,0.16049284771125247,0.1257024852910891,-0.2625872789370563,Tokyo,533935851,random_forest,-0.11084779974480918,0.4699799268274537,88.56916681925456
453.55005802263713,454.5916880719422,1.0416300493050674,0.1432602164569212,14.326021645692117,0.034561795781835825,0.0028080786452079954,0.02994882606355312,-0.34852499600255243,Tokyo,533935852,random_forest,-0.04698066213348242,0.2946269394814016,121.21041647593181
447.8699496916768,496.1932087924063,48.32325910072952,0.25794975494753675,25.794975494753675,0.14729936014619582,0.13027227088748267,0.13956545126985473,-0.16779643507813044,Tokyo,533935853,random_forest,-0.13581597260337477,0.3089208858971439,95.92874956130981
405.6881645637888,487.59554316862653,81.90737860483772,0.27642219472816737,27.642219472816738,0.1900598067216893,0.2208100283768305,0.18471048829605471,-0.13868743784740578,Tokyo,533935861,random_forest,-0.23361835716459922,0.29784475025521534,138.51458422342935
350.89687325533663,468.5423632459978,117.64548999066119,0.4559329074148942,45.59329074148942,0.31736389500616075,0.3171546254528737,0.30638320844130257,0.1441867737097724,Tokyo,533935862,random_forest,0.6970686563773504,1.0020901214271982,98.45041688283284
274.78516525053124,462.14857453280683,187.3634092822756,0.7941045129267793,79.41045129267793,0.5450699940601454,0.5051036967010861,0.5228049379850621,0.6770799077654581,Tokyo,533935864,random_forest,0.19404956321291825,0.5978725739134502,123.45958296457927
632.8851044543937,601.9526811291075,-30.932423325286198,0.016698893962704024,1.6698893962704016,-0.03009611750218984,-0.08338918164104409,-0.029303512424971843,-0.5479611955382506,Tokyo,533935871,random_forest,0.4161276597766342,0.4300349602788188,52.33750009536743
672.5093186269821,494.288888954435,-178.2204296725471,-0.1928112091900751,-19.28112091900751,-0.2786052230625628,-0.48045559269066573,-0.26836596414524666,-0.8781086522308872,Tokyo,533935873,random_forest,-0.14293690699251596,0.3165883880618118,70.16416724522908
270.40519930108013,549.8702490328039,279.46504973172375,1.1109092263067533,111.09092263067532,0.7061752826323276,0.7533959285805975,0.6662310552242378,1.1763029467344537,Tokyo,533935882,random_forest,0.754192489378097,1.180528563844373,63.33791700998942
441.8746350166411,483.97480449096116,42.10016947432013,0.21401189544536858,21.40118954453686,0.12095627498258865,0.11349575306448573,0.11660419273201245,-0.23703401526576062,Tokyo,533935883,random_forest,2.369470749535511,2.231005102602643,106.07541720072429
386.33983899769584,436.6218367804566,50.281997782760754,0.22034081881757941,22.034081881757942,0.14103649561773865,0.13555273708392573,0.13677457789274686,-0.22706085443248902,Tokyo,533935893,random_forest,0.3537231037355541,0.7768700619821136,129.20083395640054
793.3496294372495,644.3601026107378,-148.98952682651168,-0.08005883587992521,-8.005883587992521,-0.16209879965170468,-0.4016534554857492,-0.15849539490691653,-0.7004326894766733,Tokyo,533935901,random_forest,-0.46501832921535674,-0.45559227319172757,35.207916498184204
473.05040882616487,648.3185880187744,175.26817919260964,0.48350065663459213,48.35006566345922,0.345362774504288,0.47249676744983443,0.33374158718038743,0.18762822190087347,Tokyo,533935902,random_forest,-0.14148929391385218,-0.1269112655364904,35.909583568573
687.8254768062397,639.7264343797182,-48.09904242652155,0.032949098399684885,3.2949098399684886,-0.03263329694420972,-0.12966781630673874,-0.032220680500057074,-0.5223540119949711,Tokyo,533935903,random_forest,-0.05571559013024038,0.19415271881524063,45.89833354949951
803.3930075524833,641.8030008629202,-161.59000668956315,-0.11587280957339863,-11.587280957339864,-0.18411648180926565,-0.4356224624728407,-0.17972331339116757,-0.756868594719558,Tokyo,533935911,random_forest,-0.23950896136435543,-0.09575485388255292,40.01833359400431
751.4015268883414,616.2901940896942,-135.1113327986474,-0.0015030366025062987,-0.15030366025062966,-0.10706461969947152,-0.3642399224279244,-0.10466864643820606,-0.5766439224930363,Tokyo,533935912,random_forest,-0.5152877848440315,-0.5002333738021055,39.843750397364296
672.165414906554,564.235751057978,-107.92966384857608,-0.04137220650970305,-4.137220650970305,-0.14124378572313778,-0.29096221296597896,-0.1345364431102598,-0.6394700337269613,Tokyo,533935913,random_forest,-0.05305327407795313,0.1874399644321276,55.516666889190674
771.5949370839734,576.7395947286651,-194.8553423553083,-0.15357767478221127,-15.357767478221128,-0.2429744996317943,-0.5253008264668282,-0.23270852873802164,-0.8162841797739488,Tokyo,533935914,random_forest,-0.2646296606510619,-0.099209231010882,53.487916469573975
633.8202748015873,702.0504615998102,68.23018679822289,0.20367790856245138,20.36779085624514,0.14168346333968831,0.18393836721057266,0.13887390089092247,-0.25331838263301004,Tokyo,533935921,random_forest,-0.15692365302788167,0.0991749492602678,37.21041671435038
963.2790889855572,632.6261734861702,-330.652915499387,-0.2677369928760895,-26.77369928760895,-0.37592930988730194,-0.891390750112336,-0.3608314464030226,-0.9961772157626511,Tokyo,533935922,random_forest,0.09960955334137059,0.23204714491368186,39.31541609764099
958.6442333445893,574.523372160106,-384.1208611844833,-0.315080912604951,-31.508091260495103,-0.4656342263291034,-1.0355323256953644,-0.4410726463218986,-1.070782089003279,Tokyo,533935923,random_forest,-0.20566298154290513,-0.03326346801036615,50.73583364486694
1089.908606695932,611.0688439114055,-478.83976278452656,-0.34575812297729164,-34.575812297729165,-0.5181293382286639,-1.2908803017431838,-0.48691702812607324,-1.119123447393369,Tokyo,533935924,random_forest,0.023290898520862517,0.19886024425551083,45.179166634877525
492.22133870636685,581.0955776537293,88.87423894736237,0.3969666733751442,39.69666733751442,0.22564860705597536,0.23959164068250657,0.20926261583132252,0.05126737790970405,Tokyo,533935931,random_forest,0.22125446480325456,0.47839086999792546,59.321666399637856
846.0684237380159,560.485901380781,-285.5825223572347,-0.1901809085055175,-19.01809085055175,-0.3508361751596092,-0.7698877187836572,-0.3235355632500444,-0.8739638063820435,Tokyo,533935932,random_forest,0.02682046769613185,0.23063086185053094,62.35500033696493
964.325311474831,578.749077455267,-385.576234019564,-0.23502576614045476,-23.502576614045477,-0.4385176572494445,-1.0394557929395483,-0.40746009996902627,-0.9446306404445589,Tokyo,533935933,random_forest,0.23425366550372126,0.3665359377992263,52.03041648864746
661.2567173259089,549.4393281946511,-111.8173891312577,-0.03406583574104185,-3.4065835741041837,-0.1300279922653159,-0.3014429382023687,-0.12702652513288856,-0.6279566045861819,Tokyo,533935934,random_forest,0.08750679565992169,0.3326128474108682,52.54874976476034
580.5815182731695,634.5560275872431,53.97450931407357,0.22667722731471843,22.667722731471844,0.1316471159759828,0.14550719527681436,0.12459803393127815,-0.21707589848804673,Tokyo,533935941,random_forest,0.46623110020444547,0.4080503980209369,37.8454163869222
439.54458666154636,586.6746207969658,147.1300341354194,0.4747119061990574,47.47119061990574,0.3123106172032846,0.3966405416203513,0.299171622599635,0.17377884871965654,Tokyo,533935943,random_forest,-0.11210837617209818,0.11188919053947718,46.01250012715658
412.8538747962168,615.4058595103205,202.5519847141037,0.8185326970831864,81.85326970831863,0.4765264926820487,0.5460498218149902,0.4421243950294398,0.7155740078088154,Tokyo,533935944,random_forest,-0.3648452348929287,0.09373759978098138,49.69916613896688
567.244406089087,510.9502174302565,-56.29418865883054,-0.038681014591502576,-3.868101459150257,-0.094033854911673,-0.1517607034547782,-0.09185834477054616,-0.6352292350547477,Tokyo,533935951,random_forest,0.5282621982329622,0.8238558707682391,77.8895829518636
787.7428907600892,539.7524594932208,-247.9904312668683,-0.2088816333227671,-20.888163332276708,-0.33174669629275805,-0.66854507002847,-0.31405062631868474,-0.903432536738315,Tokyo,533935953,random_forest,0.15610782196533377,0.48078405495758497,59.3700000445048
335.037560396693,462.16808831865274,127.13052792195974,0.5212097869928994,52.12097869928994,0.3444742388665647,0.3427248674803929,0.32918102256411463,0.24705052800707478,Tokyo,533935964,random_forest,1.2368878857514911,1.1561386689707476,99.0320831934611
367.4618784880742,493.4372061221407,125.9753276340665,0.43453327998506075,43.453327998506076,0.3170034287487156,0.33961062047730833,0.30776989884278494,0.11046509411622307,Tokyo,533935972,random_forest,1.0099282645104497,1.1968208495336425,81.95458316802979
467.0900328262542,550.348346761151,83.25831393489692,0.42385945943977615,42.38594594397761,0.23697670569028986,0.22445194774535018,0.22363918750210457,0.093645214534332,Tokyo,533936893,random_forest,0.1768527681127821,0.5484208170027988,53.35125001271566
445.7066406258277,514.8422026143415,69.13556198851391,0.4779922427376562,47.799224273765624,0.2568894964360868,0.18637912315790114,0.2404155684801443,0.17894802552314742,Tokyo,533936894,random_forest,0.3070520829601969,0.6310685398086842,64.43999989827473
344.7269153528284,487.06061354599115,142.33369819316275,0.6049426546439908,60.494265464399085,0.3904484533042845,0.383710338095904,0.3698054622647617,0.37899735482158037,Tokyo,533936944,random_forest,1.6887908985089246,1.7656759919997589,71.4104175567627
510.57505146174566,522.4378379276029,11.862786465857297,0.40577377416855426,40.57737741685542,0.12701736438887248,0.031980296046240704,0.10483254275384206,0.06514566771064852,Tokyo,533936991,random_forest,0.2114417966849661,0.6760813376576069,66.31208356221516
251.65726627310278,541.2059172403134,289.54865096721056,1.5902720128324015,159.02720128324015,0.8143878087239743,0.780579807650767,0.7310656926574016,1.9316861116653175,Tokyo,533936993,random_forest,0.8177576522338921,1.1989763664702915,60.90541664759318
298.01764709499497,619.8647228640101,321.84707576901513,1.3186364286404892,131.86364286404893,0.7758005300343306,0.867651524735266,0.7193750963396771,1.5036408960950591,Tokyo,533937703,random_forest,-0.5042424638196882,0.04236152403462346,40.330833435058594
527.3716556369952,637.4752734843938,110.10361784739855,0.7449648023835178,74.4964802383518,0.35369072548106706,0.29682286743138225,0.3155896632754404,0.5996452150497579,Tokyo,533937801,random_forest,-0.6673357225852435,-0.14238442000951065,41.78291686375936
581.7018124370994,537.0225678643245,-44.67924457277488,0.10567896030016673,10.567896030016671,-0.02381197780778921,-0.12044855335398409,-0.02868720241419849,-0.407745797065398,Tokyo,533937803,random_forest,-0.2815521158789109,0.1254404875072557,57.35333363215128
475.4290409096527,593.1647175199581,117.73567661030536,0.5772353848202298,57.72353848202298,0.3032452172545721,0.31739775507540646,0.2762775215519309,0.33533604910621456,Tokyo,533937902,random_forest,0.9430951954264921,1.1693502804253797,46.18375015258789
467.5588277539418,560.1849344362702,92.62610668232843,0.3744802562408272,37.448025624082725,0.2237885731747694,0.24970611431278625,0.21067378054100738,0.0158331276501313,Tokyo,533937903,random_forest,0.030577805828228038,0.49475488712876214,53.456249713897705
288.5869248594277,580.0817701878626,291.4948453284349,1.76820194699888,176.82019469988802,0.8238712778182942,0.7858264562366292,0.7207761632035732,2.212069321594408,Tokyo,533937904,random_forest,0.17546361276444142,0.34718344375447907,47.941250006357826
297.4603236399101,482.05847118871384,184.59814754880372,0.7634198027087645,76.34198027087645,0.5213306311368407,0.49764896512210216,0.49893150481195,0.628726731067145,Tokyo,533941294,random_forest,-0.7111833974561111,-1.3712711720583424,3.9879166980584464
264.4998514582653,554.3560357435935,289.8561842853281,1.3798434705329576,137.98434705329578,0.7872897638865958,0.7814088714281339,0.7243802112047658,1.6000913722696735,Tokyo,533941674,random_forest,-1.5348203756710619,-2.0399021135651823,4.636250019073486
313.98246757706977,615.1523167450516,301.16984916798185,1.1956541600635056,119.56541600635056,0.7235283297825369,0.811908817908379,0.6750558968361626,1.3098445942557446,Tokyo,533941683,random_forest,1.7802028661203664,0.7686339194888914,5.615416636069615
485.98643801203275,586.8524890751007,100.86605106306797,0.2939029968010669,29.390299680106693,0.2054861042989393,0.27191977056117633,0.20033775969004616,-0.11114107011397652,Tokyo,533941684,random_forest,-0.9455210980168126,-1.4291005704479607,6.191666702429454
497.8436838727334,465.0819734654219,-32.76171040731145,0.017328024036014345,1.7328024036014353,-0.050423059984768336,-0.0883206657072123,-0.048485236285619925,-0.5469698080561836,Tokyo,533941771,random_forest,-0.8147098589129679,-1.42346016060201,4.52916665871938
943.7889779947296,523.1811989691747,-420.6077790255549,-0.3988356129500262,-39.88356129500262,-0.56856404570082,-1.133895592852766,-0.5383743943741789,-1.2027633199266226,Tokyo,533941772,random_forest,-0.7122167386584081,-1.1420949648252852,5.81916672984759
429.39130737591586,467.20321359722675,37.81190622131086,0.1757179361490693,17.57179361490693,0.11023747553670298,0.10193523743435456,0.1093826171181207,-0.2973778988213201,Tokyo,533941774,random_forest,-0.7452030028623924,-1.1505051212515949,3.6712500154972076
535.7169086087716,671.4971097390701,135.78020113029842,0.3798484693757291,37.984846937572904,0.262738044368975,0.3660430912975419,0.255892690313654,0.024292394705999535,Tokyo,533941781,random_forest,-0.6902912227296283,-1.2566341687175082,8.98083327213923
475.48781986047106,653.2072632040998,177.7194433436288,0.535338013350296,53.53380133502959,0.34388001805686,0.4791050085627259,0.3262490673978339,0.2693138839468643,Tokyo,533941782,random_forest,-1.1171955172754204,-1.5015065783770392,8.253749986489614
808.8697183819764,678.0736030836521,-130.79611529832445,-0.12483658916827857,-12.483658916827858,-0.15748336349670514,-0.3526067421830102,-0.15498935324104088,-0.7709937800498565,Tokyo,533941783,random_forest,-1.0904844404588288,-1.5325333933640646,8.315833389759064
500.9790568676395,625.0739113602103,124.09485449257085,0.35993338992649865,35.99333899264986,0.24933789870448886,0.3345411464591153,0.24106015408067447,-0.0070899240034741455,Tokyo,533941784,random_forest,-0.5116993317670206,-0.6946696203286995,7.2200000286102295
316.8099061633738,534.3733067263095,217.5634005629357,0.9192329503159448,91.92329503159448,0.5555900926236671,0.5865183512199982,0.5200960348294065,0.8742581571305117,Tokyo,533941791,random_forest,-0.8472883464007066,-1.2046247321908048,5.696666677792867
556.9340283538146,591.6211540169642,34.687125663149594,0.10568437193882461,10.568437193882462,0.07299927455072268,0.09351129693629784,0.07184340067044899,-0.4077372693681053,Tokyo,533941792,random_forest,-0.9625291575374406,-1.4481585475667018,5.7954166531562805
773.8440776402794,496.11183786160444,-277.7322397786749,-0.27797928566509705,-27.797928566509707,-0.404352874606448,-0.7487245324082168,-0.38413968788556313,-1.0123170909481753,Tokyo,533941794,random_forest,-0.9910489017817832,-1.502983301986857,4.142083356777827
421.6132611751152,554.1119104494996,132.49864927438443,0.4832091846172555,48.32091846172555,0.3195340686673844,0.35719651885478026,0.3056812252905015,0.18716891829797946,Tokyo,533941881,random_forest,-0.04367989850579608,-0.48767374781430944,5.506666660308838
367.78882746647037,502.64765545414747,134.85882798767707,0.5768432952060015,57.68432952060016,0.35538543917160687,0.3635592072661728,0.33591703657599864,0.3347181916044278,Tokyo,533941894,random_forest,0.35998093306624884,-0.5462259019711121,4.332499980926514
459.8302517650172,461.29620247628964,1.465950711272465,0.10220975143575133,10.220975143575131,0.033311136843342005,0.00395198361452614,0.032296230925198254,-0.4132126001745878,Tokyo,533941981,random_forest,-0.7364948284944608,-1.3174293854482193,3.885833332935969
582.728729216325,505.9390511358806,-76.7896780804444,-0.0751693552670075,-7.516935526700752,-0.12679154689945452,-0.2070134740582351,-0.12421400834572899,-0.6927278124105511,Tokyo,533941982,random_forest,-1.1122963008512359,-1.706825417621406,4.086250007152557
788.7592372631848,492.61093023674806,-296.1483070264368,-0.2402439545750353,-24.02439545750353,-0.38527443913552056,-0.7983714921917368,-0.36105865540177423,-0.9528534975492753,Tokyo,533941991,random_forest,-1.2932102597353219,-1.702623410961804,4.216666728258133
226.67098086669884,506.27289689796015,279.6019160312613,1.3961646693170782,139.61646693170783,0.8153196310414139,0.7537648996305748,0.7540188513084735,1.6258104291918258,Tokyo,533941992,random_forest,1.2073494276626278,0.4005390853091743,4.200416713953018
301.99952432418803,457.30464439072153,155.30512006653353,0.6093094867037884,60.93094867037885,0.42238347979445906,0.418679349200084,0.4059389340352924,0.38587863871505795,Tokyo,533941993,random_forest,-1.1272044969842736,-1.7185775827793115,3.427916685740153
477.9742887798612,427.65797444490414,-50.31631433495706,-0.023023645148917766,-2.302364514891776,-0.08021495597201111,-0.135645249370283,-0.07747417701051353,-0.6105562449593877,Tokyo,533942001,random_forest,-1.3154815907236197,-1.8010941901417095,3.799166669448217
243.89223278142674,529.3148207062051,285.4225879247783,1.7713333210287372,177.1333321028737,0.8627812376558396,0.7694565595014207,0.762001717396121,2.2170037622555196,Tokyo,533942002,random_forest,-1.347899049852155,-1.7257142238147616,5.587916672229767
880.2671811867307,652.9308597176627,-227.336321469068,-0.1527036910789757,-15.27036910789757,-0.26316360186679133,-0.6128646826417211,-0.2531450090107818,-0.8149069502634292,Tokyo,533942004,random_forest,-0.7139308755998576,-1.0876490712562854,7.822083334128062
495.6130160893055,612.4878679158616,116.87485182655598,0.3758314464517478,37.583144645174784,0.24764114508306964,0.3150771003533916,0.23763691809654494,0.017962342446604045,Tokyo,533942013,random_forest,1.7958570781620606,1.275975531137289,8.892916679382324
252.8046428235657,620.557542309338,367.75289948577233,1.851177317047388,185.11773170473876,0.9401242689285096,0.9914067518004898,0.8392371760985685,2.3428224784942877,Tokyo,533942014,random_forest,-0.5576492772139452,-1.2272545936123314,7.472500026226044
414.4222496159755,629.0616815828013,214.63943196682587,0.6678015428794798,66.78015428794797,0.4449664752052159,0.578635769703199,0.4244889490955878,0.4780508217865605,Tokyo,533942022,random_forest,-0.5700659333563062,-1.1896470124749319,6.4224999944369
527.7903110190776,654.5322474680071,126.74193644892948,0.3942217658527898,39.42217658527898,0.24982977362164985,0.34167728305456513,0.2376402054144611,0.04694193382025623,Tokyo,533942024,random_forest,-0.46650580502749833,-0.8162232821819279,7.735833366711934
591.4151888760881,655.0054276598845,63.59023878379637,0.30393850961894486,30.393850961894486,0.16564104906781926,0.17142976212292282,0.15806199394053802,-0.09532704022438829,Tokyo,533942031,random_forest,-0.3340383126397093,-0.6885190788963274,12.192083398501078
1081.7908817104983,668.449930200158,-413.3409515103405,-0.30390348207820406,-30.39034820782041,-0.436375118380556,-1.1143053139648853,-0.413366111855569,-1.0531686173604666,Tokyo,533942032,random_forest,-0.7823551487476904,-1.1129840361441712,14.948333183924357
999.1188032347327,692.5686560019543,-306.55014723277833,-0.22743117316341546,-22.74311731634155,-0.32488905436653953,-0.8264132958760495,-0.31257957828097,-0.932663028772119,Tokyo,533942033,random_forest,-0.6887342484384408,-1.0642749647004275,12.694166779518127
637.3486563300052,775.9385361248177,138.58987979481253,0.3875971075269169,38.75971075269169,0.2548439155721704,0.37361756427187903,0.24614638507817532,0.03650275181980756,Tokyo,533942034,random_forest,-0.5525498636825958,-0.8422919752666516,14.785833160082499
570.794169308491,644.7382893494621,73.94412004097117,0.2278135478221844,22.78135478221844,0.16263401446657044,0.19934227566138032,0.15916447185572433,-0.21528527684316115,Tokyo,533942041,random_forest,-0.967597566011254,-0.9984951451921664,12.702500025431315
658.5481357206861,707.6502810478254,49.10214532713917,0.19848046526614793,19.848046526614795,0.1099020124412839,0.13237203152792,0.10607077464416409,-0.2615085494066262,Tokyo,533942042,random_forest,4.29780555850468,3.769923515565961,11.792083303133646
485.7106826599661,646.3061021198145,160.5954194598484,0.550607099802791,55.06070998027911,0.349906501404641,0.4329412042253257,0.3306449912611851,0.29337501504484853,Tokyo,533942043,random_forest,-0.344032436522976,-0.8934581352793567,12.673333406448364
955.1703812083973,677.8856050620394,-277.28477614635796,-0.09933406298326196,-9.933406298326195,-0.2509363000370765,-0.7475182374561321,-0.23774752635208654,-0.7308067244734443,Tokyo,533942044,random_forest,-0.5975036118297709,-1.1071925158684863,13.585416634877523
547.3589764034554,702.2330627124747,154.87408630901948,0.49925757567425927,49.92575756742593,0.3102421123670944,0.4175173467303525,0.29427339147036174,0.21245808293370588,Tokyo,533942051,random_forest,-0.6392145993885222,-0.8819813706219144,15.164166529973349
953.2505898198174,689.0806503469856,-264.1699394728318,-0.2103933269559571,-21.039332695595707,-0.2816583442997637,-0.7121626015248442,-0.27329265411167425,-0.9058146739278145,Tokyo,533942053,random_forest,0.5601182041339481,0.16421484804023032,16.326666633288067
477.4516600290005,732.3315112894234,254.87985126042284,0.6461908859921717,64.61908859921716,0.4464789732105497,0.6871179147487969,0.42874497852470594,0.4439966005273632,Tokyo,533942054,random_forest,3.6526522091437283,3.1272259413061705,17.315416653951008
845.1421031602573,690.0161361399527,-155.12596702030484,-0.12096951074253194,-12.096951074253193,-0.17072818558944103,-0.4181963794128026,-0.16667253627392173,-0.7649000113586149,Tokyo,533942061,random_forest,0.33329042011746085,0.1752841623402397,19.3737500111262
692.6163818925789,706.5591978346511,13.942815942072007,0.15471751980101175,15.471751980101175,0.07248751199979246,0.03758774406241352,0.06920358517099746,-0.3304704988557051,Tokyo,533942062,random_forest,-0.225809780980316,-0.15799432135841918,19.81458330154419
488.11278888800604,728.5466456770024,240.4338567889963,0.7246823023525386,72.46823023525386,0.46404183814440253,0.6481736767143149,0.4392379232321742,0.5676839124689793,Tokyo,533942063,random_forest,1.6367630454337583,1.4379983133927825,19.682499925295513
678.8261304690396,690.0172280269654,11.191097557925758,0.13029983302134748,13.029983302134747,0.05609892097550747,0.030169523325307757,0.05440055118291553,-0.3689480570608338,Tokyo,533942064,random_forest,-0.7266036416841695,-0.7939609215388629,21.956250031789143
683.9078652552661,713.960052345646,30.052187090379977,0.25424955802766747,25.424955802766746,0.10288618448825193,0.08101619655326987,0.0943276185898269,-0.1736272307484755,Tokyo,533942071,random_forest,0.5909380695355116,0.46255211574825716,13.884583274523417
825.4889940928633,692.7063246600836,-132.7826694327798,-0.05031445026533098,-5.031445026533098,-0.1201185751053186,-0.3579621946742622,-0.11510994389786493,-0.6535612827341433,Tokyo,533942072,random_forest,-0.35739696223888207,-0.7382881510250487,13.50041671593984
553.5704997539152,667.9933014026094,114.42280164869408,0.426641935773445,42.6641935773445,0.23830065639830325,0.3084667402298273,0.22229775209537458,0.09802985981417485,Tokyo,533942081,random_forest,1.152652274948717,0.8716747170542236,25.262499888737995
376.34108260501085,708.350044972039,332.0089623670281,0.9730968355149655,97.30968355149656,0.6401296012726303,0.895046449420804,0.6083247684522591,0.9591372366519089,Tokyo,533942082,random_forest,0.5253139084384121,0.16815036810918824,26.883749961853027
230.6416289680578,665.436067893184,434.79443892512614,2.2570944690322055,225.70944690322054,1.1087976297932671,1.1721407037128,0.981383602341313,2.9824695090624567,Tokyo,533942083,random_forest,-0.8453843033446211,-1.0467242197721742,26.41083351771037
327.71154833731583,648.8596065306978,321.148058193382,1.1394406295120074,113.94406295120075,0.7036420544570792,0.8657670780182478,0.6592827653741155,1.221262927481625,Tokyo,533942091,random_forest,-0.14171613043240916,-0.07367156700440577,34.45958352088928
494.0818026279199,632.1872587340474,138.10545610612752,0.5654187772089619,56.54187772089619,0.3305283448830186,0.37231163054201327,0.30970978343877315,0.3167153578321995,Tokyo,533942092,random_forest,-0.6698380190036748,-0.6128275744913013,35.41666634877523
290.95507295511123,678.0091304355391,387.05405748042773,1.584341959852743,158.4341959852743,0.8873264218900809,1.0434397837092149,0.8127843546267521,1.9223414935307965,Tokyo,533942094,random_forest,-0.4640003333157661,-0.6410790363118524,36.76874979337057
706.0209356009667,707.6024147405143,1.5814791395476817,0.11086733172282981,11.086733172282981,0.04106149578232728,0.004263430958590854,0.04047042320850441,-0.39956992581245,Tokyo,533942102,random_forest,-0.5487412874000342,-1.116160250392439,9.552916705608368
394.4781820276498,647.5269097623126,253.04872773466283,0.7420805739593325,74.20805739593324,0.5092318933952398,0.6821814799052982,0.4879869008255116,0.5951002281281915,Tokyo,533942104,random_forest,-0.2785024580973846,-0.8891173219765321,7.318749984105428
857.3984877112135,649.9425418354341,-207.45594587577952,-0.19728023490353133,-19.728023490353134,-0.24803318884369208,-0.5592701668158074,-0.24292817657615653,-0.8851509735843146,Tokyo,533942111,random_forest,-0.4021060763127808,-0.819541412463281,7.627499938011169
324.1733777361618,632.5986684749072,308.42529073874545,1.1874394472247152,118.74394472247151,0.7175370399539839,0.8314684019948867,0.6688595271040136,1.2968997934543756,Tokyo,533942112,random_forest,-0.5119802767000796,-0.7632361513036153,7.481666624546051
982.1540633640552,567.3917398190564,-414.76232354499894,-0.3516113729240766,-35.16113729240766,-0.5069772272733268,-1.118137120142216,-0.48098909034276677,-1.1283470387822205,Tokyo,533942113,random_forest,-1.0327320167854528,-1.4123277404755556,6.053749978542328
587.012463579217,601.2532108992251,14.240747320008206,0.16342865075926374,16.342865075926372,0.051489199461259405,0.03839092244679115,0.04538797372044744,-0.3167434389788543,Tokyo,533942114,random_forest,-0.2955235533480239,-0.8078456916867143,6.283749997615814
608.0989099462365,634.9659399317226,26.867029985486067,0.14327928932033374,14.327928932033373,0.06543981965535235,0.07242948992566026,0.06417449183030595,-0.34849494085364674,Tokyo,533942121,random_forest,-0.6991217505518791,-1.2038028462828312,7.1312500437100725
869.2982762345679,671.2238696239962,-198.0744066105717,-0.08584112417701469,-8.58411241770147,-0.20077595995947442,-0.5339789416947714,-0.18731915838827942,-0.7095444590115085,Tokyo,533942122,random_forest,-0.48517392516722446,-0.9959787072435826,8.286249975363413
453.43337250783316,581.1397775643414,127.70640505650825,0.4279457629814178,42.79457629814178,0.28930220856214856,0.3442773460065915,0.2778728817591218,0.1000844396659397,Tokyo,533942123,random_forest,-0.1197689808123297,-0.5488135639969456,6.011666655540466
977.664797779058,596.0797855992131,-381.5850121798447,-0.32109231727439586,-32.109231727439585,-0.4610264226714424,-1.0286960564823666,-0.4352130461014531,-1.0802549016882128,Tokyo,533942124,random_forest,-1.7831084958536465,-2.131921472543668,6.445416609446208
1083.6033217816973,670.2978295273335,-413.30549225436386,-0.284582363218443,-28.4582363218443,-0.43613379836159955,-1.1142097211202382,-0.4115336105217835,-1.0227222658193447,Tokyo,533942131,random_forest,-0.43617880398239117,-0.9669319658000579,10.729583382606506
786.8962299347158,667.6180643767444,-119.27816555797138,-0.012319177197173741,-1.231917719717374,-0.0942215017532591,-0.3215560743148524,-0.09261953108241965,-0.5936880709843168,Tokyo,533942132,random_forest,1.2924781669601015,0.8928052371324025,12.65416673819224
1423.0668059164063,594.4531327142064,-828.6136732022,-0.5258505192132603,-52.585051921326034,-0.8279791199842883,-2.233818391086941,-0.7558759858483818,-1.402914279874752,Tokyo,533942133,random_forest,1.839739386364645,1.3648926478633157,9.355000019073486
491.47813582821794,707.1757091173678,215.69757328914997,0.6695640316217931,66.95640316217931,0.4367366779316942,0.5814883602681628,0.4150543329786263,0.48082816362816055,Tokyo,533942141,random_forest,-0.5679172555155616,-1.12728142386217,17.31291659673055
966.4417850102406,692.016787292385,-274.4249977178556,-0.1851381092216405,-18.51381092216405,-0.27389632768199373,-0.7398087030197346,-0.2629806851165362,-0.8660173287032589,Tokyo,533942142,random_forest,-0.9952756809331487,-1.3388942929916976,18.109583298365276
758.8722898645829,707.9172999912411,-50.95498987334173,0.009754622566499766,0.9754622566499765,-0.03640291098958015,-0.13736702299015044,-0.03490445108422913,-0.5589040260058029,Tokyo,533942143,random_forest,-0.7016580091537392,-1.0515892283802273,20.40458337465922
1076.2223560162868,678.7977830250906,-397.4245729911963,-0.28924824874023464,-28.924824874023468,-0.41163033984922864,-1.0713971407046434,-0.3931927066108362,-1.0300748002081765,Tokyo,533942144,random_forest,-0.4582398010386581,-0.8045671888871444,18.44166688124339
476.0246426971326,709.9760778195154,233.95143512238266,0.6825342591596276,68.25342591596278,0.4484295144789636,0.6306980385418219,0.4264362156279958,0.5012667370902636,Tokyo,533942151,random_forest,0.22645674086821754,-0.13794692179887058,16.075833360354107
867.1947743840893,710.0201526992249,-157.17462168486446,-0.06325312041987692,-6.325312041987691,-0.14387731087294023,-0.423719245634638,-0.13711608350284218,-0.6739501278553415,Tokyo,533942152,random_forest,1.40504296310488,1.2186315431451764,15.730833371480307
600.37026859319,706.8957237876342,106.52545519444423,0.3064398909498979,30.64398909498979,0.20021744192557692,0.2871766766926019,0.19166027120732443,-0.09138534637666787,Tokyo,533942153,random_forest,-0.2628287770807214,-0.37852636186353916,14.566666523615519
816.461473406298,679.3323375239299,-137.12913588236805,-0.0910155098650051,-9.101550986500511,-0.14720186090030696,-0.36967961740735694,-0.1433290650819932,-0.7176982914478903,Tokyo,533942154,random_forest,-0.11466672121264798,-0.4263093081303424,15.129999915758768
581.6307330114491,676.7815277898063,95.15079477835725,0.24881062440516433,24.88106244051643,0.1733186215650547,0.25651229538734266,0.169133752471836,-0.1821979396334788,Tokyo,533942162,random_forest,-0.7242678675440275,-0.79962197277111,23.547916611035664
1489.1139478521109,690.0297637260019,-799.084184126109,-0.4940283693111245,-49.40283693111244,-0.7304413313907938,-2.154211310114387,-0.6840012555101783,-1.3527687179253085,Tokyo,533942163,random_forest,-0.7469009973009579,-1.3215365964172063,15.432499845822653
298.950393418834,672.963021061497,374.01262764266295,1.439259014509415,143.92590145094152,0.84450903270058,1.0082820416156204,0.7819233428017514,1.6937187937479237,Tokyo,533942164,random_forest,-0.5032261362336509,-0.655028393966723,17.005833347638447
626.9515934779826,691.4088647376481,64.45727125966557,0.29976556546464805,29.976556546464806,0.16410446840959614,0.17376715185338845,0.15470065811128922,-0.10190279422731988,Tokyo,533942174,random_forest,-0.6902862681541845,-0.7912097832728624,31.196666717529297
505.1254286619171,675.1826813608168,170.05725269889965,0.6093610679889745,60.93610679889745,0.37930418878372407,0.458448889877084,0.3572828600433342,0.3859599208578323,Tokyo,533942181,random_forest,-0.6836231401009488,-0.6687069183359546,24.166249990463257
891.0749750968889,687.8380424901626,-203.2369326067263,-0.10760158168344498,-10.760158168344498,-0.1911468249905933,-0.5478963387733259,-0.18270798112672695,-0.7438347371131679,Tokyo,533942182,random_forest,-1.0101103137009957,-1.3386967399290373,18.205833355585735
490.32975700844855,706.0586085335976,215.728851525149,0.5974025580996508,59.74025580996508,0.3880658991720796,0.5815726817089922,0.3694172762030765,0.36711561900134887,Tokyo,533942183,random_forest,-0.8876337992451551,-1.2791980342184133,20.15083320935567
475.78168241167435,711.0660300203708,235.28434760869655,0.7378523410790038,73.78523410790037,0.46948830691139554,0.6342913710222418,0.4435691008389044,0.5884373497717872,Tokyo,533942184,random_forest,-0.6274724302755457,-0.8778888894392208,15.22041666507721
864.9563927070643,699.5712900341123,-165.385102672952,-0.09650877481848492,-9.650877481848491,-0.16624530044254907,-0.4458534729881179,-0.16040607780847504,-0.7263546160166756,Tokyo,533942191,random_forest,-1.4937817785371656,-1.7088711467035083,20.00041655699412
855.4068287449018,704.7118784595833,-150.69495028531833,0.00730978793212906,0.7309787932129058,-0.10855720305470977,-0.4062510217703497,-0.10596915652388873,-0.5627566131814341,Tokyo,533942193,random_forest,-0.41460783439086185,-0.3981289091752705,15.770000100135803
536.8761970619913,710.8829720242798,174.00677496228843,0.5241668279976301,52.41668279976302,0.3446896714379146,0.46909621052033423,0.3288971765182993,0.25171025349217835,Tokyo,533942194,random_forest,-1.0539547337021493,-1.348751865844203,18.921249906222027
477.2669235826649,478.35204772638804,1.0851241437231802,0.09850758775371664,9.850758775371663,0.031208380580477257,0.002925332211202609,0.02982617036278649,-0.4190464950822348,Tokyo,533942211,random_forest,0.008952350726712407,-0.8229425374370033,4.127499947945277
350.2739756464414,506.0475952159582,155.77361956951685,0.5811075299828615,58.11075299828616,0.40202686145216066,0.41994235370969446,0.3860770356496695,0.341437801996171,Tokyo,533942212,random_forest,-0.06511292267284083,-0.8062299856679136,4.236249973376592
180.62231922411195,439.58164671065475,258.9593274865428,1.7143693098052435,171.43693098052435,0.943586083343441,0.6981155718170081,0.8595562426000528,2.1272394828940935,Tokyo,533942213,random_forest,0.17140844677564654,-0.6948780248267391,2.7187499900658927
369.2386467870189,586.0008570850089,216.76221029799,0.6705155624467464,67.05155624467464,0.47028695819572014,0.5843584622313468,0.45354508965936874,0.482327592424651,Tokyo,533942224,random_forest,-0.6080803715566072,-1.0906211559685148,6.368333379427592
831.5472673616629,592.8804817774018,-238.6667855842612,-0.20261548186141384,-20.261548186141383,-0.2865656361264771,-0.6434099173374718,-0.2753931212266786,-0.8935582923124599,Tokyo,533942231,random_forest,-0.46291479581779427,-0.8737265106388492,8.98541671037674
866.9252080706959,644.6167509079141,-222.30845716278176,-0.1480828428764537,-14.808284287645373,-0.2423264258324358,-0.5993103133155815,-0.23203548613628566,-0.8076253859910233,Tokyo,533942232,random_forest,0.01201802414387043,-0.5667897458266374,9.65250007311503
407.89229687049396,583.5921153967041,175.69981852621015,0.5923765154080388,59.23765154080388,0.37587323513358467,0.4736604024620195,0.35776494948763865,0.359195546475518,Tokyo,533942233,random_forest,-0.3017232429241782,-0.8258817907681715,6.460000018278758
998.8497668330774,589.6222271649082,-409.22753966816913,-0.36448920647649036,-36.44892064764903,-0.497065902544599,-1.103216171557124,-0.4777049884365743,-1.1486400171687576,Tokyo,533942234,random_forest,-0.8489938307689301,-1.3044037053168782,6.042499999205272
779.5407597915232,704.9000204819353,-74.64073930958794,0.0339782205450929,3.3978220545092896,-0.0496552425923138,-0.2012202569017912,-0.04819227452311866,-0.520732314263837,Tokyo,533942241,random_forest,-0.932656252526829,-1.4063528059300374,13.900000035762787
1187.8851950315166,672.0553136706892,-515.8298813608274,-0.37208820424354694,-37.20882042435469,-0.5303572135949545,-1.390600122736367,-0.5035683106126962,-1.1606145699395005,Tokyo,533942242,random_forest,-0.7573339286540104,-0.9478011071829046,12.947499910990397
1008.1976232487156,578.156735909429,-430.0408873392865,-0.35573595427019405,-35.573595427019406,-0.5252486984075059,-1.1593258404069684,-0.49508598470469,-1.134846582340507,Tokyo,533942243,random_forest,-0.593229993529766,-0.960102347380414,8.009166598320007
536.31751045672,627.2839016015396,90.96639114481958,0.2417446468292326,24.17446468292326,0.16519573328611722,0.2452317697399623,0.15978702120936636,-0.19333255553331405,Tokyo,533942244,random_forest,0.16487199637819866,-0.36011175664042105,7.682916700839996
388.44599464069915,699.9986203963905,311.55262575569145,1.0476513563784933,104.76513563784933,0.639478487330248,0.8398992289313371,0.5974890156097806,1.0766207616830754,Tokyo,533942252,random_forest,0.3429245650613781,-0.03364302925696671,11.739999930063883
800.9653066507367,680.2670930232782,-120.69821362745851,-0.06234385489197646,-6.234385489197646,-0.1330343141644252,-0.325384311280324,-0.12656646295218307,-0.6725173010036659,Tokyo,533942261,random_forest,0.5850701902791704,0.3144512712789305,19.838750044504803
280.2613013312852,708.0165418002503,427.75524046896504,1.6923290282820098,169.232902828201,0.9485287387847189,1.153164078684255,0.868589264712945,2.092508256188625,Tokyo,533942272,random_forest,0.5551712885789568,0.31031964609397983,24.87375005086263
278.04761209735847,696.9301556845993,418.88254358724083,1.7473237516914033,174.73237516914034,0.9507213467153078,1.129244616437946,0.8647784088868941,2.1791693183135683,Tokyo,533942273,random_forest,0.3001290151207054,0.41818586071569586,16.547499815622967
827.3977601126472,656.1436512166273,-171.25410889601991,-0.1655785119699875,-16.557851196998747,-0.21291807544666638,-0.4616754349741273,-0.2077077743375119,-0.8351951812774779,Tokyo,533942281,random_forest,-1.146379624907021,-1.6683243479236443,15.862083355585733
554.5938547294613,696.7683750449415,142.17452031548024,0.42068270802574514,42.06827080257451,0.2777601155533015,0.3832812183720558,0.26663978174228203,0.08863926788018774,Tokyo,533942282,random_forest,0.14280945005663995,0.045041711162717664,14.182500004768372
715.9629328166658,647.9176585191329,-68.04527429753291,-0.021214969974432604,-2.121496997443261,-0.06485295560544509,-0.18343987079645138,-0.062083892212150195,-0.6077061222213737,Tokyo,533942283,random_forest,-0.5163729706420604,-1.1011968296427586,12.165000021457672
312.20201801255513,648.959108560105,336.7570905475499,1.2868542011808435,128.68542011808435,0.7758150645785822,0.9078466920379684,0.7229898670921838,1.4535582442041508,Tokyo,533942284,random_forest,1.5137606419921072,1.1779374718060047,10.824166695276896
645.9849976922968,679.123093934588,33.13809624229129,0.13913844731860106,13.913844731860108,0.08148930694489025,0.08933534556045847,0.07951825419078767,-0.3550201080645148,Tokyo,533942291,random_forest,-1.343218671957631,-1.4428669734637165,16.114166537920635
1202.2699218697583,681.239757551498,-521.0301643182603,-0.37062216157474676,-37.06221615747467,-0.5267642053311342,-1.4046193069290167,-0.5015879643803866,-1.1583043698526136,Tokyo,533942292,random_forest,-1.0033098674400622,-1.1263724461327245,18.134166677792866
700.8321667626728,716.7270557574207,15.894888994747802,0.15135972120278818,15.13597212027882,0.05937500595885762,0.042850240720187525,0.05622798975433441,-0.3357617409037376,Tokyo,533942293,random_forest,-0.9280442339107924,-1.1579253179155988,13.766666611035665
522.2886967596271,716.9810963824461,194.69239962281907,0.5771198113303265,57.71198113303265,0.3754913702923722,0.5248615572581489,0.35716941312885436,0.33515392760859475,Tokyo,533942294,random_forest,-0.6245134889324073,-0.7281765490570716,14.87416664759318
630.7908172882911,465.48483086316133,-165.3059864251298,-0.1836020741259253,-18.36020741259253,-0.26584768336697934,-0.44564018743040307,-0.25584952626628316,-0.8635968340702569,Tokyo,533942314,random_forest,-0.5571328164087885,-1.0482480124684816,4.135000050067902
717.7556778622338,511.0924516434975,-206.66322621873624,-0.050985309354972676,-5.0985309354972665,-0.21184061543995136,-0.5571331133177206,-0.2001885945647902,-0.6546184270861884,Tokyo,533942321,random_forest,-0.667396735377239,-1.2063197261949425,5.177500019470851
570.8498332053251,533.4640474347925,-37.38578577053264,0.057265356308962116,5.726535630896212,-0.029289478455157354,-0.10078648050389254,-0.028397752999955842,-0.4840362860990704,Tokyo,533942322,random_forest,-0.8116468746179833,-1.3003121888586935,5.015833348035812
443.99459370363996,479.4750741249375,35.48048042129761,0.21540907248742305,21.54090724874231,0.10280118767922812,0.09565006257186669,0.09796235638991323,-0.2348323341055578,Tokyo,533942331,random_forest,-0.9735610405352706,-1.318303198902344,3.793750007947286
270.613435278673,684.4796372193231,413.86620194065,1.88906200622061,188.906200622061,0.9815434771157195,1.1157213104770083,0.8812296472044016,2.402521431384448,Tokyo,533942361,random_forest,0.5499715973679169,0.5637146879089189,15.516250014305115
219.8824513900905,603.5038273895087,383.62137599941826,1.8860583601210748,188.6058360121075,0.9993580035645508,1.0341857884264802,0.9033181788255104,2.3977882652714837,Tokyo,533942363,random_forest,0.3559066102379972,0.35858759487373293,7.533750057220459
1205.5739415256369,716.271501099015,-489.3024404266219,-0.35675135310619405,-35.6751353106194,-0.4878976099401326,-1.3190861140448396,-0.46663193951643134,-1.1364466547866057,Tokyo,533942384,random_forest,-1.5549333210462277,-1.806927329706029,16.208333174387615
308.0774240453882,689.3684770271224,381.291052981734,1.4830325467516572,148.30325467516573,0.8425970713240383,1.0279035865000272,0.7740441717705361,1.762697425912936,Tokyo,533942393,random_forest,-0.2816498502393642,-0.4362251496461158,19.68208332856496
757.0522381956583,725.3476837070067,-31.70455448865155,0.05829099469392881,5.829099469392882,-0.0023358931395794182,-0.08547073164297843,-0.0017889816738176773,-0.4824200781015202,Tokyo,533942394,random_forest,-1.0650942894687205,-1.1373252738437938,22.547500093777973
311.781205982159,637.0974853736225,325.3162793914635,1.232371093024142,123.2371093024142,0.7557170585762757,0.8770039782427036,0.7072599269249645,1.367703388901407,Tokyo,533942442,random_forest,0.24867425876838595,-0.08984983616691258,8.705416659514109
242.81995212616212,702.7804938503292,459.9605417241672,2.149632704550244,214.9632704550244,1.1026862842707812,1.2399847486309004,0.9865397495778662,2.813130523965632,Tokyo,533942471,random_forest,-2.0437507185250534,-2.441093068508105,16.144166787465412
687.5860197452638,686.7137722887279,-0.8722474565357506,0.10295100166607857,10.295100166607858,0.04308405223418051,-0.002351448537481348,0.04265992499323525,-0.412044532980535,Tokyo,533942473,random_forest,-0.3594524107538815,-0.8085755786842417,19.867500106493633
1041.1905142342903,695.7948245659423,-345.39568966834787,-0.26618828429780655,-26.618828429780653,-0.3670795437988293,-0.931135061773278,-0.3525488955498082,-0.9937367501689449,Tokyo,533942474,random_forest,-0.08239863305543395,-0.34774961196111526,22.327500025431316
446.0370737578791,632.9672649755524,186.9301912176733,0.6565261679746918,65.65261679746918,0.39577524814022585,0.5039358056665105,0.3715482562057655,0.46028300872144456,Tokyo,533942481,random_forest,2.957776052048394,2.493342237528588,25.106666644414265
724.9803794229038,699.2791413718884,-25.701238051015295,0.02288548965335449,2.288548965335449,-0.014845828638041661,-0.06928668942933518,-0.014448497914029265,-0.538212315641206,Tokyo,533942482,random_forest,-0.7314601117538961,-0.7636588716554524,20.92916691303253
827.4405739898388,673.5502480667221,-153.89032592311662,-0.09704851278040351,-9.704851278040351,-0.1647629527234382,-0.414865276032605,-0.1586249960321656,-0.7272051387968489,Tokyo,533942483,random_forest,0.015078703481235094,-0.17916189952118916,22.776249806086224
717.0358950071655,717.9432183125213,0.9073233053557767,0.09090053266222613,9.090053266222613,0.03922511547597204,0.0024460077738434186,0.03827960369632863,-0.43103374464005184,Tokyo,533942484,random_forest,-0.4504624433060424,-0.6427263084484993,24.71916651725769
1020.1018075595458,704.3864827273225,-315.71532483222336,-0.2007586710632854,-20.07586710632854,-0.3097831632225182,-0.8511212423429458,-0.2933086543024502,-0.8906323171287501,Tokyo,533942491,random_forest,-0.5168401321897651,-0.8240264711532511,21.504999955495197
1371.0950940451912,664.2126729157635,-706.8824211294277,-0.4610265112868057,-46.10265112868058,-0.6756804731092064,-1.9056491628393124,-0.634877798990395,-1.300764163830296,Tokyo,533942492,random_forest,-0.9096887071694737,-1.141838000546773,23.40333326657613
638.4150514592934,661.4326462228631,23.017594763569775,0.1793695588262841,17.93695588262841,0.09278236427498616,0.06205198895975945,0.0882441073015769,-0.29162364677551544,Tokyo,533942493,random_forest,0.004453348517344514,-0.21228394601697637,27.237916549046833
969.9496858546532,656.6466822772383,-313.303003577415,-0.22251259839475224,-22.25125983947522,-0.32900523794528097,-0.8446179854471526,-0.31427248420774906,-0.9249123049359391,Tokyo,533942494,random_forest,0.28978993776771034,0.04442622286591289,29.916666666666668
371.0282429963334,666.6566190659538,295.62837606962034,0.9082736481042968,90.82736481042969,0.5695621860577236,0.7969698361836436,0.5360502733764664,0.856988413581853,Tokyo,533942534,random_forest,-0.9279665635847858,-1.4219659972230754,7.612916628519694
431.646206963989,674.5587874158215,242.9125804518325,0.8088759429193656,80.88759429193657,0.507538319042313,0.6548559445594351,0.47736106786642124,0.7003568284025955,Tokyo,533942564,random_forest,4.909319205995948,4.233998343057295,14.459583322207132
1100.612989492293,691.8021650783649,-408.81082441392806,-0.31051080560200656,-31.051080560200656,-0.4253373235926889,-1.102092769628246,-0.408240111887373,-1.0635804830609867,Tokyo,533942571,random_forest,-0.7432270070291565,-0.9953173021042312,24.200416564941406
1195.6188313580344,714.3878434044899,-481.2309879535447,-0.3305878375906694,-33.05878375906694,-0.47475795910308016,-1.2973266867504936,-0.44994564944974447,-1.0952180076922462,Tokyo,533942572,random_forest,-0.6701993356604181,-0.9287780598923434,22.852083285649616
744.6178539536876,675.8500907028704,-68.76776325081717,0.13545578197078648,13.545578197078648,0.016097497215495287,-0.18538759283314735,0.016476783065208486,-0.36082327736344105,Tokyo,533942573,random_forest,0.17553300996942575,0.10358210477825265,31.83916664123535
679.7686616782707,630.71650780419,-49.05215387408072,0.07617722404777179,7.61772240477718,-0.01295493134908047,-0.1322372620559083,-0.012916265344879113,-0.45423483527966774,Tokyo,533942574,random_forest,-0.2271090326764804,-0.158892812920944,34.03333330154419
1126.2242649107475,674.0525988094643,-452.1716661012831,-0.3190076157567665,-31.90076157567665,-0.4592584108339057,-1.2189871062132362,-0.434723889383609,-1.0769698147465738,Tokyo,533942581,random_forest,-0.5201222008040542,-0.724018695177111,28.492500225702923
882.3726857224764,615.4456276429573,-266.927058079519,-0.24054835317238568,-24.05483531723857,-0.3225495128475092,-0.7195953804533218,-0.31249065435474216,-0.9533331709455638,Tokyo,533942582,random_forest,0.4504252195203215,0.4898484119884762,39.11374990145365
293.99455951022776,614.5228203161045,320.52826080587664,1.257258266271905,125.72582662719049,0.7682754650055582,0.8640961970664449,0.7184616533946393,1.4069207671011892,Tokyo,533942583,random_forest,1.7227214279141114,1.674735993722814,35.385833422342934
1015.9516239163445,627.9825054164121,-387.96911849993234,-0.31692488257103585,-31.69248825710358,-0.43377488825852284,-1.0459066512018025,-0.41615007219575767,-1.0736878295158336,Tokyo,533942591,random_forest,1.6528213612480047,1.4337687589732317,36.92458279927572
937.9459276983612,670.8480860353943,-267.09784166296686,-0.16751559864532625,-16.751559864532627,-0.27455732150980466,-0.7200557874221416,-0.25835432792111845,-0.8382476557387689,Tokyo,533942592,random_forest,0.009007875663364511,0.15776138549981025,32.76791659990946
992.2977616985264,683.9909897294054,-308.3067719691211,-0.22216485496041305,-22.216485496041305,-0.3115682010657014,-0.8311488931383012,-0.299861464767618,-0.9243643284484048,Tokyo,533942613,random_forest,-0.9732783792843029,-1.5168989741752283,8.513750036557516
990.2096048155357,658.6389110639062,-331.57069375162956,-0.1711585574158653,-17.115855741586532,-0.3241320326503431,-0.8938649428575222,-0.3050212034776491,-0.8439882551410448,Tokyo,533942614,random_forest,-1.0247793043071831,-1.2814322371672453,10.34541662534078
251.40465900920185,668.2239038498318,416.81924484062984,1.853626256877125,185.36262568771247,1.0055387343318223,1.1236822719636212,0.9127956796656087,2.3466815346649175,Tokyo,533942622,random_forest,-0.17163242177297305,-0.6084382532952866,12.002916614214579
557.6028514784947,646.269247750368,88.66639627187338,0.29426530902765125,29.426530902765126,0.19863718586295276,0.23903132795056015,0.19328768689839113,-0.11057013602375634,Tokyo,533942623,random_forest,-0.9142270090764067,-1.3583754661208545,12.325833320617676
1157.6435964541731,664.788257072897,-492.85533938127605,-0.3505023382322842,-35.05023382322842,-0.4935572249131,-1.328664197635844,-0.4697741141685671,-1.1265994143127116,Tokyo,533942624,random_forest,-1.0257401872661431,-1.3893160569249254,15.212083379427591
996.435362125245,726.8829732580688,-269.5523888671763,-0.15976064570471513,-15.976064570471513,-0.259303055566152,-0.7266728791548486,-0.24789893803978402,-0.8260273477365011,Tokyo,533942633,random_forest,-0.9331441043932138,-1.1857708494665922,18.18208344777425
1097.5252797034184,737.134121885313,-360.3911578181053,-0.22494275178450898,-22.494275178450902,-0.33969008411593665,-0.9715605985694982,-0.323920667799041,-0.9287417573056711,Tokyo,533942634,random_forest,-0.844216140414805,-0.8155092210812943,16.635000069936115
351.96465822209865,682.0947815197554,330.1301232976568,1.033579044331631,103.35790443316311,0.6745279931642482,0.8899813806163817,0.6403223343428158,1.054445515897106,Tokyo,533942641,random_forest,-1.602641368200943,-2.0810480868014447,10.100833356380463
1315.465003596368,666.6179090892173,-648.8470945071508,-0.29600844888693695,-29.600844888693697,-0.5450598440373483,-1.7491946121431106,-0.4947679546740707,-1.0407275699389968,Tokyo,533942642,random_forest,-0.8998201823253661,-1.3384589110298637,10.532499929269155
1577.0967774577573,681.1867871720025,-895.9099902857548,-0.5071823011789082,-50.71823011789082,-0.8029762974957085,-2.415239185379072,-0.7290225290581372,-1.3734967739297974,Tokyo,533942643,random_forest,-1.1135780011190817,-1.543273142420737,13.572500030199686
1154.4455112448575,646.6742388887295,-507.77127235612807,-0.38783352675291677,-38.783352675291674,-0.5489321096978516,-1.3688753195096606,-0.5222790953524097,-1.185426157080399,Tokyo,533942644,random_forest,-0.79643601748515,-1.130247479553121,13.022083381811777
486.23310923071494,677.1606277442315,190.92751851351667,0.515668495839537,51.56684958395369,0.3697964918125476,0.5147120015192065,0.3586306024245283,0.23831852342330562,Tokyo,533942651,random_forest,-0.7462345594146986,-1.1403030985326434,14.554166674613953
713.0546677636626,669.6521310212614,-43.40253674240114,-0.0006619165183682519,-0.06619165183682559,-0.03886734227104353,-0.11700674021021569,-0.038008408512666014,-0.5753184796987633,Tokyo,533942652,random_forest,-0.15378787501349817,-0.49285326459614565,13.18624989191691
923.9207038210446,721.63872615553,-202.28197766551457,-0.14141499875554517,-14.141499875554517,-0.20075643494724563,-0.5453219232413031,-0.19406606236304602,-0.7971181515187284,Tokyo,533942653,random_forest,-0.47085472315112553,-0.8410087680435472,15.06375002861023
737.3088225254692,678.7057733584185,-58.603049167050735,0.03761007311417627,3.7610073114176275,-0.041876050019984956,-0.15798504566938956,-0.041720158228203054,-0.5150092160899457,Tokyo,533942654,random_forest,-0.2727452076294857,-0.5435762124985084,13.107916593551636
565.2179805373597,698.070697172549,132.85271663518927,0.3476014638617648,34.76014638617648,0.2249192516920094,0.3581510314434912,0.2161622120955402,-0.026522657628852534,Tokyo,533942661,random_forest,-0.22266504857887123,-0.695024161260357,10.529999951521555
657.7901958569487,722.7622031049087,64.97200724796015,0.29025909852439064,29.025909852439067,0.15978107329672378,0.1751548030042115,0.152372022924686,-0.11688314999646353,Tokyo,533942662,random_forest,0.23948357325040134,0.14416560169432244,15.696666797002157
608.9724258192524,682.6214907782567,73.64906495900425,0.40436247297953204,40.43624729795321,0.21252669464137794,0.19854685134025582,0.19597258708847407,0.06292172962283607,Tokyo,533942664,random_forest,-0.236871443148809,-0.5531471414052626,15.305000027020773
1005.7417908666154,667.5359807210153,-338.2058101456002,-0.23015425050473856,-23.015425050473855,-0.3374299393720885,-0.9117522231513356,-0.32010755657418394,-0.9369540727126567,Tokyo,533942671,random_forest,0.6472814416610532,0.4109672226981455,36.57708326975504
288.98244952420606,639.3685503334794,350.3861008092735,1.3913771426489274,139.13771426489274,0.8322622108127312,0.944588462973628,0.7742992530762224,1.6182662118507387,Tokyo,533942672,random_forest,0.41664754085343064,0.8408347169140296,40.417499939600624
774.2720263884476,656.150540352936,-118.12148603551141,0.04659830854823329,4.659830854823329,-0.07110444277957617,-0.3184378395168681,-0.06880910864456595,-0.5008454930806326,Tokyo,533942673,random_forest,0.28035089744552677,0.18392422496956434,32.21416680018107
507.4934432629907,621.890884041874,114.39744077888325,0.3660825762342443,36.60825762342443,0.2531756618155654,0.3083983711222087,0.245551717553402,0.002600005931556181,Tokyo,533942674,random_forest,2.774683419771414,2.444232049283563,36.60916646321615
294.22911701410345,688.9733819397931,394.7442649256897,1.506430282647529,150.64302826475293,0.8679957574957283,1.0641714314940178,0.8003483257798875,1.7995677385238515,Tokyo,533942681,random_forest,0.9744662822824222,0.9902311996115686,25.146250009536743
521.0553921818081,719.1003303817778,198.04493819996955,0.48654274951907506,48.6542749519075,0.3419513661053773,0.533899499272219,0.32971987914645695,0.19242197272110204,Tokyo,533942683,random_forest,1.5191110546545634,1.1683384540746744,20.114999850591023
848.6730587072055,709.8654314031278,-138.8076273040777,-0.02683434057074857,-2.6834340570748565,-0.12714553945218846,-0.3742045789525929,-0.12312646548386541,-0.616561164926566,Tokyo,533942684,random_forest,-0.155482383839655,-0.5641671746221681,16.271249890327454
435.7994106086874,728.2080490677209,292.40863845903345,0.9077641720226483,90.77641720226482,0.5624581306502389,0.7882899056905727,0.5273327598371587,0.8561855776800474,Tokyo,533942693,random_forest,-0.20727465417152002,-0.38983872544044007,15.984166622161865
935.7262035354784,626.1653182476631,-309.5608852878153,-0.27475218107730753,-27.475218107730754,-0.3745881650477698,-0.8345297948617546,-0.3595846290325479,-1.0072317974176628,Tokyo,533942701,random_forest,-0.6532548798513009,-0.9730133701409013,8.865416586399078
868.3595250398248,670.6133792443837,-197.74614579544098,-0.15287989814548472,-15.287989814548473,-0.22742914815251855,-0.5330939996890736,-0.2217614716859887,-0.8151846185666938,Tokyo,533942702,random_forest,-0.8579312489688878,-1.0269520730956438,9.005416651566824
1200.942927795655,635.7010308385425,-565.2418969571124,-0.3729488174186441,-37.29488174186441,-0.5842575390470162,-1.5238075181117046,-0.5411652851857423,-1.1619707300801279,Tokyo,533942703,random_forest,-0.39934320538274326,-0.7330760107059843,7.00208334128062
484.4005951290449,639.9814848211669,155.58088969212193,0.49100150474737675,49.10015047473767,0.3402838660040836,0.4194227828185058,0.3274863636971908,0.19944810977362096,Tokyo,533942711,random_forest,-0.8312372338663871,-1.106853465318307,9.989999930063883
482.8225504504319,669.8455685493278,187.02301809889593,0.5165347806627311,51.65347806627312,0.36835964810773936,0.5041860530389211,0.3564980799733777,0.23968362098588183,Tokyo,533942712,random_forest,-0.8203651495612578,-1.1428803145550004,13.301666577657064
247.28562900025602,720.7779433846566,473.4923143844005,2.3383511467434324,233.83511467434323,1.1179972576331976,1.276464381552744,0.9828263813739255,3.1105143387960004,Tokyo,533942714,random_forest,0.17307085255517682,-0.5996832043537023,13.784166693687439
460.02162076690155,719.2204798150251,259.19885904812355,0.7002480466654181,70.02480466654181,0.4896039399772023,0.6987613130409455,0.47100094632412765,0.5291802448659049,Tokyo,533942721,random_forest,-0.596553775187757,-0.9791589626774443,16.27750019232432
757.5256776643361,667.3063910613317,-90.21928660300428,-0.011758558283364744,-1.1758558283364753,-0.07403260922592507,-0.24321768776238384,-0.07026497684583931,-0.5928046438570204,Tokyo,533942722,random_forest,-0.3058817619279025,-0.7523218703499335,19.464166680971783
370.5699634845596,682.8885496631423,312.31858617858273,1.467742421523902,146.7742421523902,0.7340736704539754,0.8419641435409245,0.6533252427426288,1.738603141768681,Tokyo,533942724,random_forest,0.19704527951698977,0.13715784904142436,23.69625000158946
1044.2731630333167,684.6642681257948,-359.60889490752174,-0.21901098915494485,-21.901098915494483,-0.3508596937534116,-0.9694517348941334,-0.33316806562018125,-0.9193944450931094,Tokyo,533942731,random_forest,-0.3194568705165089,-0.7336007244769243,22.737499872843426
623.5608347988065,746.0542646649811,122.49342986617476,0.4121618962844073,41.21618962844073,0.24930422977193956,0.3302239454545041,0.2359037992164994,0.07521211432994555,Tokyo,533942732,random_forest,-0.8949572984774821,-1.3099004307318625,16.40541664759318
632.8379228195203,714.4868849285054,81.64896210898536,0.36020403600792866,36.02040360079287,0.19515089113910145,0.2201133761978188,0.18225601780111142,-0.006663438053138904,Tokyo,533942733,random_forest,0.007035335143074511,0.06422699588900045,20.869999925295513
264.5765505190953,681.0205480184619,416.44399749936656,2.0011975803969015,200.11975803969014,1.015953083043174,1.1226706613189634,0.9081809298052862,2.579225437835509,Tokyo,533942741,random_forest,-1.2378439383356177,-1.6998099170706027,10.329583326975504
579.1200361303123,655.5684741754638,76.44843804515155,0.36872039404528034,36.87203940452803,0.19443161769437103,0.20609354201841423,0.18236085146233968,0.00675669731983275,Tokyo,533942742,random_forest,-0.3727177909430774,-0.8052885187194103,11.069166660308838
326.85014699251866,638.316367499902,311.46622050738324,1.2513730881045622,125.13730881045622,0.7319144452257703,0.8396662933197252,0.6769626901746387,1.397646863003522,Tokyo,533942744,random_forest,-0.8638905514078138,-1.1605957972583671,10.144583344459534
840.8041393214684,650.0113622431035,-190.79277707836488,-0.10683558944213134,-10.683558944213134,-0.20598534209696936,-0.5143487587854481,-0.19393073663793667,-0.742627681288602,Tokyo,533942751,random_forest,-0.6923229262575691,-1.0990581237515875,11.975416620572409
883.3265216013824,651.8277777788807,-231.49874382250184,-0.16504788520427136,-16.504788520427137,-0.2601494004888262,-0.6240859500492926,-0.2453024417329256,-0.8343590159827358,Tokyo,533942753,random_forest,-0.7304431540043681,-1.0980621206581107,9.597083449363708
929.4508279683187,700.5459565301627,-228.904871438156,-0.09034659978699922,-9.03465997869992,-0.21407081248648752,-0.6170932584926927,-0.20276218815748748,-0.716644218361741,Tokyo,533942762,random_forest,-0.22919318224258178,-0.3428903407817988,21.475416739781696
556.3592594921867,661.7175875406521,105.3583280484654,0.4124375511987242,41.243755119872425,0.24427906212389597,0.28403027666597797,0.2303358154948393,0.07564649323347838,Tokyo,533942763,random_forest,-0.15080753456584636,-0.16598602663212672,25.864583253860474
611.8939658858167,644.1802206686881,32.286254782871325,0.17883725070727105,17.883725070727102,0.10116044759299343,0.08703890853572412,0.0987179235195609,-0.29246246155830824,Tokyo,533942764,random_forest,-0.10681327372215015,-0.2877949887573281,30.304583231608074
579.6837654144425,618.7952309140068,39.111465499564325,0.19320823573625454,19.320823573625454,0.09599699552121806,0.10543865465996179,0.0924822422985699,-0.2698165648397761,Tokyo,533942771,random_forest,2.6395758733568933,2.1800014008410415,34.32416693369547
414.90885733229453,589.9228475293434,175.01399019704874,0.5275397015181337,52.75397015181338,0.3770808476683478,0.4718115119786068,0.3644240611838918,0.2570252507060748,Tokyo,533942773,random_forest,0.984527892676722,0.7960257855424999,42.240416844685875
897.0917510019952,699.1552053249738,-197.9365456770213,-0.10584766669279472,-10.584766669279471,-0.18328696920421073,-0.5336072892604262,-0.1760547521036303,-0.7410709058482098,Tokyo,533942782,random_forest,-0.9785695820868692,-1.1599393406333662,15.491666714350382
870.0725847414234,693.5311714278884,-176.54141331353506,-0.14209696087554222,-14.20969608755422,-0.19923728722283393,-0.47592921599306354,-0.19254267066448358,-0.7981927921021162,Tokyo,533942784,random_forest,-1.2250730833364216,-1.4237883078296727,13.047916611035665
589.974914202509,732.9405834562334,142.96566925372449,0.44057800226477545,44.05780022647755,0.2750639767877669,0.385414037447451,0.26167087401174594,0.1199904089198049,Tokyo,533942791,random_forest,-1.3941430346120374,-1.4213539363393612,16.65916669368744
1890.6560501582446,738.5221927669613,-1152.1338573912833,-0.5693847915260546,-56.93847915260545,-0.9055169774788866,-3.105980365601038,-0.8257217513718432,-1.4715158846028678,Tokyo,533942792,random_forest,-1.5052098169077772,-1.3634573079113579,19.09833323955536
316.62922610881577,693.3620491170259,376.73282300821006,1.498548162732365,149.85481627323648,0.8292155589587732,1.0156152810146593,0.7566781263352208,1.7871470399313822,Tokyo,533942793,random_forest,-0.3133924258066523,-0.47236543914336104,16.165833353996277
974.4992343101684,719.3498762667192,-255.14935804344904,-0.1366489690463121,-13.664896904631208,-0.251367393384117,-0.6878444646814331,-0.2399584937214394,-0.7896078092328608,Tokyo,533942794,random_forest,2.532466242418788,2.1773563594988694,17.325833400090534
795.2603262286334,546.1064558971286,-249.1538703315048,-0.23961799224452215,-23.961799224452218,-0.3346999597084355,-0.6716815275400271,-0.3228669935141214,-0.9518671018180221,Tokyo,533942801,random_forest,-0.3107071256236225,-0.9151195506913057,6.0141666531562805
652.2445263519087,650.6083190456973,-1.6362073062114295,0.08009000291404811,8.00900029140481,0.029559401427818766,-0.0044109699012340785,0.029369935240966465,-0.44806905152097315,Tokyo,533942802,random_forest,-0.5158667532120685,-1.03793678150098,6.57583334048589
408.84804537890426,583.6558195613746,174.80777418247047,0.5644256581280565,56.44256581280564,0.38495213864174405,0.4712555844809088,0.36901345578468114,0.3151503939769014,Tokyo,533942803,random_forest,0.11354544542774114,-0.6085965230678392,5.588750004768372
442.8712776565746,541.0880438512172,98.21676619464257,0.3690009794244347,36.90009794244347,0.24066390770378096,0.26477769524464595,0.23045716711304334,0.007198845683653681,Tokyo,533942804,random_forest,-0.5007579657191586,-0.8896552820428286,5.735833326975505
296.91300516616616,609.2434515744934,312.3304464083273,1.2714696506288627,127.14696506288628,0.758098667573745,0.8419961169444331,0.7045350901210657,1.4293151639867168,Tokyo,533942811,random_forest,0.7167007850130718,-0.26502282563832225,7.396666665871938
1302.2345086769692,643.307222359293,-658.9272863176762,-0.45359376913515254,-45.359376913515256,-0.6837285812181785,-1.7763692999140916,-0.6350395655499738,-1.2890515977979506,Tokyo,533942812,random_forest,-1.4708690627411487,-1.5177334766720825,9.84541658560435
753.0363554446643,547.5829806983373,-205.4533747463269,-0.20846838920688857,-20.846838920688857,-0.2999178067031607,-0.553871534904336,-0.2867034040904915,-0.9027813438278183,Tokyo,533942813,random_forest,-1.0782105043894534,-1.6257586359354488,5.46916667620341
781.2339862567756,590.8369405055785,-190.3970457511971,-0.15698494432661822,-15.698494432661823,-0.23867584283347534,-0.5132819263819465,-0.22880741633214177,-0.8216533784780894,Tokyo,533942814,random_forest,-1.1584375941537741,-1.6635582656871377,6.331666688124339
332.280346229607,668.4305363336638,336.1501901040567,1.3546633061216653,135.46633061216656,0.7659963849920319,0.9062105793161076,0.7032688665242229,1.5604122965860132,Tokyo,533942822,random_forest,0.6279732598536527,0.3786038843939279,24.49250014623006
639.0062676722422,645.8217609985365,6.8154933262943755,0.1582080979483715,15.820809794837151,0.0734153658963063,0.018373549494749352,0.06897220201880931,-0.32497002188396995,Tokyo,533942823,random_forest,-1.0764822422142433,-1.4261843020601415,13.262083351612091
1251.4159334037379,704.7731955089203,-546.6427378948176,-0.3741507541838045,-37.415075418380454,-0.5292166899114363,-1.473666970211324,-0.5019372965362915,-1.163864750273673,Tokyo,533942831,random_forest,-0.7159583059529514,-0.8803941008889883,15.550416588783264
875.6498891724932,625.6844888334543,-249.9654003390389,-0.22275873736662985,-22.275873736662984,-0.30317482335197,-0.6738692909264832,-0.2932225809126225,-0.925300172415051,Tokyo,533942832,random_forest,-1.269310101575689,-1.5728341538876014,11.701666633288065
570.264,634.9137215817116,64.64972158171156,0.19503172030788377,19.503172030788377,0.12666785733993677,0.17428596910521532,0.12358027384071273,-0.2669431053522274,Tokyo,533942833,random_forest,-1.0092061730544426,-1.3155096201134506,9.314999918142954
539.603737352466,638.2045834404813,98.60084608801515,0.25336406436942377,25.33640643694238,0.17724510939645155,0.2658131171272547,0.1732919917008309,-0.17502259772499515,Tokyo,533942834,random_forest,-1.3800552631655159,-1.784145324413275,8.155416707197825
475.14526409414344,696.7452476271405,221.59998353299707,0.6174097127892858,61.740971278928576,0.4130403257228032,0.5974003744924662,0.39382267910298374,0.398643030505807,Tokyo,533942841,random_forest,0.44046291363263335,0.009882833032874312,9.9525000055631
1016.4519116666226,639.151159775488,-377.3007518911345,-0.30398456189884165,-30.39845618988417,-0.43247449053330006,-1.0171463322446048,-0.4097119379727232,-1.0532963834976115,Tokyo,533942842,random_forest,-1.6242980007151127,-1.918859268885189,10.420416633288065
1135.9577785590693,607.4409139750888,-528.5168645839804,-0.4096824131745673,-40.96824131745672,-0.5910089912409475,-1.4248023298297745,-0.5577458210692999,-1.2198557820728226,Tokyo,533942843,random_forest,-0.9241204332466846,-1.379636278313608,7.7833333015441895
819.7854952305912,681.4151225734105,-138.37037265718078,-0.07128347134687645,-7.128347134687644,-0.1486267175256959,-0.3730258058965656,-0.14217621510591474,-0.686604409892351,Tokyo,533942844,random_forest,-0.3612724564873638,-0.9125525422848592,8.28208327293396
890.2249283794163,657.2258919536772,-232.99903642573915,-0.1741844145487389,-17.41844145487389,-0.2750737587877316,-0.6281305142623977,-0.26138004043699775,-0.848756421552595,Tokyo,533942851,random_forest,-0.8607579154792396,-1.2870700018047228,9.760416587193808
1053.7656516691093,655.2545580597156,-398.5110936093936,-0.31314247703784237,-31.314247703784236,-0.4491130725087105,-1.074326237601928,-0.42622054438826207,-1.0677274889490906,Tokyo,533942853,random_forest,-1.6335836693189774,-1.9432699594065803,8.560416638851166
560.3772650606562,639.6022980983754,79.2250330377192,0.3165374289148119,31.65374289148119,0.20122021024048276,0.21357882636694317,0.19523096520406727,-0.07547357683521182,Tokyo,533942854,random_forest,-0.13291083501102766,-0.1626314540070637,13.49958336353302
767.643395790296,666.950140534837,-100.69325525545896,-0.03226285595336217,-3.2262855953362153,-0.09390856694996781,-0.2714539389373172,-0.0904106453842055,-0.6251154566777366,Tokyo,533942861,random_forest,0.1309445601966699,0.10315926414431636,32.28583359718323
471.0386996276067,640.9938388950671,169.9551392674604,0.5173131274263085,51.73131274263085,0.3601399779523926,0.4581736073558042,0.3468896484327635,0.24091014515131864,Tokyo,533942862,random_forest,0.6486592943662812,0.4998553862428218,33.7220831712087
282.07267199114534,615.1341956258833,333.06152363473797,1.9240858832137304,192.40858832137303,0.9213801588082903,0.8978839969940533,0.8109184608018065,2.4577122968309815,Tokyo,533942863,random_forest,1.5180120320154233,1.508712326900245,44.357916831970215
1144.2651000384024,611.8600981048977,-532.4050019335048,-0.4170576886893154,-41.70576886893155,-0.5923192153541801,-1.4352841659366717,-0.5610562341958728,-1.2314777917848123,Tokyo,533942864,random_forest,0.4188864729024216,0.1066537596778614,47.58041652043661
369.5747136456733,568.2036808859702,198.6289672402969,0.7090352986862878,70.90352986862878,0.47901931270562326,0.5354739541157777,0.4580078539067442,0.5430272568350214,Tokyo,533942871,random_forest,0.15384592100257616,-0.3264892099621439,50.59166669845581
365.4188921464767,715.2892610461405,349.8703688996638,1.3489313061946497,134.89313061946498,0.7376877217042533,0.9431981269680629,0.672927602800821,1.5513797718094557,Tokyo,533942882,random_forest,-1.5219790481183535,-1.8235584699850051,15.196666717529297
538.0159261392729,737.0969980303533,199.08107189108043,0.6499221331428199,64.992213314282,0.3897016642648335,0.5366927605587287,0.3657868427232873,0.44987632536421207,Tokyo,533942891,random_forest,-0.6694791217258066,-0.7423278906191727,21.19083333015442
795.0922193778409,690.1343192607083,-104.95790011713267,0.0433262341922149,4.33262341922149,-0.07528473332559311,-0.2829507829208902,-0.07319715026525093,-0.5060016502801779,Tokyo,533942892,random_forest,0.37110757329031147,0.34842050137744124,19.960833311080933
657.1745370903737,706.2710121298893,49.0964750395155,0.4345814516344367,43.45814516344367,0.16859955736424015,0.13235674528152297,0.1490630219516707,0.11054100333151544,Tokyo,533942894,random_forest,-0.9126395966417604,-1.2100690277426498,20.52958329518636
494.1355652285118,522.3871058274145,28.25154059890266,0.1639462144245417,16.39462144245417,0.08924271559366159,0.07616192323074085,0.08634812707824273,-0.3159278586073272,Tokyo,533942901,random_forest,-0.28385727098512364,-0.8726383397372133,3.9487499992052713
668.1748458390226,507.17831390629004,-160.99653193273255,-0.16538385310440992,-16.538385310440994,-0.24398787628151508,-0.43402254339193685,-0.23270949513609085,-0.8348884365027582,Tokyo,533942902,random_forest,-1.5613136637903404,-2.0065899630068422,3.760000010331472
233.18578274913042,463.8462414604059,230.66045871127548,1.265920831295772,126.59208312957719,0.7448177797316378,0.6218260589094383,0.6902203874530288,1.4205712964457275,Tokyo,533942911,random_forest,-1.024714340236145,-1.6377843574678705,3.0170833269755044
589.3457331029186,398.743524444526,-190.60220865839264,-0.26791359296822514,-26.791359296822517,-0.3695216254199607,-0.5138350148598269,-0.35354420008099563,-0.9964555033983923,Tokyo,533942912,random_forest,-0.08530348471345296,-0.8376280711109405,3.0987500051657357
706.8890734226301,438.64147797275695,-268.2475954498732,-0.33503660725847695,-33.50366072584769,-0.45825081632304904,-0.7231553514740933,-0.4408156858988959,-1.1022284094300896,Tokyo,533942921,random_forest,-0.7475723770085734,-1.3916098518859672,3.9862500429153442
374.49406878012604,565.2351181963847,190.74104941625868,0.6862827071210211,68.62827071210211,0.4638873133640066,0.5142093087538137,0.4434866667010054,0.5071735670825925,Tokyo,533942931,random_forest,-0.5862655149173752,-1.2921541442311941,5.099583327770233
316.4852878528205,530.0648857746974,213.5795979218769,0.9213819465396237,92.13819465396237,0.5758586601957817,0.575778615811497,0.5413777772187461,0.8776445601106693,Tokyo,533942932,random_forest,-0.6394501875058178,-1.138156785217683,4.410833398501079
397.89801056067586,526.9663910945952,129.06838053391934,0.4655518891800103,46.55518891800102,0.32394889780794783,0.3479490279592834,0.3130502300277577,0.15934443111119212,Tokyo,533942941,random_forest,-0.9562507953355096,-1.2637254900087034,4.699583331743876
273.06230748874145,572.5920583902803,299.52975090153876,1.2984681686530724,129.84681686530723,0.7651454547860631,0.8074873585609704,0.708967350130838,1.4718596137580158,Tokyo,533942944,random_forest,0.2335257765171201,-0.62243970596857,5.7929165959358215
609.5700008498321,667.80414255059,58.23414170075788,0.19221193216517574,19.221193216517573,0.11554082751218704,0.1569905263783554,0.11377869495884035,-0.27138654683651825,Tokyo,533942951,random_forest,-0.6645175902241516,-1.353840434426703,7.959166606267293
793.0077497439837,681.3378281897652,-111.66992155421843,0.029746889035509334,2.9746889035509327,-0.08604536057279062,-0.30104538769562134,-0.08264140015387293,-0.5274000754614617,Tokyo,533942952,random_forest,0.16796358761029653,-0.09579719863051497,13.642499923706055
1227.873934699269,713.656402364588,-514.2175323346811,-0.3461224895305004,-34.61224895305005,-0.48481907392779444,-1.3862534711857863,-0.46277855061383605,-1.1196976187055658,Tokyo,533942954,random_forest,-0.010674607507737754,-0.18829330276109535,16.832083463668823
481.8489315233416,643.0781142771392,161.22918275379755,0.4682925289322206,46.82925289322207,0.32388820376343136,0.43464973516972644,0.31216115553682755,0.16366315001919232,Tokyo,533942961,random_forest,1.5910257283411349,1.543112657798903,37.54041655858358
524.8043790842737,567.9142763587053,43.10989727443152,0.16883509871965988,16.883509871965988,0.10002753353483906,0.11621782802272766,0.09815519640838388,-0.3082239212228811,Tokyo,533942962,random_forest,1.8300053192985541,1.6085472409978254,42.223333279291786
642.149640486275,670.4127591306449,28.263118644369985,0.13141393340762875,13.141393340762875,0.0707649160896852,0.07619313590769054,0.06856359766521174,-0.367192450035225,Tokyo,533942963,random_forest,1.9583860506357469,1.6797168628988843,25.255416711171467
454.66221849012135,634.842718347293,180.18049985717172,0.5434122468595747,54.341224685957464,0.3684872047999243,0.4857396484187289,0.3526998454350672,0.28203731645783464,Tokyo,533942964,random_forest,1.0816053247123618,0.991986045599669,28.608333428700764
1000.971604482273,718.8639766054943,-282.10762787677885,-0.19276793634364275,-19.276793634364275,-0.29606927684473955,-0.760519923575148,-0.28120449915657314,-0.8780404625828535,Tokyo,533942992,random_forest,-0.0728643567798393,-0.5119405416617151,16.324166814486187
376.2018749450976,660.2205180764821,284.0186431313845,0.931832767090739,93.18327670907392,0.5981561061305699,0.7656717345570844,0.5653264611660974,0.8941130347731338,Tokyo,533942993,random_forest,-0.7999340383504331,-1.0331500632828166,12.082500060399374
1295.3718282625414,738.1667093606462,-557.205118901895,-0.31077670634150767,-31.077670634150763,-0.47704793001098866,-1.5021415678559604,-0.449766097369456,-1.063999491268982,Tokyo,533942994,random_forest,-0.9620380771766764,-1.371194157672073,14.949166576067606
1152.3335664710742,636.5255996532023,-515.8079668178717,-0.3826466164972693,-38.264661649726925,-0.5405946607815032,-1.390541044409917,-0.5150419512578975,-1.17725258834445,Tokyo,533943001,random_forest,-0.640835143798831,-0.6598939156108766,28.518749793370564
2141.5287424332932,609.966493796291,-1531.5622486370023,-0.6980130655730982,-69.80130655730983,-1.242470023716035,-4.1288624949650705,-1.086517937033222,-1.6742092005639964,Tokyo,533943002,random_forest,1.3721479862636332,1.2120707119783167,27.733333269755047
354.36310525026096,678.8342143567396,324.4711091064787,0.9961327904958183,99.61327904958182,0.6604359828698252,0.874725525705343,0.6287960452166153,0.9954374524170106,Tokyo,533943003,random_forest,-0.6162964105510215,-0.9630668740176953,25.42958339055379
552.2515690306249,700.1007309290945,147.8491618984698,0.424148329134347,42.4148329134347,0.28662976285273506,0.3985792023914621,0.2765415311077842,0.09410041737917337,Tokyo,533943004,random_forest,0.6997199557709051,0.6453135441192467,24.24791669845581
1124.9832743833538,693.5540228742926,-431.429251509061,-0.3238470592024176,-32.38470592024175,-0.45240270247755987,-1.1630686623229802,-0.4325128983808915,-1.0845958429015239,Tokyo,533943011,random_forest,-0.808652846053265,-0.6606127839266169,21.889166514078777
933.0667774489292,704.1778502523316,-228.88892719659748,-0.09650692231255302,-9.6506922312553,-0.2011231880974458,-0.6170502752048503,-0.19414610452252998,-0.7263516968251297,Tokyo,533943012,random_forest,-1.2150181906835487,-1.1255934517469754,20.957499901453655
870.9578099552854,695.3916580711353,-175.56615188415003,-0.013834213758162357,-1.3834213758162368,-0.15213118293436803,-0.4733000572095028,-0.13864102840839942,-0.5960754759823564,Tokyo,533943013,random_forest,1.2159954563744044,1.0593715644043507,26.765000025431316
764.0228142424563,693.6533783943277,-70.36943584812876,0.07703750627476062,7.703750627476064,-0.02443287044897069,-0.189705462330217,-0.025835485644758,-0.4528791966493381,Tokyo,533943014,random_forest,-0.4530804105075944,-0.28193612364684495,28.15583340326945
969.0125799088784,684.2140885992882,-284.79849130959013,-0.21026487998333246,-21.02648799833325,-0.3130855740409683,-0.7677740884755265,-0.299925133584931,-0.9056122663078776,Tokyo,533943021,random_forest,-0.8282408888797698,-0.9733221176906718,24.82041645050049
806.5453219527429,637.3210128545171,-169.22430909822575,-0.15573548126001108,-15.573548126001107,-0.21377316951240874,-0.4562033986498719,-0.2082904086375735,-0.8196844660129424,Tokyo,533943022,random_forest,-0.5518165170671505,-0.4540373983594765,26.615833202997845
915.2093516664607,662.6491259171278,-252.56022574933294,-0.20553517091258358,-20.553517091258357,-0.2895001507309372,-0.6808645516983387,-0.28005927795604174,-0.898159158333103,Tokyo,533943023,random_forest,-0.5777991265173623,-0.5738147098644426,28.03041672706604
816.8197884653583,657.2529765484527,-159.5668119169057,-0.12482652272587809,-12.482652272587812,-0.18419682184895939,-0.4301682323073552,-0.1786396929281904,-0.7709779172809186,Tokyo,533943024,random_forest,-1.1136361885844357,-0.9488175337331891,29.09083342552185
339.40882143077846,641.0792345682312,301.6704131374527,1.2336306173067062,123.36306173067062,0.7047052446776366,0.8132582634184903,0.6483410203541463,1.3696881558996263,Tokyo,533943031,random_forest,-0.0024914180707331242,0.30794390167878727,26.75375000635783
642.6413476007292,662.5254941586318,19.884146557902575,0.12654664527739595,12.654664527739596,0.06689721469094534,0.05360468178187063,0.06578159683363181,-0.3748623560350078,Tokyo,533943032,random_forest,-0.7687610742071346,-0.6306932150361579,25.71916667620341
705.7234439070307,675.8702145778819,-29.853229329148775,0.0801372072641534,8.01372072641534,0.013245896169272112,-0.08047983621978633,0.01203902391088905,-0.44799466658250203,Tokyo,533943033,random_forest,-0.26239261530113506,-0.07088053775962826,23.334166646003723
644.7991664128573,706.7599092642157,61.96074285135844,0.2444702329784568,24.447023297845675,0.13771934462830349,0.16703688508045936,0.13260686766563554,-0.18903755819608847,Tokyo,533943034,random_forest,-0.7868448631146058,-0.5112605126166223,20.81458330154419
1008.8427577555308,570.9704194026432,-437.87233835288765,-0.3958011126372259,-39.58011126372259,-0.5557630678779937,-1.1804382597030108,-0.5294821198267924,-1.1979815335328967,Tokyo,533943051,random_forest,-0.43490372792216225,-0.5995991730676881,52.021250089009605
567.6464302940216,551.5596845043049,-16.086745789716765,0.05516259083199048,5.516259083199048,-0.016816457897778747,-0.043367457911886086,-0.013787068119235435,-0.48734983835166523,Tokyo,533943052,random_forest,-0.6816670663192793,-0.6861123189122239,62.32916673024496
382.89657564928604,561.7759132954449,178.87933764615886,0.6247590211548418,62.47590211548419,0.41850395791837586,0.4822319099264163,0.4000241798770852,0.4102241210061009,Tokyo,533943053,random_forest,-1.380236528739213,-1.6161873266849265,57.27458413441976
320.4027260944701,611.7023736051057,291.2996475106357,1.131131268753486,113.1131268753486,0.68875534042203,0.7853002321476459,0.6430272353657728,1.2081689798395536,Tokyo,533943062,random_forest,-0.5089387544450823,-0.10571037419985127,36.62166659037272
1182.3198110444584,625.0165287752029,-557.3032822692556,-0.39967763820711405,-39.967763820711404,-0.5893334042817778,-1.502406201595944,-0.5502060342164726,-1.2040901890986346,Tokyo,533943063,random_forest,-0.5168486646789497,-0.6410026170224831,34.29874960581461
598.7431102008306,678.591282073152,79.84817187232137,0.2675509945486049,26.75509945486049,0.1684189164413321,0.2152587153597901,0.1636223167860867,-0.15266673590043597,Tokyo,533943064,random_forest,-0.9554141006283329,-0.4541288812080759,32.02500009536743
985.5791755555115,615.209930777746,-370.36924477776546,-0.29084944854968725,-29.084944854968725,-0.41571359526942664,-0.9984600269511422,-0.39620620744615964,-1.0325979818437754,Tokyo,533943071,random_forest,-0.2485126173512946,0.03408022600217234,38.22666668891907
287.7488044134135,623.531335179021,335.7825307656075,1.6404917618411996,164.04917618411994,0.8372005903448319,0.9052194247908522,0.7490042993485876,2.0108227363984303,Tokyo,533943072,random_forest,0.060981610998874794,0.23761079694985815,43.55291692415873
745.5475488571959,615.6855228112767,-129.8620260459192,-0.07307799502777108,-7.307799502777108,-0.14356617394834958,-0.35008857742370103,-0.13788507637475816,-0.6894322326097598,Tokyo,533943073,random_forest,-0.12866441627398187,0.26167723093777345,33.896249850591026
482.02115522771237,668.2147549829732,186.1935997552608,0.5371105977051938,53.71105977051938,0.3678064643061904,0.5019500653768337,0.3527737417681966,0.27210713452397806,Tokyo,533943074,random_forest,0.2996713615012774,0.6859403728528254,38.540416955947876
334.18242088872995,516.7511778659967,182.56875697726673,0.9337275076362584,93.37275076362585,0.5199356011001064,0.4921780320105608,0.47672140762501186,0.8970987799127822,Tokyo,533943081,random_forest,-0.26338768120758416,0.2547169565561547,70.5141658782959
578.2855775089605,486.2223537214461,-92.06322378751447,-0.09120938402127665,-9.120938402127665,-0.14999727838404697,-0.24818866631122904,-0.14462133274761282,-0.7180037996723067,Tokyo,533943082,random_forest,-0.5357972609244926,0.02335087472060342,64.80041678746541
349.7744677000017,558.4012809152634,208.6268132152617,1.0453524783690626,104.53524783690625,0.5356140994565551,0.5624266498440813,0.48131173713989983,1.0729981739575247,Tokyo,533943084,random_forest,-0.5659807641966501,0.11841537668602177,54.80958366394043
435.9453017872588,584.1857757392777,148.2404739520189,0.5534310848259584,55.343108482595845,0.3379981712425147,0.3996341210950045,0.31727905323938516,0.29782507000213587,Tokyo,533943091,random_forest,-0.3260558914215745,0.13633766318240284,46.09333324432373
723.3553468039886,617.4515860593824,-105.90376074460615,-0.05373488013871797,-5.373488013871797,-0.12014311004420856,-0.28550068154480507,-0.1158513476302843,-0.6589512195749015,Tokyo,533943092,random_forest,-0.3102967155461369,0.16262560095715067,39.91624975204468
464.12117505120335,654.5490022312146,190.42782718001126,0.7489491402791351,74.89491402791352,0.42344599086730145,0.5133649085049946,0.39001793483878905,0.6059237620174088,Tokyo,533943093,random_forest,-0.4920070363062723,-0.19194536135831738,34.80083362261454
393.6095339861751,658.8129270555402,265.20339306936506,0.9729021580048415,97.29021580048415,0.5767730836909705,0.7149486376776747,0.5358631753296321,0.958830462496985,Tokyo,533943094,random_forest,-0.39188049421864757,0.06823925641241452,31.514583190282185
332.31513556067586,688.8842962035178,356.56916064284184,1.350143906665821,135.0143906665821,0.7776299890431456,0.9612570664689576,0.7167977433663192,1.55329059594403,Tokyo,533943101,random_forest,-0.15984912725418401,-0.5223819542623922,23.307083288828533
529.9132442881861,692.0729259137178,162.1596816255316,0.45760542883768346,45.76054288376835,0.31899536540643786,0.43715822080034905,0.307915193486548,0.14682234443256076,Tokyo,533943102,random_forest,-0.2650172727688529,-0.1466842488636532,21.176666577657063
995.6024646090453,714.1189061442118,-281.48355846483355,-0.19989111607373067,-19.989111607373065,-0.2974940874193938,-0.7588375258851232,-0.2858191221430543,-0.8892652180293159,Tokyo,533943103,random_forest,-1.5430102583733218,-1.5096094807853826,18.957083304723103
933.5358981054787,700.1885517875827,-233.34734631789604,-0.1232831962288868,-12.32831962288868,-0.22348794249928738,-0.6290695055777241,-0.21511283001292092,-0.7685459328078048,Tokyo,533943104,random_forest,-0.9972320367431426,-0.8807399335974063,17.076249917348225
692.9470925896499,674.2958416005198,-18.651250989130045,0.05014996929176039,5.01499692917604,-0.0028837070230963713,-0.050280979935181914,-0.002602385430257466,-0.4952487617351495,Tokyo,533943111,random_forest,0.26148628409022023,0.28321220978821615,32.735833406448364
353.999906906042,649.509099811208,295.509192905166,1.4395968324121113,143.95968324121114,0.7221330113157576,0.7966485362180792,0.6438684164681343,1.694251129514658,Tokyo,533943112,random_forest,-0.007828982585750962,0.24579099975245516,36.011666774749756
714.7864671018946,700.9310874756465,-13.855379626248089,0.09584486815604513,9.584486815604512,0.028127767660976244,-0.03735202884716545,0.026354595944578812,-0.4232424268765876,Tokyo,533943113,random_forest,0.6599443037770989,0.8125836643559381,21.880416750907898
702.5555779536786,693.9753965086528,-8.580181445025849,0.07511981398501723,7.511981398501724,0.02214721745643596,-0.023130884428556375,0.022104319798816385,-0.45590110930486377,Tokyo,533943114,random_forest,-0.5700058610480518,-0.4308180636489019,22.34708336989085
804.7802709971446,684.6911232846196,-120.08914771252489,-0.048579752359982666,-4.857975235998267,-0.11085490223209205,-0.3237423607717051,-0.10767034211004321,-0.6508277338839327,Tokyo,533943121,random_forest,-0.14097780213583622,-0.19265021919926245,28.2204167842865
980.6705678333068,664.9090850432636,-315.7614827900432,-0.2513745480110055,-25.137454801100557,-0.346547054632463,-0.8512456772857999,-0.3331665992561073,-0.9703931629833839,Tokyo,533943122,random_forest,-0.4624679148772514,-0.2330068369198577,30.137916723887127
497.1469767698236,675.3115987045112,178.16462193468763,0.7377508714193713,73.77508714193714,0.40795888288225135,0.48030514338572766,0.37425622389673646,0.5882774531865868,Tokyo,533943123,random_forest,-1.340949524647065,-0.9885204737309081,22.425833344459534
660.1329204693928,681.5165896991822,21.383669229789405,0.22377163776688372,22.377163776688374,0.09490634924042352,0.05764717037533995,0.08863966653364243,-0.22165454641468546,Tokyo,533943124,random_forest,-1.7769912942932458,-1.1136281577354714,28.117916584014893
939.5594430694599,685.7751080222616,-253.78433504719817,-0.1997809821231302,-19.978098212313018,-0.27443601395725387,-0.6841645670742672,-0.26580170209841275,-0.8890916681950164,Tokyo,533943131,random_forest,-0.9506724884412049,-1.141744221857014,18.217916409174602
613.4456906362008,677.8603148153412,64.4146241791404,0.2517649681834108,25.17649681834108,0.14508106058247638,0.1736521817100222,0.13881164476787575,-0.17754246445635793,Tokyo,533943134,random_forest,-0.19796494765388825,-0.10944559302794662,21.522499879201252
189.46233432760388,678.7581642286801,489.2958299010763,2.7490618741888375,274.90618741888375,1.292025319982894,1.3190682930577906,1.1271482156069712,3.7577151184338415,Tokyo,533943141,random_forest,-1.0371488600102596,-0.793756163474737,28.210416714350384
835.563641060614,668.1504015581274,-167.41323950248662,-0.09561885470775912,-9.561885470775913,-0.17014511378913025,-0.4513210261989489,-0.16520321848920702,-0.7249522738059924,Tokyo,533943143,random_forest,-1.075601586801583,-1.1026962579716373,26.166666587193806
326.15367840810774,683.0372298762222,356.8835514681145,1.4088291988834305,140.88291988834305,0.794799983568898,0.9621046170588108,0.729067280648601,1.6457672816949767,Tokyo,533943144,random_forest,-0.36148079317335297,-0.298485905855744,27.33458336194356
785.8714609895032,639.8311544378053,-146.04030655169802,-0.11184527165505097,-11.184527165505095,-0.18321227935615603,-0.3937027992242063,-0.1756335570350265,-0.750521972859962,Tokyo,533943151,random_forest,-1.0091658816479134,-1.3917370512038956,35.553333361943565
901.0424977819271,635.7360270605278,-265.30647072139925,-0.22324316503473027,-22.324316503473028,-0.3149275777696222,-0.7152265195933015,-0.3045061039037817,-0.926063536855086,Tokyo,533943152,random_forest,-0.9516990780411636,-1.048390518259027,41.931249936421715
889.7553099398361,688.9959733098017,-200.75933663003443,-0.11981974655609025,-11.981974655609028,-0.1980597012247328,-0.5412171110011976,-0.19111000123557964,-0.763088205072246,Tokyo,533943153,random_forest,-0.7858698368428135,-0.8233862134948031,25.356666803359985
636.3287487651152,657.5475663817936,21.21881761667837,0.16341486142168307,16.34148614216831,0.08330351198321521,0.0572027551103291,0.08057114024355883,-0.3167651683115367,Tokyo,533943154,random_forest,-0.22129698644769882,0.02436490954559486,30.159583568572998
440.4559452048916,666.2920792147403,225.8361340098488,0.6748521559762416,67.48521559762416,0.44618161420630315,0.6088204018811452,0.424867677611441,0.4891612262347998,Tokyo,533943161,random_forest,-0.38226300497743393,-0.5466636451477617,26.40416669845581
1102.2488392559192,656.149527487442,-446.09931176847726,-0.3611657619706657,-36.11657619706657,-0.49421056299164096,-1.2026169481715547,-0.4732674061774405,-1.143402910535017,Tokyo,533943162,random_forest,-1.2425121926644727,-0.9687547757345285,24.964583436648052
716.4320883091,692.9831145765388,-23.448973732561196,0.12438981873421277,12.438981873421277,0.037458107997922485,-0.06321492206794387,0.036150073629815684,-0.37826109808631514,Tokyo,533943163,random_forest,-0.7032092838716973,-1.0033645901066508,23.28166651725769
1245.8784818669774,672.0456816806463,-573.8328001863312,-0.43081816198515477,-43.081816198515476,-0.5992451077791289,-1.5469673068650265,-0.5728397347135702,-1.2531616399293357,Tokyo,533943171,random_forest,-0.6712743281247484,-0.45452428731885247,25.733749945958454
270.1048358758409,632.6082436201737,362.5034077443327,1.7226252242618505,172.26252242618503,0.9094081714554019,0.9772549080943995,0.820048911069169,2.140249209487246,Tokyo,533943181,random_forest,1.54543643191166,1.616240756660992,34.652499993642174
803.020067172299,643.7087805767222,-159.31128659557675,-0.13425615852585635,-13.425615852585636,-0.1938442127614692,-0.42947937430195066,-0.1899683982540621,-0.7858372020125503,Tokyo,533943182,random_forest,0.14089458393968912,0.3713404624201631,33.008333603541054
237.10264452480513,684.2931650148922,447.1905204900872,2.1204733997204355,212.04733997204355,1.0935870696290546,1.2055586834936702,0.9798538728813281,2.767181091534364,Tokyo,533943183,random_forest,0.9132676116441887,1.021097360525848,27.737500031789143
552.6695735605699,700.7446881845964,148.07511462402644,0.44633339692611257,44.63333969261126,0.2962783021754734,0.3991883371066957,0.28365115239383215,0.1290597992790718,Tokyo,533943184,random_forest,-0.5298190605519154,-0.3413894484183657,24.99666674931844
430.8715572229726,677.7466233281483,246.87506610517573,0.8990699562737087,89.90699562737088,0.5298445263489073,0.6655382125609387,0.49143618652009247,0.8424851729059811,Tokyo,533943191,random_forest,0.20895543509496423,0.19957496003627032,22.958333333333332
780.852510592678,716.0158965788675,-64.83661401381038,0.14049983310087227,14.049983310087228,0.002886585481617243,-0.17478980311795125,0.00010602135567437665,-0.35287482701681944,Tokyo,533943193,random_forest,-0.2941698405975121,-0.2202121295049574,22.759583234786987
555.2972975815279,701.6174049774648,146.32010739593684,0.47096736307201453,47.096736307201446,0.29887804083158637,0.39445710040449805,0.2830279979718932,0.16787817199206412,Tokyo,533943194,random_forest,-0.8858132463231901,-0.9382834276095176,22.393749793370564
604.4330737702386,711.9958469647786,107.56277319454011,0.2923507952534734,29.23507952534734,0.20571511440754378,0.2899731306988035,0.2000250757495929,-0.11358703995266575,Tokyo,533943201,random_forest,-2.2258631712027546,-2.475063472345642,13.96749997138977
686.3325762895721,698.7335505522962,12.400974262724048,0.19357554720559886,19.357554720559886,0.0791610035519786,0.03343116976143481,0.07311303639499137,-0.26923775290854607,Tokyo,533943202,random_forest,0.8778655764269471,0.5085695107325721,11.229583303133646
783.0307885558468,691.6270857852593,-91.40370277058757,-0.0634629405943207,-6.3462940594320685,-0.1000701550703323,-0.24641069640249427,-0.09850895083722383,-0.6742807639245,Tokyo,533943211,random_forest,0.26834688648354965,0.036447687527965726,13.460833311080933
433.6955676203277,663.6304783618085,229.93491074148082,0.7189014249243516,71.89014249243517,0.4766417646114036,0.6198700902222698,0.4537175338353782,0.5585743661910317,Tokyo,533943212,random_forest,-0.5167652111954312,-0.6489670065340153,15.473750074704489
854.0160005120327,706.2294478222035,-147.78655268982928,-0.08612879798995472,-8.612879798995472,-0.14784509018783196,-0.3984104173397116,-0.14399486135813333,-0.7099977773778785,Tokyo,533943223,random_forest,-0.351891500839691,-0.6032610990026938,23.852083444595337
592.9876307603687,644.9747059840373,51.987075223668604,0.19078468307349714,19.07846830734971,0.11675744088739311,0.14014937055608181,0.11238943269821113,-0.2736356157386559,Tokyo,533943224,random_forest,-0.2085994299687572,-0.4233928674813363,30.508749961853027
520.6461505383285,678.9206344738213,158.27448393549295,0.3737222715428346,37.37222715428346,0.288843666238738,0.42668430957525755,0.28295446705122024,0.014638690167220475,Tokyo,533943231,random_forest,0.32558954617900343,0.5071066266849862,29.760000069936115
639.8671986036071,641.5836694041618,1.716470800554627,0.07377582140806477,7.377582140806477,0.022025798364418498,0.004627348263787336,0.02144964360766014,-0.4580189820203913,Tokyo,533943232,random_forest,0.016207581738494656,0.22540314137633358,29.684583346048992
694.1521959200945,612.7668139981471,-81.38538192194733,-0.02549057920163121,-2.5490579201631207,-0.08989257572109284,-0.219402803480552,-0.0873282676005442,-0.6144436565499298,Tokyo,533943233,random_forest,-0.5983568236764035,-0.21833573916773408,49.76416643460592
588.9509263312852,643.0471787942297,54.09625246294444,0.2256662225347822,22.566622253478226,0.12860252447681306,0.1458353965770483,0.12273618938369463,-0.21866904675047993,Tokyo,533943234,random_forest,0.3696277292957036,0.5060707133444781,43.67041691144308
611.7684790187951,670.4085092103144,58.64003019151923,0.2127883712879309,21.278837128793093,0.1222661204563927,0.15808474097402977,0.11793369154472914,-0.23896205302003296,Tokyo,533943241,random_forest,1.9312559878865059,1.7119843986303982,28.511249860127766
393.43214075975646,707.6040966440986,314.17195588434214,1.0583283497580858,105.83283497580858,0.6289997572852605,0.846960550754686,0.5844299206279705,1.093445641039018,Tokyo,533943242,random_forest,0.23384924399996765,0.5610897631347758,28.928749879201252
600.3913130760369,673.9519116408902,73.56059856485341,0.22474897165534605,22.474897165534603,0.15169468182404802,0.19830835918807632,0.14731058248858273,-0.22011445697384321,Tokyo,533943243,random_forest,-0.5583865522731802,-0.30259931039411014,31.47416655222575
589.8191837024236,674.5123931894069,84.69320948698324,0.2720806314127981,27.20806314127981,0.17163723985596535,0.2283202113007322,0.16485591462884572,-0.14552890308020167,Tokyo,533943244,random_forest,-0.6159181011051683,-0.4099352748912092,27.285833438237507
299.8992817102287,673.9386948590259,374.0394131487972,1.481789241250637,148.17892412506367,0.8406537534797747,1.0083542513294501,0.7720405647788575,1.76073821658185,Tokyo,533943252,random_forest,1.0364100580791065,1.3080101786821297,26.917500019073486
712.7682804416723,692.0866760469199,-20.681604394752487,0.11689280167705045,11.689280167705045,0.02712311725567007,-0.05575450870324832,0.024601151908253533,-0.390074948955352,Tokyo,533943253,random_forest,-0.18759793840634995,-0.29285559205964673,23.892083406448364
561.9727704195137,663.1488640647935,101.17609364527982,0.3035128767492077,30.35128767492077,0.20599521427587453,0.2727555989388188,0.19865771518115008,-0.09599775541813743,Tokyo,533943254,random_forest,-0.4007319826771043,-0.23600056116778817,25.279999891916912
591.6184528852606,678.5707507657781,86.95229788051763,0.28073756142821693,28.073756142821694,0.17423834369927263,0.23441037534674206,0.16774476408267683,-0.1318872534206026,Tokyo,533943261,random_forest,1.052723623093251,0.8133313533668206,23.71166682243347
589.8068819367198,699.9234968803788,110.11661494365903,0.3383369665625,33.833696656250005,0.21544435385821323,0.29685790565678966,0.20684240686639696,-0.04112171597907276,Tokyo,533943262,random_forest,-0.5553586050825509,-0.9309734485635406,25.226666529973347
970.407150279411,660.4235081742478,-309.9836421051632,-0.24544749985088513,-24.544749985088515,-0.3412355420210835,-0.8356694839401396,-0.32759018352542496,-0.9610532798640884,Tokyo,533943263,random_forest,-0.12971474120062787,-0.29507716062613837,27.24958340326945
543.7565336981567,652.0587102599557,108.302176561799,0.3389272987447161,33.89272987447161,0.21405776993950254,0.29196645146290756,0.20617967199241108,-0.040191466479742706,Tokyo,533943264,random_forest,1.350844867984426,1.0029967169231357,31.757083257039387
309.3211944598937,636.8698282239637,327.5486337640701,1.316689091024704,131.6689091024704,0.7467197492771122,0.8830220713712912,0.6856876874154151,1.5005722681315448,Tokyo,533943273,random_forest,-0.3684148514066578,-0.11936737783640512,35.36958328882853
377.03499754467043,654.1008412394457,277.06584369477525,0.8951426836326717,89.51426836326716,0.5820314151612233,0.7469280283483567,0.5515722061674494,0.8362965497576673,Tokyo,533943274,random_forest,-0.7564021419589844,-0.7580399756737236,27.333333333333332
564.80575,649.3201997973421,84.51444979734205,0.22508255695053667,22.508255695053666,0.1580586603453067,0.22783830194391178,0.15414533566865407,-0.21958879097902992,Tokyo,533943281,random_forest,0.4289309173950716,0.15978947359303922,26.43708324432373
358.6792120775729,678.2010423580924,319.52183028051945,1.145026125477395,114.5026125477395,0.6971544489999522,0.861383011067225,0.6509545355445119,1.2300645903111973,Tokyo,533943282,random_forest,0.21228606958576893,-0.031236222652012417,26.117916742960613
520.7627878175928,672.8106758883862,152.04788807079342,0.38300929799684663,38.30092979968466,0.28037164085667365,0.40989833945883447,0.27265763389516184,0.02927325011392362,Tokyo,533943283,random_forest,0.3438631530660786,0.19463284256881233,22.915833592414856
612.5484019711055,658.0876874349567,45.53928546385121,0.1730999957087509,17.30999957087509,0.1124737191620409,0.12276709481872806,0.10958662825917694,-0.3015032673125649,Tokyo,533943284,random_forest,0.7777983002876645,0.5705927445852458,24.820416649182636
540.5454333450061,697.0158374857921,156.47040414078603,0.4661565365946135,46.61565365946135,0.30275208766583167,0.42182078058130473,0.288840115278768,0.16029723865184545,Tokyo,533943291,random_forest,-0.574207462301381,-0.5487499358036317,25.91249990463257
694.650430903164,638.4036452544113,-56.2467856487526,0.0055770414519005175,0.5577041451900516,-0.04887894935481744,-0.15163291203746337,-0.04688724508828276,-0.5654870869625644,Tokyo,533943292,random_forest,0.30819196680870675,0.1905113470389857,25.44333330790202
790.2891192614564,697.8182498820847,-92.47086937937178,-0.009591499336110811,-0.9591499336110813,-0.07993890654781761,-0.24928761778835992,-0.07623860132825691,-0.5893897775132375,Tokyo,533943293,random_forest,0.5600878193024159,0.22532455258178166,22.62791673342387
869.9699385240656,698.7432327783804,-171.22670574568508,-0.09529708732204735,-9.529708732204737,-0.17084227705739208,-0.4616015601840154,-0.16575404894723242,-0.7244452305539449,Tokyo,533943294,random_forest,-1.097611228828917,-1.1193189537893518,21.56166664759318
655.1528745199693,646.0795144662383,-9.073360053730964,0.2042218399959159,20.42218399959159,0.06981909013912439,-0.024460420111884786,0.06304466661609458,-0.2524612517516294,Tokyo,533943301,random_forest,-0.7896851511002217,-0.9685099086719631,28.598333199818928
802.4707209741424,659.8528276640214,-142.6178933101209,-0.10503694881812899,-10.5036948818129,-0.1573887332239009,-0.3844764855774739,-0.15349794162582786,-0.7397933710640234,Tokyo,533943302,random_forest,-0.3120314066935091,-0.38671914160753545,29.09041651089986
1050.6539054383618,669.6648090415791,-380.9890963967827,-0.288948675171752,-28.894867517175197,-0.4038374333130168,-1.0270895567602483,-0.3868603621740414,-1.0296027301254524,Tokyo,533943303,random_forest,-1.0079306383096822,-1.294816131165256,26.483333269755047
1023.1750389266293,705.6902816588045,-317.4847572678247,-0.22511895918958544,-22.511895918958544,-0.3206215097132212,-0.8558913672446473,-0.3073262521401317,-0.9290194261424525,Tokyo,533943304,random_forest,-0.803226699445644,-1.1458933391699269,24.241249958674114
439.65489729609294,713.7672308801967,274.11233358410385,0.7503712940364179,75.0371294036418,0.5159688327813668,0.7389658073316766,0.49524520273398864,0.6081648016566783,Tokyo,533943312,random_forest,4.004797174262285,3.463405135950862,24.826666514078777
468.5065707245264,666.0879087199628,197.58133799543643,0.5664353297522533,56.643532975225334,0.3935986282022075,0.5326497025376374,0.3782434256540748,0.3183172482981564,Tokyo,533943313,random_forest,-0.743821704890339,-1.0088728943316005,26.541250149408977
468.25807856502814,676.9398823383193,208.68180377329114,0.6475931925437989,64.75931925437989,0.4185554822674164,0.5625748961545574,0.39831563610462456,0.4462063648039124,Tokyo,533943314,random_forest,-0.0916524906500242,-0.04584244957410414,28.920833349227905
519.1856869879672,670.3843618047445,151.19867481677719,0.43225099664285244,43.225099664285246,0.29605979754922906,0.40760898768233617,0.28582025325648736,0.10686865638103382,Tokyo,533943321,random_forest,-0.15464595046006216,-0.2683727874902919,29.021666685740154
924.9035353026733,586.1994988623181,-338.70403644035497,-0.29207091110146904,-29.207091110146905,-0.42593876512298223,-0.9130953666404423,-0.4067906567342359,-1.0345227709057234,Tokyo,533943322,random_forest,0.44477024247376223,0.47309039634602557,52.99166679382324
721.8198903768567,661.784681247029,-60.035209129827884,0.008934824184568292,0.8934824184568293,-0.04600406908284812,-0.1618459344856055,-0.04466233172359672,-0.5601958699155835,Tokyo,533943323,random_forest,0.060626409378350114,0.1345874633095822,29.02458318074544
329.47825081991454,546.6181780927913,217.13992727287666,0.938130960932985,93.8130960932985,0.5692024723125821,0.5853767306384644,0.5310700080473371,0.9040377718024427,Tokyo,533943324,random_forest,-0.1071533467318974,0.3059100508855967,60.93833335240682
452.725440305145,446.68982994375,-6.035610361395055,0.2567389744811891,25.673897448118908,0.08236308813566555,-0.016271101796589773,0.07350150872872332,-0.16970439123662798,Tokyo,533943331,random_forest,0.3587919119498178,0.6438634159116733,98.7966661453247
367.19744999502194,494.4708948770878,127.27344488206587,0.6315007143489878,63.150071434898784,0.35010509677255236,0.34311015020527186,0.3233112675651008,0.4208477273542219,Tokyo,533943332,random_forest,-0.17625714091530748,0.32886553288753545,74.13041734695435
1128.7547018733337,639.1869329530792,-489.5677689202544,-0.3767542344421988,-37.67542344421988,-0.5265873242155336,-1.3198013999349036,-0.5016403655846701,-1.1679673323111204,Tokyo,533943341,random_forest,0.006864680127478176,-0.09971598734401964,32.91458344459534
1172.1855256159843,688.4605249875448,-483.72500062843943,-0.3547958545015805,-35.47958545015805,-0.48757397031806377,-1.3040501714828345,-0.4667672205315209,-1.1333651666809539,Tokyo,533943342,random_forest,-0.42153239713902396,-0.21610206140980048,28.290833314259846
462.76417149897594,649.3019341423942,186.5377626434182,0.7126423583956139,71.26423583956138,0.41661339168511163,0.5028778769903262,0.38756079597724363,0.5487112862505579,Tokyo,533943343,random_forest,0.15546365000316667,0.21144161244299808,29.607499996821087
832.2073234767025,690.3160671221535,-141.89125635454897,-0.058412354634311686,-5.841235463431168,-0.13290301592751927,-0.38251758114770845,-0.12775349751560997,-0.6663220159480904,Tokyo,533943344,random_forest,0.8847777962174024,0.9053816300919375,28.6520832379659
887.0509558669686,664.8662220499117,-222.1847338170568,-0.11041196486928107,-11.041196486928106,-0.22873328832421558,-0.5989767737011323,-0.2168169443169885,-0.7482633582019512,Tokyo,533943351,random_forest,0.27606966484829426,0.3531003795808016,30.266666412353516
551.3133934519395,626.1102306741035,74.79683722216399,0.24074271728403462,24.074271728403463,0.15215019562726073,0.20164107350088875,0.14717645669804433,-0.19491140297863802,Tokyo,533943352,random_forest,-0.26757554861142896,-0.2508660293761686,36.13541626930237
1203.1830375825432,650.6749189276575,-552.5081186548857,-0.39796569501471274,-39.796569501471275,-0.5700639858310524,-1.4894791584919418,-0.541329639153694,-1.2013924972810643,Tokyo,533943353,random_forest,-0.43433880788862844,-0.31462142554117767,30.480416774749756
396.5925269166935,689.1570140948357,292.5644871781422,0.8151108294072481,81.51108294072482,0.5689687831203348,0.7887100505013952,0.5472208352857842,0.7101818052689409,Tokyo,533943354,random_forest,-0.6356287883702153,0.003810916022230691,39.71750005086263
1070.4209906234,655.8184852109434,-414.60250541245654,-0.32059874416123074,-32.05987441612307,-0.4478573848742231,-1.1177062743871333,-0.4288274744087462,-1.079477125793155,Tokyo,533943361,random_forest,0.13101509404405934,0.08986674642355383,29.44374982515971
567.5008567908346,654.226844306176,86.72598751534134,0.307298718631227,30.7298718631227,0.19185138889474582,0.23380027648864488,0.18349814588516591,-0.09003199982935947,Tokyo,533943362,random_forest,0.14437702011196304,0.10758098109384141,30.93958346048991
842.2237274650406,638.9606090354877,-203.26311842955295,-0.1565643344899865,-15.65643344899865,-0.22921114499042897,-0.5479669318307513,-0.22161980626188493,-0.8209905786143396,Tokyo,533943363,random_forest,-0.07262771457552245,-0.1411485643547307,26.47708336512248
814.3897757947543,699.8077392865499,-114.5820365082044,0.013753598168874628,1.3753598168874628,-0.09285814649172464,-0.30889601356815116,-0.08459994942886835,-0.5526024128395052,Tokyo,533943364,random_forest,-0.5635615613956221,-0.5279758142859244,25.382916927337646
616.1113686102577,648.350733205643,32.2393645953852,0.275603050506152,27.560305050615202,0.11738955646651746,0.08691249961132969,0.1088878752777463,-0.13997825092750638,Tokyo,533943371,random_forest,0.17991738524918163,0.4159295222785992,39.75958331425985
645.7351102150537,669.1585029763303,23.42339276127649,0.17421023624206658,17.421023624206658,0.08760809740585769,0.06314595959970848,0.08556655677873908,-0.29975374266971766,Tokyo,533943373,random_forest,2.23915435978796,2.276941853806198,35.75291681289673
310.62877399442453,654.9494826391632,344.32070864473866,1.3979279604718917,139.79279604718917,0.8039687449268569,0.9282370738951301,0.7416885035367925,1.6285890354805441,Tokyo,533943374,random_forest,0.1100202903002596,0.5270502539134833,31.03333330154419
711.0605961120822,631.6468000070605,-79.41379610502177,0.18435645118537683,18.435645118537682,0.006286470821400473,-0.21408770333209023,-0.00025042853583458663,-0.28376526761203513,Tokyo,533943381,random_forest,-0.09977287723040289,-0.08354436195162467,35.08750001589457
941.5781096235677,632.6305508129395,-308.9475588106281,-0.1853150999820766,-18.531509998207657,-0.31630464644561535,-0.8328763585152522,-0.2981028175562409,-0.8662962319567858,Tokyo,533943382,random_forest,-0.3116581973746752,-0.2251180845291841,38.10458366076151
487.14142099577134,526.0539910054841,38.912570009712866,0.3690997525351265,36.90997525351265,0.1641751853736839,0.1049024622007939,0.1508000107435333,0.007354493028549185,Tokyo,533943383,random_forest,0.3309306245510338,0.7091608079993603,58.172083377838135
456.50797663188376,527.9667493066371,71.45877267475339,0.33821105433948495,33.821105433948496,0.19793770834291793,0.19264215130373896,0.18876527354383102,-0.04132012932319976,Tokyo,533943384,random_forest,0.048193027861421725,0.35801851077773916,59.995833237965904
652.2174087621607,685.075977996508,32.858569234347165,0.21672405343472087,21.672405343472082,0.1102291463408321,0.08858178260181453,0.10521176692424689,-0.23276017811490818,Tokyo,533943391,random_forest,-0.3202997545269022,-0.5565660454582105,21.017499963442486
574.4888413658474,721.756493933121,147.2676525672736,0.37336691543523653,37.33669154352365,0.2561125490187846,0.39701154030643426,0.24836688886389535,0.014078717576981495,Tokyo,533943392,random_forest,-0.643600803523844,-0.5556149641923651,20.083749930063885
606.7858757680491,683.8150542249891,77.02917845693996,0.306162774470616,30.616277447061602,0.1836432984521,0.20765913121185223,0.1760173966183066,-0.09182202842429117,Tokyo,533943393,random_forest,-0.09795341526572811,-0.21236832750558748,24.783750017484028
641.8615205133128,695.3113149873365,53.44979447402354,0.2036619180984132,20.36619180984132,0.12636978236292343,0.14409264263583474,0.12292279321835237,-0.2533435805158525,Tokyo,533943394,random_forest,-0.4529064945110704,-0.48872109459490426,25.62083347638448
854.9467577898625,662.3700653549602,-192.57669243490236,-0.049245222661747884,-4.924522266174788,-0.17102698132389169,-0.5191579274734036,-0.16667858724676585,-0.651876386547103,Tokyo,533943401,random_forest,-0.15658702999790125,-0.3143213685454646,27.53333346048991
529.1718255524828,664.8762833213233,135.70445776884043,0.41297626791189496,41.2976267911895,0.2877909490595978,0.3658388985364284,0.27808453054251425,0.07649540672287436,Tokyo,533943402,random_forest,-0.23971199265998877,-0.42582202164261984,26.952916542689007
774.9035834933435,623.615583217087,-151.28800027625664,-0.05845270478504089,-5.845270478504088,-0.14832759259677505,-0.40784979574600994,-0.14079959046789492,-0.6663855999922007,Tokyo,533943403,random_forest,-0.03530114740218099,0.1172743425145667,35.44375022252401
749.3314622085851,671.627082969417,-77.70437923916823,-0.0211124654603992,-2.11124654603992,-0.06883024551006715,-0.20947937142004122,-0.06748156343192244,-0.6075445949055145,Tokyo,533943411,random_forest,0.07331329714588385,0.16272491834250627,25.93291672070821
384.503837109575,664.7880309488309,280.2841938392558,0.8437284761622089,84.3728476162209,0.568262590310688,0.7556042184405563,0.5426497582238164,0.7552776891929199,Tokyo,533943412,random_forest,1.0699327923499504,1.1966319014837523,25.212916652361553
463.29665905594203,619.8864828265613,156.5898237706192,0.4753993025720344,47.539930257203444,0.3148278909375496,0.4221427180221235,0.3025085094173047,0.17486205263614074,Tokyo,533943432,random_forest,0.5929170253829802,0.673277851814752,45.21500015258789
422.09949490505323,614.2648403466168,192.16534544156346,0.6747828026725813,67.47828026725811,0.42461765585027855,0.5180489975721051,0.40200559130251284,0.48905193882349063,Tokyo,533943433,random_forest,0.3784388206713847,0.4436951431050252,45.06916650136312
684.5290466181559,625.5355801805354,-58.99346643762063,0.04872886520072137,4.8728865200721385,-0.028590222959592904,-0.1590375521719997,-0.026650946547258164,-0.49748814730315666,Tokyo,533943434,random_forest,0.20564271429099615,0.20844116035448945,42.26833311716715
255.89613930491552,674.5497827781692,418.6536434732536,2.069385054833942,206.93850548339415,1.0452031572133307,1.1286275360048288,0.931951103707843,2.68667572746315,Tokyo,533943441,random_forest,2.7792339890873827,2.5013096267501416,22.381666660308838
826.4965142387044,669.2961716578776,-157.2003425808268,0.061548941275196424,6.1548941275196425,-0.10272404161389663,-0.42378858531885283,-0.09694357644474501,-0.4772861835462699,Tokyo,533943442,random_forest,0.8789158496235335,0.7849782869058682,20.846250136693318
279.32395943562614,677.4032797348283,398.07932029920215,1.7463064430247313,174.63064430247312,0.9425935014556525,1.0731622414089148,0.8545508997047803,2.177566236343205,Tokyo,533943443,random_forest,-0.8714632029401206,-1.0838016422995174,21.27958317597707
538.4669415399827,705.1728837822112,166.7059422422286,0.4893885370295043,48.93885370295043,0.32877116582512683,0.4494142586919345,0.31647929416228,0.19690638418726775,Tokyo,533943444,random_forest,-0.9937360344034997,-0.9917859273385118,17.99916656812032
379.9367716333845,734.8052775897362,354.86850595635156,1.2029963932069145,120.29963932069147,0.7141728039385047,0.9566723560804733,0.6628870585788185,1.32141453557248,Tokyo,533943451,random_forest,-0.02170503147675677,-0.009591182186186003,22.790833393732708
665.6103222197945,697.108861381443,31.49853916164854,0.3277714540353852,32.77714540353852,0.14782622382897737,0.08491534516893358,0.13582331045490764,-0.05777092304350483,Tokyo,533943452,random_forest,-0.7813477268019321,-0.3128837026427809,27.84291656812032
1099.811658309718,678.8149135952673,-420.9967447144507,-0.3139838853137724,-31.39838853137724,-0.44858753338854856,-1.1349441861085345,-0.426497413052854,-1.0690533858779652,Tokyo,533943453,random_forest,-0.6652016358944359,-0.7172883634040593,17.00125006834666
596.6141679191606,683.6931061568307,87.07893823767012,0.32411813792650274,32.41181379265028,0.19899421090440764,0.2347517787872233,0.1910672840652611,-0.0635278436105395,Tokyo,533943454,random_forest,-0.48648056925556893,-0.5469551585318503,18.53291690349579
1117.4885514383266,677.6057142028898,-439.88283723543674,-0.22547544474554812,-22.54754447455481,-0.38980892557800123,-1.1858582636497739,-0.36258051536549235,-0.9295811785251665,Tokyo,533943461,random_forest,-0.43694416298383876,-0.4590782501589882,21.40291690826416
700.2553595441142,719.6158973427922,19.360537798677843,0.1296665487117503,12.966654871175026,0.07298760132868636,0.0521931109691778,0.0721274384218369,-0.3699459908169181,Tokyo,533943462,random_forest,-0.4115346090206425,-0.4001814069151998,20.729166587193806
767.4583878328212,719.900685433819,-47.557702399002245,0.07701180403209963,7.701180403209965,-0.004795026845658283,-0.12820844464970232,-0.004055772732821698,-0.4529196984195064,Tokyo,533943463,random_forest,-0.9495938262112463,-1.2056624719358633,17.65249991416931
711.4704182654449,735.0457243129769,23.57530604753201,0.325341883441644,32.5341883441644,0.14478348887700243,0.06355549507282784,0.133450017430588,-0.06159945703928049,Tokyo,533943464,random_forest,-0.6620097826948492,-0.7430560472149988,17.46958335240682
561.2626193036355,707.1902619551556,145.92764265152013,0.5771539373772204,57.715393737722046,0.3227882679148916,0.3933990742189739,0.29892806103551595,0.33520770366721653,Tokyo,533943471,random_forest,-0.09961108649385768,0.0527358746684348,28.16166663169861
401.33159363799285,675.6646121006823,274.3330184626895,1.4846910181224595,148.46910181224595,0.7188255069006765,0.7395607407202536,0.6370459859913203,1.7653108564674935,Tokyo,533943472,random_forest,-0.7144156876881956,-0.7215689408301765,28.824583053588867
653.8956961725551,702.206971571361,48.311275398806,0.2311351057276455,23.113510572764554,0.1327228240096644,0.13023996462146772,0.12659464543152418,-0.21005114312720552,Tokyo,533943473,random_forest,-0.992379781854832,-0.7215951962822706,24.44250003496806
587.5782830322444,689.45420205948,101.87591902723572,0.31785220335286984,31.785220335286983,0.1985930534139901,0.2746422233807269,0.19197626419615724,-0.07340174626323798,Tokyo,533943474,random_forest,-1.2125910231922463,-0.6271386100434311,26.267916599909466
564.320404187094,629.2420131375386,64.9216089504446,0.21759218808042782,21.759218808042785,0.13422786281973478,0.175018936740462,0.12955348511546774,-0.23139216558933604,Tokyo,533943481,random_forest,-0.07431284986274428,0.48789033835012074,45.45208287239075
379.6616299647315,591.4030373287078,211.74140736397624,0.7185107918843259,71.85107918843259,0.4802931824935204,0.5708231293075242,0.45808951891569877,0.5579588039688579,Tokyo,533943482,random_forest,-0.28962647815990705,0.24803518800421714,46.02541637420654
485.26087602406557,679.3886949232581,194.12781889919253,0.6816845303515322,68.16845303515322,0.40966777832577544,0.523339532164336,0.3834682534414977,0.49992772860976753,Tokyo,533943483,random_forest,-0.43874399961280286,0.025227244569306483,26.727916558583576
898.099238648101,653.8315236048633,-244.26771504323787,-0.21598661791278506,-21.598661791278506,-0.2860822575837528,-0.6585091845077707,-0.2788221395779135,-0.9146286201583316,Tokyo,533943484,random_forest,-0.24457371426752697,0.05176411546606915,25.878750165303547
518.701518035913,666.4796973176586,147.77817928174565,0.5085701507600725,50.85701507600726,0.3239948525147875,0.39838784388530435,0.30889456657642467,0.22713290258953148,Tokyo,533943491,random_forest,-0.48651486991429604,-0.48001221266018895,22.422083298365276
475.005475422427,702.4229595324368,227.41748411000978,0.6119700965174139,61.19700965174138,0.4285379965825893,0.6130834849688712,0.41223052874673183,0.39007124589724895,Tokyo,533943492,random_forest,-1.0406434311802666,-0.6788930675291425,23.47333351771037
374.4577407780246,669.1685683160871,294.7108275380626,1.0472078461550547,104.72078461550547,0.6344527681566628,0.7944962627310265,0.5919251974094925,1.0759218752328186,Tokyo,533943494,random_forest,-0.25351322519291525,0.04378447532292018,19.283750017484028
854.0094374580663,665.1579887669031,-188.8514486911631,-0.1128534061203356,-11.285340612033558,-0.19338008094156042,-0.5091152281369474,-0.18448717159929087,-0.7521105980608919,Tokyo,533943501,random_forest,1.6912636719050247,1.674452207969289,33.81916666030884
476.14002076270816,650.5113223554779,174.3713015927697,0.49497979080766114,49.49797908076611,0.34375081654152134,0.47007891973398164,0.3309593230980182,0.20571712021767044,Tokyo,533943503,random_forest,-0.16854537128487515,0.040940507621498874,30.25166662534078
281.90973276976905,641.492556286442,359.58282351667293,1.585462105523554,158.5462105523554,0.8713061424358882,0.9693814503281856,0.7938148858016144,1.9241066267572062,Tokyo,533943504,random_forest,-0.00037203233194999045,0.10967360817592194,29.897499879201252
295.0264537126545,631.8436870524142,336.81723333975975,1.2488334945183452,124.88334945183452,0.7734071725750322,0.9080088280003288,0.725496986908853,1.3936449540220204,Tokyo,533943534,random_forest,0.9866120577375013,0.7032266613863686,37.49000000953674
803.8130962621608,654.1860956710264,-149.62700059113442,-0.09242858390684312,-9.242858390684312,-0.15918170707730492,-0.40337198930350127,-0.1546741684596387,-0.7199250232093224,Tokyo,533943541,random_forest,-0.8203999098054908,-0.9828788750427498,25.50458327929179
846.3715640040963,672.0612520510209,-174.31031195307528,-0.09247176613884152,-9.247176613884152,-0.17442427558758247,-0.4699145007976049,-0.16855662862687018,-0.7199930700665099,Tokyo,533943542,random_forest,-1.15025095137141,-1.241380524934589,22.154999891916912
889.0438947132616,681.3850184426834,-207.65887627057813,-0.10982533603939999,-10.982533603939999,-0.1976858809920917,-0.5598172367745494,-0.19049366604587922,-0.7473389444706163,Tokyo,533943543,random_forest,1.5281127047966252,1.0875512273336154,27.90749979019165
884.4399542723837,669.6875528904541,-214.75240138192967,-0.1338279576858752,-13.382795768587519,-0.22969371205024777,-0.5789403183309255,-0.21756730359130724,-0.7851624401936879,Tokyo,533943544,random_forest,0.9162692900888436,0.7937375245692708,29.066666682561237
1066.413121735791,706.4641481379905,-359.9489735978006,-0.27158594776077755,-27.15859477607776,-0.3832596905483398,-0.9703685361216895,-0.3681439330502778,-1.00224242525366,Tokyo,533943551,random_forest,-1.0231978227994878,-1.2544314647716925,15.982083360354105
934.2901719613502,691.0952182599498,-243.19495370140052,-0.0793123731045713,-7.931237310457131,-0.214676108909175,-0.6556171805593171,-0.20238715715552416,-0.6992564083184367,Tokyo,533943552,random_forest,-0.7646742463089103,-1.1012891426293665,16.176666696866352
797.2014713482354,733.397569842033,-63.80390150620236,0.026134783496039784,2.613478349603978,-0.03779231946808348,-0.17200576482989685,-0.035562465006781396,-0.5330920561307264,Tokyo,533943553,random_forest,-1.0279524964380589,-1.3056632162352129,17.919583320617676
825.7639300435227,688.9977997705404,-136.7661302729824,-0.08231185113688426,-8.231185113688426,-0.1376925361555811,-0.36870100863883426,-0.13228087225758103,-0.7039830063625007,Tokyo,533943554,random_forest,-1.2990141423828452,-1.733513967795881,16.28791670004527
569.4602498645219,756.9944412417243,187.5341913772024,0.5070913974994513,50.70913974994513,0.34351805643034616,0.5055640996570759,0.32910093837998217,0.22480267306492466,Tokyo,533943561,random_forest,-1.3525455112395532,-1.6307648802231591,16.095833381017048
873.7522985978688,719.3223337898254,-154.42996480804348,-0.03933150864906467,-3.9331508649064673,-0.12813216163055943,-0.4163200616639315,-0.1224116522695437,-0.636254288049644,Tokyo,533943562,random_forest,-0.49089091715991917,-0.6861223969681168,16.632500052452087
702.6731005007769,737.7119860174375,35.03888551666061,0.23277333295019376,23.277333295019375,0.1112471213615881,0.09445958883085752,0.10599153995726775,-0.20746961344023598,Tokyo,533943563,random_forest,-1.5095642556103377,-1.7205487612085608,14.671249945958456
464.15233284974687,719.0885131904461,254.93618034069917,0.8059657297283302,80.59657297283303,0.5059556097134794,0.6872697695148279,0.4768963619403364,0.6957708945073072,Tokyo,533943564,random_forest,-0.26118217129125343,-0.36563468582513364,15.844583431879679
855.9458230518477,639.1363462058755,-216.8094768459723,-0.16712681694981482,-16.712681694981484,-0.24722732457165864,-0.5844858857672848,-0.2385982652114094,-0.8376350108779712,Tokyo,533943571,random_forest,-0.5490816214040601,-0.3702239889772365,23.581666787465412
443.6074780193258,698.2138822177275,254.6064041984016,0.9446100958724623,94.46100958724622,0.5406558285059068,0.6863807424139847,0.4983747837815244,0.9142476370530791,Tokyo,533943572,random_forest,-0.46656156642941243,-0.18208947928920555,23.6291667620341
1026.18911968766,660.8779018936717,-365.3112177939882,-0.2746542531104325,-27.465425311043248,-0.39016523493806904,-0.9848243435628734,-0.37336103765585493,-1.007077481856187,Tokyo,533943573,random_forest,-0.7615226461191559,-0.852417443534874,21.585833231608074
1388.5889639976958,671.3578403141987,-717.2311236834971,-0.45920387971340815,-45.92038797134081,-0.6797600275353891,-1.9335477153696272,-0.6355094606357418,-1.297892048503208,Tokyo,533943574,random_forest,-0.9031995092190057,-1.0442606869584494,21.988333145777386
531.7015122567844,681.8986402182421,150.19712796145768,0.44333227428206157,44.33322742820616,0.2987165645891938,0.40490896732628534,0.28672753948870255,0.12433060964455762,Tokyo,533943581,random_forest,-0.03952844954210196,-0.0033757736533314786,22.803333520889282
932.6238434857072,694.8365968819076,-237.78724660379962,-0.12274282029947493,-12.274282029947493,-0.2399793574330896,-0.6410388119432774,-0.22879955249282066,-0.7676944047140826,Tokyo,533943582,random_forest,-0.567583174734179,-0.717382444577635,21.982916673024494
594.8743600550434,704.3297487593536,109.45538870431011,0.40530290724493523,40.530290724493526,0.24940028848075724,0.2950753387237354,0.23684855328051743,0.06440367238472312,Tokyo,533943583,random_forest,-1.529648095105949,-1.0650279629245423,24.06291659673055
890.7239531490017,697.3094094385492,-193.41454371045236,-0.09342218712558596,-9.342218712558596,-0.18594635068859158,-0.5214166490572346,-0.17852416084464895,-0.7214907499723433,Tokyo,533943584,random_forest,-0.20807030677879856,-0.3004857742511538,23.979583342870075
444.0929990719406,681.7849325407004,237.69193346875988,0.6442725155233797,64.42725155233798,0.460729223873282,0.6407818620028533,0.4450636106891937,0.44097361919264416,Tokyo,533943591,random_forest,-0.19729839312237626,-0.20159621393534208,19.59333328406016
1119.1395159149495,679.5367297915517,-439.6027861233979,-0.34533765026288304,-34.5337650262883,-0.4626271993321647,-1.185103287784967,-0.4464191738402279,-1.1184608636077584,Tokyo,533943592,random_forest,-1.2698027406328027,-1.0841692995827787,20.47125005722046
549.7432823860728,680.038401057617,130.29511867154423,0.3451526350053735,34.51526350053735,0.24863539009502947,0.35125613029357655,0.24224534134146436,-0.030381538926923256,Tokyo,533943593,random_forest,-0.5901846922693856,-0.43740705030573684,22.043333292007446
534.8929250214084,705.6375710081071,170.74464598669888,0.6231896062370023,62.31896062370023,0.35844004493345394,0.46030199925465626,0.332715210950933,0.4077510262205841,Tokyo,533943594,random_forest,-0.9125320401992992,-0.7384454801345531,21.122083346048992
416.7023750325963,672.4439508354682,255.74157580287192,0.8190975900216065,81.90975900216065,0.5294664376279178,0.6894409950855415,0.5014587943914186,0.7164641699733915,Tokyo,533943602,random_forest,-0.26671615927453995,-0.23345116691352974,27.299583276112873
505.61381064044804,674.9619866565504,169.34817601610243,0.594091648424365,59.4091648424365,0.3569492312657296,0.4565373253133444,0.33519106340134625,0.36189826483949467,Tokyo,533943603,random_forest,-0.6441601823480707,-0.285197337892116,25.96958335240682
1028.4763296773751,665.574705216631,-362.90162446074424,-0.24312909503107297,-24.312909503107296,-0.36792832239048096,-0.9783284407351543,-0.35067693860663995,-0.9573999216568864,Tokyo,533943604,random_forest,-0.5783464641484881,-0.8823767316818084,22.677916606267292
458.2553127560164,736.1875101509162,277.9321973948998,0.8385174408795314,83.85174408795314,0.5400893811951613,0.7492635882010507,0.511066200933372,0.7470661040740055,Tokyo,533943613,random_forest,2.479356977134828,1.9770503796151546,19.458750049273174
1075.2608735764604,699.0451061773832,-376.2157673990774,-0.2713034824833254,-27.13034824833254,-0.3879485360296422,-1.0142213765133834,-0.3680273820317848,-1.001797314533215,Tokyo,533943614,random_forest,-0.7186299879464029,-1.0101820702510473,19.355833411216736
453.32491305325533,678.1076100214897,224.78269696823432,0.8956721652438961,89.56721652438962,0.4875683041421701,0.6059804933525825,0.44484491648695773,0.8371309105101118,Tokyo,533943622,random_forest,1.4716708392477886,1.1119302843817036,18.93374999364217
807.4555977011495,738.9892873600556,-68.46631034109375,0.006345805382012095,0.6345805382012104,-0.055209065938136716,-0.1845749209263654,-0.05145772367552801,-0.5642756634917914,Tokyo,533943623,random_forest,-0.6643617768168545,-0.8515873382192106,19.143749992052715
671.099472232559,688.398717289083,17.299245056523983,0.19468717054244297,19.468717054244294,0.07624937913812609,0.046636174382501776,0.07219497598063487,-0.26748604923441993,Tokyo,533943624,random_forest,-0.7967716753653992,-0.8456296573759704,16.961666584014893
257.16776003760793,681.1896635296574,424.0219034920495,1.8737012086046445,187.37012086046445,0.9938513439325676,1.1430995612029897,0.897538032457715,2.3783157812064073,Tokyo,533943631,random_forest,2.456733577449088,2.165889680986716,25.660833199818928
348.8153822021614,693.6862706850219,344.87088848286044,1.5128302819607553,151.28302819607552,0.7868173400731765,0.9297202763579281,0.708179204259229,1.8096529013121847,Tokyo,533943632,random_forest,-0.11424808048568852,-0.09165203389656039,25.795416752497356
681.39302390553,699.4197311725475,18.02670726701756,0.288575748716481,28.857574871648097,0.11942767858270671,0.048597303575967025,0.111124946696194,-0.11953578416275067,Tokyo,533943633,random_forest,0.038836276770532877,0.0790825358641863,22.648333152135212
588.2388375896057,655.8365174875338,67.59767989792816,0.3022769416854609,30.22769416854609,0.16628679500966737,0.18223322331533912,0.15725212727529916,-0.09794535036364566,Tokyo,533943634,random_forest,0.6136768216337781,0.6449677670925784,23.50083327293396
953.2635203213007,699.2172428123666,-254.04627750893405,-0.17564734850183802,-17.5647348501838,-0.2690523388083699,-0.684870724729343,-0.2585441627102231,-0.8510617229039708,Tokyo,533943641,random_forest,0.6264687290116435,0.3084376122570008,28.627916892369587
1719.0835552675371,671.5973454838431,-1047.486209783694,-0.5693743883762249,-56.93743883762249,-0.903924790881681,-2.8238659769904424,-0.8245757931364411,-1.471499491248055,Tokyo,533943643,random_forest,-0.17931785218809987,-0.2469136842767021,28.60083317756653
647.2846422677411,640.3434852792057,-6.941156988535454,0.17497802034717205,17.497802034717207,0.06950970021503267,-0.018712319911994162,0.06660502423958674,-0.29854386321390564,Tokyo,533943644,random_forest,0.5824249841162885,0.3952991209537243,36.01250020662943
376.0676710476367,673.6329721373326,297.5653010896959,1.0481550577773897,104.81550577773896,0.6424547903211387,0.802191496013707,0.6010873150418005,1.077414497800216,Tokyo,533943651,random_forest,-0.10841191337621998,-0.27450584125417066,19.606250127156574
694.3287289426524,679.5225766746888,-14.806152267963556,0.05903939265128654,5.9039392651286535,0.010600909514216847,-0.03991516952597978,0.010337963858814211,-0.4812407474702167,Tokyo,533943652,random_forest,-1.0548516655269935,-1.3267020634847688,19.630833506584167
665.8130409204426,728.8911920096051,63.07815108916242,0.18195859975420595,18.195859975420593,0.12586755935175645,0.17004925037526844,0.12293272307097834,-0.2875438183340048,Tokyo,533943653,random_forest,4.299999383932658,3.730513159628255,21.571666717529297
948.231662858423,695.2329038622407,-252.99875899618223,-0.17756504917476068,-17.756504917476068,-0.2577391936454129,-0.6820467716683872,-0.24881860300513944,-0.8540836487697676,Tokyo,533943654,random_forest,2.672596319766255,2.101235984107021,22.230416695276897
452.24913745149223,736.0502362140937,283.8010987626015,1.103789065416547,110.3789065416547,0.5955484020686729,0.7650852675126933,0.5409745407210881,1.1650829483965701,Tokyo,533943661,random_forest,-0.5752821495703858,-0.6523663743768753,16.909166653951008
1125.579164938556,716.0728956700067,-409.50626926854943,-0.2780014886317146,-27.800148863171458,-0.3991856329534631,-1.1039675848243753,-0.3800270665804686,-1.0123520785351676,Tokyo,533943662,random_forest,-0.6637519031392461,-0.9975228780635759,16.991666674613953
427.63516162910287,692.7624711529919,265.127309523889,0.9050168934881265,90.50168934881265,0.547989022933793,0.7147435278313855,0.5124080599705946,0.8518563973333736,Tokyo,533943663,random_forest,0.00016881548222290506,-0.3823374349253658,19.59833312034607
669.1900634556474,684.5399095558972,15.349846100249815,0.17947650706447224,17.94765070644722,0.07829137192361102,0.04138088668822267,0.07550187404688607,-0.29145511700867255,Tokyo,533943664,random_forest,-0.14194222450112026,-0.15538845405642895,17.93833323319753
708.7136699387416,672.781086085007,-35.932583853734684,0.08357845132521802,8.357845132521803,0.009062052305141973,-0.09686886573033816,0.007976803387581685,-0.4425719306021248,Tokyo,533943671,random_forest,-0.45783324457472163,-0.5488010678009791,19.59875003496806
349.65225564207145,695.8889452589216,346.23668961685024,1.2324792205547992,123.24792205547992,0.7440055702725802,0.9334022717079243,0.693733820845548,1.3678737770054064,Tokyo,533943672,random_forest,2.579488101252818,2.3997952781251946,21.517916679382324
556.354920809154,713.8421706576015,157.4872498484476,0.42524417656141106,42.52441765614111,0.2849366191199472,0.4245620443525073,0.2740822173092969,0.09582726126652773,Tokyo,533943673,random_forest,-0.054254030567148254,-0.22664469077579644,18.8400000333786
877.0509987541272,697.5452370264325,-179.50576172769487,-0.13755618272139614,-13.755618272139614,-0.19409241916960426,-0.48392065545308277,-0.1880830807696392,-0.7910374027608033,Tokyo,533943674,random_forest,0.5040214656575348,0.27578979712764246,19.84166677792867
471.89164037520624,658.5532438946855,186.66160351947926,0.5979786135319191,59.797861353191905,0.3804957666364774,0.5032117334489631,0.36070039989040786,0.36802337110024713,Tokyo,533943681,random_forest,-0.3422258573687873,0.00909799063827359,27.145416657129925
943.3709699820788,659.8937903262822,-283.4771796557966,-0.2012141370302105,-20.121413703021048,-0.3036322685424105,-0.7642120301025394,-0.2907763358485049,-0.891350043521547,Tokyo,533943683,random_forest,-0.0009901438921164757,0.20060888029654575,25.043333371480305
662.0440817652329,677.028553572444,14.984471807211044,0.14698252923371533,14.698252923371532,0.07149414532592029,0.040395892303244384,0.0688997919666397,-0.342659350013266,Tokyo,533943684,random_forest,-0.4575009471884867,-0.2568534539599333,24.977499802907307
357.20930572267736,685.6336495515314,328.42434382885403,1.1108369356138676,111.08369356138677,0.694378700986532,0.8853828545821386,0.6524813883265886,1.1761890305650682,Tokyo,533943691,random_forest,4.348028415807756,3.843103121256508,22.496249834696453
627.9869277393753,683.7287906234324,55.74186288405699,0.2783472217067606,27.834722170676056,0.14079247478726353,0.1502717158680872,0.1313751777867002,-0.135653967138913,Tokyo,533943692,random_forest,-1.01211075740548,-1.2181049010780862,20.525416771570843
631.7589907734784,668.5800897923508,36.821099018872395,0.2474315850427148,24.74315850427148,0.12429549586673667,0.09926416957437688,0.11657709136488086,-0.18437103931383042,Tokyo,533943693,random_forest,0.8220928507710465,0.8077181068507902,22.31416670481364
769.549127688172,729.7154175001347,-39.833710188037394,0.07057908030397822,7.057908030397822,0.005805991299994743,-0.10738571819530163,0.0043845452646963864,-0.46305642856514984,Tokyo,533943694,random_forest,-0.855531407591786,-0.8271049149257211,21.285833438237507
1111.32322604849,670.8950939785667,-440.4281320699234,-0.3284728151346718,-32.84728151346718,-0.4600363994701279,-1.1873282968742243,-0.439766680331758,-1.0918851408080834,Tokyo,533943701,random_forest,-0.4740197223291517,-0.8844501786629164,22.518749952316284
626.4182471607685,673.2233301682207,46.805083007452275,0.16563162838330275,16.563162838330275,0.10858834893977272,0.12617949546300122,0.1057871077427588,-0.31327197173797905,Tokyo,533943702,random_forest,-0.11939028144269855,-5.869033721668346e-05,22.274999777475994
1240.2132490509737,693.1510325795688,-547.0622164714049,-0.3497765775457807,-34.97765775457807,-0.5186646247157,-1.4747978216434836,-0.48840682759329646,-1.1254557556479934,Tokyo,533943703,random_forest,2.4959733144036003,2.166709232831771,27.71874976158142
780.9444970283462,663.9700012306023,-116.97449579774396,-0.1087892391475342,-10.87892391475342,-0.15046485221730077,-0.31534572557959667,-0.1477453055163665,-0.7457062558862038,Tokyo,533943704,random_forest,-0.7234646091178629,-0.43694961613772393,28.616666793823242
344.3518987953007,678.8063308486876,334.45443205338694,1.5390293341340824,153.90293341340825,0.7916365769191372,0.9016390695246012,0.7097906955987333,1.8509375473155052,Tokyo,533943711,random_forest,0.002244142982260512,-0.20120626939607664,19.240000128746033
558.337318057689,700.0834166113056,141.74609855361652,0.5641957361146529,56.41957361146529,0.3179213069086316,0.3821262574514925,0.2949813427405171,0.3147880812921166,Tokyo,533943712,random_forest,-0.6837302402149367,-0.8662668253331255,19.330833236376446
416.94391953226,730.9219963536962,313.97807682143605,1.143189751228752,114.3189751228752,0.6312985304751004,0.8464378818314318,0.5764010301902908,1.2271708191822546,Tokyo,533943713,random_forest,-0.6869368047727836,-0.05249722255786334,15.68666668732961
1083.3502549603174,754.9674867340544,-328.38276822626307,-0.19633994206579555,-19.63399420657956,-0.31292062199702736,-0.885270772982846,-0.2954778862517254,-0.8836692536851153,Tokyo,533943714,random_forest,-0.8607308965929708,-0.4786505848603305,16.515416661898296
825.7477609126985,690.7344482458174,-135.01331266688103,-0.10600402837094679,-10.600402837094679,-0.1475688867302519,-0.3639756748296555,-0.14459288564765352,-0.7413173016524659,Tokyo,533943721,random_forest,-1.0852182302523752,-1.3558099641576726,15.988333503405253
905.5413820724526,714.5259164300293,-191.01546564242338,-0.1434388498728851,-14.34388498728851,-0.2103284136700089,-0.5149490938100395,-0.20490680108598072,-0.8003073499824755,Tokyo,533943722,random_forest,-1.1726252384283673,-1.2462871985689792,14.920000036557516
927.1401480922365,703.6953319076083,-223.4448161846282,-0.1240532172024326,-12.40532172024326,-0.21774645737401369,-0.6023737670865873,-0.20878084307866288,-0.7697593371362383,Tokyo,533943723,random_forest,-0.7119574004338448,-1.0431472494522391,15.054583350817362
626.8658110698394,709.5209818507069,82.65517078086746,0.3468622586720136,34.68622586720136,0.19277647046984334,0.22282596411328867,0.18130733176742167,-0.02768750223394733,Tokyo,533943724,random_forest,-0.53720316759771,-0.773864011493153,15.857916752497355
564.2520963405105,674.163516751774,109.91142041126328,0.3527982919961572,35.27982919961572,0.22734340566405195,0.29630473192210494,0.21893413901102346,-0.018333460231592685,Tokyo,533943731,random_forest,-0.3777625996223298,-0.048928468624462505,24.333333412806194
809.2417688812084,653.0217005481927,-156.2200683330157,-0.13942618383219343,-13.942618383219342,-0.18350622273781766,-0.42114591272740604,-0.17941776367113885,-0.7939841633296333,Tokyo,533943732,random_forest,-0.7048278494695227,-0.8568841410035692,27.576249837875366
238.2899449275669,657.579183254429,419.28923832686206,1.9024668764416512,190.24668764416512,1.036375904907317,1.1303410045598237,0.9418599653344805,2.4236449177661257,Tokyo,533943733,random_forest,-0.08029121652912374,0.2682614588284314,27.374583164850872
282.0142682091654,611.4471506268538,329.4328824176884,1.4633914812446462,146.33914812446463,0.8154434262468918,0.8881017236048434,0.745589322263454,1.7317469002519157,Tokyo,533943734,random_forest,0.3096493058227267,0.5354938704761112,32.234999577204384
217.45502852277562,678.5806947915501,461.1256662687744,2.6821691909094034,268.21691909094034,1.2122058562448388,1.2431257499440844,1.0489752977458229,3.652305169587858,Tokyo,533943741,random_forest,3.9284033645640983,3.4583779027939068,26.00333348910014
849.3966104710702,650.3238944338956,-199.07271603717462,-0.15497150204151788,-15.497150204151788,-0.22173183686975614,-0.5366702344277564,-0.21516630034688602,-0.8184805823235356,Tokyo,533943742,random_forest,0.170226750858201,-0.16813835361225404,33.27208344141642
516.7930925401141,648.9371392442939,132.14404670417983,0.37185652220593807,37.18565222059381,0.26123280692817424,0.35624056342166677,0.25308616906207165,0.011698629572848158,Tokyo,533943744,random_forest,-0.5194235725325633,-0.19915537089488358,32.06208316485087
612.8920024524434,686.3722988362879,73.48029638384448,0.25816355292307924,25.81635529230792,0.16659755381547411,0.19809187653206498,0.16121776774841745,-0.1674595307627337,Tokyo,533943751,random_forest,-0.05219119136884497,-0.13995497826456238,22.40541644891103
716.0908608870968,687.0179159007843,-29.07294498631251,0.035549342776793225,3.5549342776793225,-0.00236576299365047,-0.07837630646680879,-0.002287861026623421,-0.5182565290814353,Tokyo,533943752,random_forest,2.8046995154343386,2.0068560467835934,20.864166617393494
767.3265276243886,644.6846611783665,-122.64186644602215,-0.0803404902529924,-8.034049025299241,-0.14746310862366488,-0.33062410824772925,-0.14105153758161246,-0.7008765223684298,Tokyo,533943753,random_forest,-0.43881080263657146,-0.37201048170076517,23.105416933695476
695.6771951086163,675.8881843052699,-19.789010803346315,0.08402919639578187,8.402919639578187,0.0158105894780803,-0.05334821003267002,0.014828355260614027,-0.44186164343017453,Tokyo,533943754,random_forest,-1.1905610010108252,-1.256069625566811,19.574583212534588
523.871990074951,713.6519299819314,189.7799399069803,0.49740545053473645,49.740545053473646,0.350038878350893,0.5116183014278332,0.33805365009393284,0.20953949144294587,Tokyo,533943761,random_forest,-0.5256602994869217,-0.57925794250515,18.170833547910053
512.6736574820789,711.6867687274812,199.01311124540237,0.6406171680910835,64.06171680910835,0.395922635606726,0.5365095488340186,0.37222710809459686,0.4352134976522498,Tokyo,533943762,random_forest,-0.3467730721168144,-0.4223384737848277,17.111250042915344
628.1098594150026,677.9502193917672,49.8403599767646,0.15323383376154492,15.323383376154494,0.10437394150850055,0.13436214768727606,0.10274626264765142,-0.33280850148703,Tokyo,533943763,random_forest,-0.8782832037665206,-0.9708992022630738,18.15708327293396
491.4375148809524,648.6705691309799,157.23305425002746,0.4083192856022584,40.83192856022584,0.30996699382829346,0.4238767710809597,0.3027171386055812,0.06915690207678603,Tokyo,533943764,random_forest,-0.42732521900065745,-0.41125594205279936,19.995416800181072
948.5954033780921,648.983220030596,-299.612183347496,-0.23718654907808576,-23.718654907808574,-0.33434716451064056,-0.8077095840923088,-0.32153742723260903,-0.9480356170093573,Tokyo,533943771,random_forest,-0.6629622737067242,-0.7389145203949933,23.985833326975506
665.6862291346646,682.8693683304505,17.183139195785895,0.18843629177815147,18.84362917781515,0.09252105098367851,0.04632317036697856,0.08761652176233513,-0.2773362268395541,Tokyo,533943772,random_forest,-0.3447529255436706,-0.4457816893975162,24.81458322207133
697.0770657564843,668.3464881786011,-28.73057757788317,0.08860359322087619,8.86035932208762,0.010620356953191782,-0.0774533351978184,0.011500060866348194,-0.4346532775567327,Tokyo,533943773,random_forest,-0.6409937768999884,-0.5818178702485949,32.25999999046326
627.645436763953,662.7199983264004,35.07456156244749,0.22387869842252173,22.387869842252172,0.1218275987005522,0.09455576610837213,0.1155774739890131,-0.22148583949965445,Tokyo,533943774,random_forest,-0.881639482387516,-0.4922703552389093,30.316249926884968
806.5268527690364,730.2369468507782,-76.28990591825828,0.009220335654637741,0.9220335654637736,-0.05626678715020975,-0.20566616314200278,-0.0547558983178791,-0.5597459589839313,Tokyo,533943781,random_forest,-0.024385730885341614,-0.029251030636389615,21.412916501363117
991.5923391897081,713.9517758246207,-277.6405633650875,-0.21588964838153898,-21.5889648381539,-0.2924685864714009,-0.7484773865242863,-0.2834209649668709,-0.9144758149062897,Tokyo,533943782,random_forest,-0.08305451358284065,-0.34700748308909823,20.857916831970215
881.2991904121864,690.4497856391578,-190.8494047730285,-0.1617557601038753,-16.175576010387527,-0.2233768105572357,-0.5145014185711546,-0.21761288587217187,-0.8291712626827569,Tokyo,533943783,random_forest,-0.8959206877765362,-0.7030424600342389,20.6349999109904
708.7430659253226,672.2451323563862,-36.49793356893647,0.03761819515971873,3.7618195159718737,-0.02267197748586891,-0.0983929639102934,-0.02415666251747886,-0.5149964173149051,Tokyo,533943784,random_forest,-0.018567887686415048,-0.09634281688226282,21.662499984105427
788.5923232206861,664.0364231651988,-124.55590005548731,-0.08634309593253665,-8.634309593253667,-0.14088761167130548,-0.33578405626241575,-0.13602690173843476,-0.7103354695447632,Tokyo,533943791,random_forest,-0.9506419950614361,-0.766922655370313,22.207500060399372
1051.3105582437277,651.6650381593543,-399.64552008437335,-0.3280490875327952,-32.80490875327952,-0.44715242077123846,-1.0773844815159497,-0.43060332283164854,-1.0912174279484892,Tokyo,533943792,random_forest,-0.41710171234563814,-0.3446769555681808,21.74791653951009
882.4392646036013,680.4220079133974,-202.0172566902039,-0.13723625050877558,-13.723625050877558,-0.21915170865419767,-0.5446082751296685,-0.20927301324526323,-0.7905332513870925,Tokyo,533943793,random_forest,-0.14994851538034645,-0.00023066563536767117,26.330000003178913
340.6236145207393,649.4885912991801,308.8649767784409,1.1275920929012775,112.75920929012773,0.690886343613697,0.8326537297218359,0.6460981212887633,1.2025919222713914,Tokyo,533943794,random_forest,0.4161044701696302,0.39944240106401113,23.858750025431316
646.8137922107014,625.4119836320057,-21.40180857869571,0.050352981202687296,5.035298120268729,-0.0017609111489839495,-0.05769607134390916,-0.00215224718040997,-0.4949288541743101,Tokyo,533943801,random_forest,1.8021605926238629,1.6276838944240972,30.358749866485596
802.3453858464873,713.8827865893081,-88.46259925717906,0.032791209043841946,3.279120904384195,-0.05922865836006023,-0.23848192171434215,-0.05456010357853582,-0.5226028151242044,Tokyo,533943812,random_forest,-0.802441231155495,-0.9210086673278303,14.830833355585733
286.0722410767858,739.3099923139856,453.23775123719975,1.7393677104073084,173.93677104073086,0.9640754593115216,1.2218611121101843,0.8801917065629654,2.166632133921224,Tokyo,533943813,random_forest,-0.048286624994095126,-0.3410669615835769,18.084999918937683
1459.1207837621607,726.7517519890888,-732.369031773072,-0.4517575206865232,-45.17575206865232,-0.6557353354579177,-1.9743572489154542,-0.6172562679672108,-1.2861580249055315,Tokyo,533943814,random_forest,-0.9081179830986204,-1.2436401262348438,17.039583166440327
1385.7939651177676,720.0035132074169,-665.7904519103506,-0.42370009807825576,-42.370009807825575,-0.6125218862756929,-1.7948713667008291,-0.577701090950956,-1.2419449460321224,Tokyo,533943821,random_forest,-0.6064999240004403,-0.875719008007597,17.895416418711346
1295.8526632104456,689.2992269092337,-606.553436301212,-0.38239994394374044,-38.239994394374044,-0.5646807108175043,-1.635177242430075,-0.5325058870241246,-1.1768638800437146,Tokyo,533943822,random_forest,-0.01659001792672979,-0.17239137563406007,19.580833474795025
1133.5437670857832,686.4618632098359,-447.08190387594726,-0.31673877536957146,-31.673877536957146,-0.4533783867171659,-1.2052658693655787,-0.4314005661590194,-1.0733945605120432,Tokyo,533943823,random_forest,1.745786916781528,1.328296524726603,22.700833241144817
654.7115594443561,683.4004182920161,28.688858847659876,0.1315466741826881,13.15466741826881,0.08075795330181401,0.07734086774786014,0.07837699480723424,-0.3669832762119784,Tokyo,533943824,random_forest,4.813548880981737,4.243828081245054,27.485833168029785
492.18487813826056,664.1188522260542,171.93397408779353,0.5291328529602817,52.913285296028164,0.346556863061017,0.4635082497320286,0.33059617496149873,0.2595357496693053,Tokyo,533943833,random_forest,-1.4559633100940739,-0.7920025142611952,30.830833276112873
441.79578384271764,733.5957878083258,291.80000396560814,0.8896870071835692,88.96870071835694,0.5545585671673582,0.7866491182297417,0.5208007365905747,0.8276994574117404,Tokyo,533943841,random_forest,-0.8690302823718935,-0.6255629272009864,25.02625000476837
566.4948693339209,710.2693481424644,143.77447880854356,0.40133127258816487,40.13312725881649,0.2646368159956987,0.3875944669007323,0.25504960033339835,0.0581451432679249,Tokyo,533943842,random_forest,-0.1623785468681599,0.06375961935042465,28.72333351771037
731.1498476812861,677.0316501427639,-54.1181975385222,0.09061392138932033,9.06139213893203,-0.012928808010427137,-0.14589455721487604,-0.013963834629764532,-0.4314853886485524,Tokyo,533943843,random_forest,-0.45266288955287365,-0.7890554945663798,22.767916560173035
599.7055298259088,676.3522703600175,76.64674053410866,0.289697751072074,28.9697751072074,0.17314336301017821,0.2066281358359635,0.1657778696392708,-0.11776772515973419,Tokyo,533943844,random_forest,3.229623252618765,2.8229560838309786,24.778749982515972
657.2298608628929,664.8937361934856,7.663875330592551,0.17475588552884805,17.475588552884805,0.0739603580182161,0.02066066034647435,0.07049202352345589,-0.2988939047833047,Tokyo,533943851,random_forest,0.2119645313354657,0.13575849520921368,21.74958344300588
874.1828327252944,738.215838112185,-135.96699461310936,-0.05330190210604687,-5.330190210604687,-0.1278572088124469,-0.3665466585578139,-0.12202827177818094,-0.6582689298230516,Tokyo,533943852,random_forest,-0.5042996749399645,-0.5473673934174654,18.963333249092102
1264.2387914901037,698.6000747265203,-565.6387167635834,-0.3783684759973973,-37.836847599739734,-0.5421344383557403,-1.524877284892425,-0.5129452334059541,-1.1705110652190638,Tokyo,533943853,random_forest,0.0638020741142429,-0.20770101293611712,22.670833349227905
670.4143222694529,660.529448936395,-9.884873333057804,0.07312237880914867,7.312237880914867,0.013622525600528826,-0.0266481384015988,0.013438680733986864,-0.45904868134696486,Tokyo,533943854,random_forest,1.3014859302911386,0.8665860563082864,22.415000041325886
963.7775895737327,708.1803004716834,-255.59728910204936,-0.2027921943634872,-20.279219436348722,-0.27352774972763255,-0.6890520197447881,-0.26481600925221843,-0.8938367570845515,Tokyo,533943861,random_forest,-0.5877032886523448,-0.7125605223495848,20.06666664282481
521.3501277239261,632.600332453201,111.2502047292749,0.29589943986792655,29.58994398679265,0.2176806539620785,0.2999138939815673,0.21273406612239046,-0.10799506144405231,Tokyo,533943862,random_forest,1.660146145991219,1.380949522920161,23.814583381017048
509.82846598930223,671.2812380117654,161.45277202246314,0.5480726310680563,54.80726310680563,0.3316031865987926,0.4352524983590722,0.3115637311235516,0.2893811818394422,Tokyo,533943863,random_forest,0.25214106827840926,0.3916583001759793,22.00791645050049
211.7026377250443,666.3833927493694,454.680755024325,2.390446443008616,239.04464430086156,1.1721858887114545,1.2257512342531507,1.0365781210775338,3.192606463752179,Tokyo,533943864,random_forest,1.8201731771009166,1.6299205707712958,24.78208351135254
266.90116213021275,620.696221533333,353.79505940312015,1.4879416288439922,148.79416288439919,0.8664209129120604,0.953778504904701,0.8011320901415213,1.7704331911246878,Tokyo,533943871,random_forest,-0.5265730354288938,-0.23088177023385398,34.52083349227905
348.6529162362943,667.5868019827562,318.93388574646195,1.1588986363434477,115.88986363434476,0.6996544039926947,0.8597980006388536,0.6524047698692776,1.251924988026855,Tokyo,533943873,random_forest,0.24211988475116522,0.38355449931906344,31.854583422342937
468.6625642601127,662.5483222959587,193.88575803584604,0.5010869887098712,50.108698870987126,0.36716050694136043,0.5226869723215614,0.35627654185740787,0.21534088453543682,Tokyo,533943881,random_forest,0.37156251283519165,0.1320693228600142,21.33958351612091
757.8042381272402,650.2826710703424,-107.52156705689777,0.0065380397212206065,0.6538039721220615,-0.08997822713369485,-0.2898620451216908,-0.08782406657033857,-0.5639727393023435,Tokyo,533943882,random_forest,0.3766340299472859,0.3796137526692329,21.980833292007446
481.3650430747568,702.7611729336794,221.39612985892256,0.6840916484956937,68.40916484956936,0.44217519302482694,0.596850815511043,0.418519010562378,0.503720881881589,Tokyo,533943883,random_forest,3.132019784762975,2.77464945543078,22.11583336194356
558.4935015360983,721.2168742143275,162.7233726782291,0.4243760430335648,42.43760430335649,0.29986545355156746,0.43867784747455146,0.28929294493719365,0.09445925050248813,Tokyo,533943884,random_forest,0.5577567431760223,0.38456812124812395,18.09083318710327
601.9221955711372,673.2390188407617,71.31682326962446,0.18677446094485506,18.677446094485507,0.13103582162950322,0.19225947696220236,0.12782855607242763,-0.279954951258138,Tokyo,533943891,random_forest,1.3663310200004986,1.3682462335829737,25.845416863759358
575.9701398298226,679.075048661689,103.1049088318663,0.3110637125282601,31.106371252826012,0.20363248134067793,0.27795539587211565,0.19592265719560742,-0.084099096638231,Tokyo,533943892,random_forest,2.732799152359495,2.3743595550160106,24.06291667620341
572.7697299347159,700.0982956395029,127.32856570478707,0.35437401107161065,35.43740110716106,0.2350425883248801,0.3432587476898519,0.22478652024082493,-0.01585043131129439,Tokyo,533943893,random_forest,0.28298913729897607,0.1353369404920042,23.790416558583576
595.4294504338546,628.4471193692584,33.01766893540386,0.1995905591343593,19.95905591343593,0.11282652700040423,0.08901069157318525,0.1085714341103808,-0.2597592558796557,Tokyo,533943894,random_forest,-0.6581439052449827,-0.8597083732326026,26.888749837875366
275.73813309073995,714.0699607846656,438.33182769392573,1.8799178381156085,187.99178381156085,0.9861037545710722,1.1816769741651467,0.8879994415448625,2.3881119886033773,Tokyo,533943901,random_forest,0.5545882448152816,0.05798770169342892,19.949166774749756
883.1985488068677,709.4318701013445,-173.76667870552328,-0.14260409030412394,-14.260409030412395,-0.19122756306659028,-0.4684489469627338,-0.18687332719074032,-0.7989919301319333,Tokyo,533943903,random_forest,0.08930859179701743,-0.4319528128644526,18.606666723887127
588.4005187709791,682.5850421767831,94.18452340580389,0.3428189317758579,34.28189317758579,0.2080986615064427,0.2539073724508806,0.1985250605303179,-0.034059004473003036,Tokyo,533943904,random_forest,-0.17274925564720697,-0.8325550118526148,20.56958333651225
736.7590060130746,706.0709417710859,-30.688064241988503,0.04620713029925017,4.620713029925017,-0.009732674937509844,-0.08273042614140326,-0.007536498648263598,-0.5014619144468189,Tokyo,533943911,random_forest,-0.022771811283304355,-0.1782581067842058,21.2583331267039
888.7126593791505,711.2889077818935,-177.42375159725702,-0.15389397860534987,-15.389397860534986,-0.2054182475223283,-0.4783078678896963,-0.20091886883691967,-0.816782613506642,Tokyo,533943912,random_forest,-1.1552040932639418,-1.2683129792487884,18.24124999841054
923.3610128604092,714.1101038444916,-209.2509090159177,-0.11588289860207616,-11.588289860207615,-0.20397027606410967,-0.5641091186741186,-0.192397217355503,-0.7568844930801061,Tokyo,533943913,random_forest,-0.8860353053796954,-1.1119010357016301,19.986666917800903
885.9197472191323,711.3460121853403,-174.57373503379208,-0.10104153322111831,-10.10415332211183,-0.1735738052686118,-0.4706246499797537,-0.1674062901045262,-0.7334973677785815,Tokyo,533943914,random_forest,-1.046782555995758,-1.3907943110357528,16.9375
1059.2353618769532,695.468320350395,-363.76704152655833,-0.29570280747886135,-29.570280747886134,-0.4004045889618622,-0.9806614755619937,-0.38500852647765593,-1.0402459381130484,Tokyo,533943921,random_forest,1.239981915109879,0.9223950018148065,24.267916758855183
655.3136179915515,698.632141598763,43.31852360721158,0.17121064443778555,17.121064443778554,0.10700415875759117,0.1167802533773904,0.10473888965536247,-0.3044805199964288,Tokyo,533943923,random_forest,-0.5072376192638466,-0.39018645208964253,19.549583315849304
450.64634850230414,645.670140768717,195.02379226641293,0.5501597789636388,55.01597789636387,0.3946525450551673,0.5257549422044412,0.3819018560564123,0.29267012380022905,Tokyo,533943931,random_forest,2.5409950295934878,2.4087148256943145,29.702083269755047
1035.803296498976,670.605445415665,-365.197851083311,-0.28318159567895207,-28.318159567895208,-0.3829526878269907,-0.9845187238857697,-0.36971544155509023,-1.0205149267286695,Tokyo,533943932,random_forest,-0.6559644207736516,-0.5827339938128375,27.78125007947286
313.35699966825126,723.0546958942078,409.69769622595663,1.5391447796548077,153.91447796548076,0.8649798347788659,1.1044836432383687,0.7923376750027803,1.851119467158417,Tokyo,533943933,random_forest,-0.40129436774208427,-0.09195238551394784,22.337500015894573
280.5116438955542,709.4551725836876,428.9435286881335,1.7966940042895063,179.66940042895064,0.9682128430659317,1.15636752579566,0.8784122622868257,2.2569673007796016,Tokyo,533943934,random_forest,4.1143453667557734,3.557290788595816,19.995416561762493
752.6303157807616,636.4771429089477,-116.15317287181402,0.03086304303626514,3.0863043036265148,-0.09231244107315462,-0.313131561951481,-0.08664586868782437,-0.5256412323360868,Tokyo,533943941,random_forest,-0.33052820538599137,-0.43701282670795377,23.46874988079071
1165.8431794564508,678.6397436599918,-487.2034357964589,-0.33544908223378656,-33.544908223378656,-0.4897815116711408,-1.3134275118548528,-0.4630440074166202,-1.1028783903236052,Tokyo,533943942,random_forest,-0.4251879490446962,-0.6050691588004506,24.137916763623554
1005.1008898092236,752.4073121798159,-252.69357762940786,-0.14471340684333014,-14.471340684333015,-0.2279720706289482,-0.6812240483996738,-0.21854565736908008,-0.8023158055933034,Tokyo,533943943,random_forest,-0.7248946377284888,-0.8971604086507909,17.735833287239075
1072.9564773105478,708.9992622056525,-363.9572151048954,-0.2608574613914109,-26.085746139141094,-0.37815777991881516,-0.9811741550536879,-0.3636158476682954,-0.9853364028914584,Tokyo,533943944,random_forest,-1.1826157615306998,-1.3508771884164288,17.171249866485596
952.8004524515776,654.8196053436618,-297.98084710791574,-0.1917036962730573,-19.170369627305732,-0.3202402561898442,-0.8033117458573465,-0.30369341656968274,-0.8763634257844994,Tokyo,533943951,random_forest,-1.1979249495070008,-1.231512029939382,23.75708317756653
685.604767526455,699.9211129305864,14.316345404131548,0.24224666901026248,24.22466690102625,0.10752290248834236,0.03859472356196348,0.10002901513756801,-0.19254146553919838,Tokyo,533943953,random_forest,-0.8636910029177348,-1.1989021897462617,17.957083503405254
785.5749820788532,690.5383812740839,-95.03660080476908,0.05156928847277939,5.156928847277938,-0.056711530907809525,-0.2562044455333006,-0.05003862096707217,-0.49301218884058706,Tokyo,533943954,random_forest,-0.7540391951854436,-0.9921081369953355,21.185416618982952
303.4513008567721,690.4267493850243,386.97544852825223,1.6309010927642842,163.09010927642842,0.8815796665096691,1.0432278657446041,0.800569376162878,1.9957096943251544,Tokyo,533943961,random_forest,0.5468909991421539,0.508612214417954,20.527499953905743
364.67164940603715,717.8779168234681,353.20626741743087,1.1113367951176285,111.13367951176285,0.7016153488903133,0.9521912098736228,0.66074654738605,1.1769767125975186,Tokyo,533943962,random_forest,0.21280598241293344,0.6122794048721774,21.591666618982952
995.6038693488796,713.4980817403957,-282.105787608484,-0.2150795690121103,-21.50795690121103,-0.304593611083573,-0.7605149624873762,-0.29380301363559164,-0.9131992862830326,Tokyo,533943963,random_forest,-0.8654563617500384,-1.0568366711789996,19.951666633288067
367.6654089834965,710.5313505172185,342.86594153372204,1.1944927970054895,119.44927970054896,0.7101843315763176,0.9243152395923254,0.6596086670563593,1.3080145103880412,Tokyo,533943964,random_forest,1.2592459591271064,1.2299547207938153,20.912083387374878
366.4679192054393,606.666427348396,240.19850814295685,0.9614602267218824,96.14602267218822,0.5778853940238292,0.6475392120043512,0.5384114622773805,0.9408001887494407,Tokyo,533943971,random_forest,2.2894740285126267,2.0979640706193554,33.329166412353516
344.25925663545917,630.2178284438627,285.9585718084035,1.134463100214526,113.44631002145259,0.6715002670669508,0.7709014917965168,0.6229282506001063,1.2134193026948132,Tokyo,533943972,random_forest,0.34230686941131977,0.4606585325448798,38.33750025431315
366.30917791005294,640.7286617374609,274.41948382740804,0.9470749532604791,94.70749532604789,0.6008217945200102,0.7397938383967063,0.5663750814961439,0.9181317762211574,Tokyo,533943973,random_forest,1.6899013362373583,1.7378008173600024,36.03458309173584
410.81295528996026,580.4848419765997,169.6718866866394,0.5737206499890389,57.37206499890389,0.3847360501055921,0.4574100008105302,0.36837025139421,0.3297975058665097,Tokyo,533943974,random_forest,0.9803989895239078,1.2262754617972782,47.54374965031942
638.6954105862775,718.8949314521468,80.1995208658692,0.22092789210558042,22.09278921055804,0.1553317916300614,0.21620589963740885,0.15240742945881916,-0.2261357403210021,Tokyo,533943981,random_forest,0.42095358651160825,0.38587184882366027,26.75041659673055
299.6609180595528,628.5902127621116,328.9292947025588,1.236368510138478,123.63685101384782,0.7613845186594972,0.8867441265291945,0.713056911306584,1.37400254619157,Tokyo,533943983,random_forest,2.288770918302241,2.2218752334068204,32.203750133514404
621.6896202316948,724.9766766305764,103.2870563988816,0.3237172022880405,32.371720228804044,0.21058991410178615,0.2784464384390553,0.2039479679743649,-0.06415964073795159,Tokyo,533943984,random_forest,-0.8081087990762685,-0.895617382690961,21.667499939600628
853.5161484552942,653.1790692970714,-200.33707915822288,-0.18194727670568359,-18.19472767056836,-0.24239544861941134,-0.5400787680836093,-0.23493181464858293,-0.8609891929521771,Tokyo,533943992,random_forest,-1.1909587725252042,-1.3382711993389775,29.512916644414265
537.3609396441373,684.5978000581631,147.23686041402593,0.4294836285081444,42.94836285081444,0.29920228012322286,0.3969285292719192,0.2888930885213131,0.10250781870467675,Tokyo,533943993,random_forest,-1.1827947347230643,-1.3042252296254815,19.601666808128357
665.9704624262849,677.7844900948922,11.814027668607276,0.1903856264001322,19.038562640013218,0.08632040000468333,0.0318488496297177,0.08240261401879742,-0.27426445197998783,Tokyo,533943994,random_forest,-1.0757715113102442,-1.185408045048191,23.630833387374878
543.636586958393,681.5779188772023,137.9413319188093,0.3891594374309572,38.91594374309572,0.2736233488471636,0.3718691763080193,0.2643191200848325,0.03896468199201329,Tokyo,533944001,random_forest,-0.29537620411232896,-0.04324055424807338,30.545833428700764
807.3380317722709,685.0918927147459,-122.24613905752513,-0.031273349717207376,-3.127334971720739,-0.11624505475425295,-0.32955728646229426,-0.11519352375864267,-0.6235561859679619,Tokyo,533944002,random_forest,-0.6914069623695344,-0.3071766357015796,29.149166742960613
762.7548118765118,686.5499735143673,-76.20483836214453,0.04896708857882596,4.896708857882597,-0.041746318306866294,-0.20543683374824884,-0.04123659672064985,-0.497112753270972,Tokyo,533944003,random_forest,-0.8849967273879523,-0.8432056271449839,23.037916501363117
743.1183837365592,669.3141563699776,-73.80422736658159,-0.009138207982384254,-0.9138207982384253,-0.06875953015387741,-0.19896514595795398,-0.0683424298240184,-0.5886754778908252,Tokyo,533944004,random_forest,-0.6333689402253272,-0.6416765860523241,20.112083474795025
1163.0101042957783,687.669690786578,-475.3404135092003,-0.36630402096192655,-36.630402096192654,-0.5081135914066226,-1.281446580069425,-0.4880774837564678,-1.1514998142750519,Tokyo,533944011,random_forest,-0.5630512191729705,-0.5490866267655196,27.698749860127766
1503.6781897710418,661.7128037418469,-841.965386029195,-0.5180395019136034,-51.803950191360336,-0.7940805543513529,-2.269812609659503,-0.7339816593990182,-1.3906056252711916,Tokyo,533944013,random_forest,-0.0072704114579491465,-0.21190618795423785,24.265416622161865
563.3670061123912,734.8009013811348,171.43389526874373,0.5181309842010383,51.81309842010384,0.3077397261090093,0.46216011211480873,0.28812400400842514,0.24219892946316152,Tokyo,533944024,random_forest,-0.5111560608147602,-0.9148973566329742,14.484583338101706
870.4448712678991,677.5748138581259,-192.87005740977315,-0.12908751371489496,-12.908751371489496,-0.20227192147647544,-0.519948795518864,-0.19573704512853732,-0.7776924160895433,Tokyo,533944031,random_forest,-0.7060862937935504,-0.9850546281536889,18.518333355585735
383.08440262495077,711.1949328115093,328.11053018655855,0.966548945902852,96.6548945902852,0.6396699821651696,0.8845368599911677,0.6086793841470396,0.9488190273168347,Tokyo,533944032,random_forest,-0.8277525490600959,-0.8264334040138592,18.97124981880188
567.6004236644478,646.8991422755918,79.29871861114398,0.30337490080658625,30.337490080658625,0.1888898962243659,0.21377747163964064,0.17984721110719804,-0.09621517885431424,Tokyo,533944033,random_forest,-0.6227985257003373,-0.9309228282807287,17.59291660785675
397.8722278678249,672.3052843257032,274.4330564578782,0.9496531469916327,94.96531469916329,0.5915808620474005,0.7398304281761657,0.5562596038448301,0.9221945115756458,Tokyo,533944034,random_forest,-0.5636639339744651,-0.6265040103188674,19.62750009695689
1018.5871267921148,717.0184980432749,-301.5686287488399,-0.24452342633395716,-24.452342633395716,-0.3280901391821257,-0.8129838679474015,-0.31659577628904145,-0.9595971184817977,Tokyo,533944042,random_forest,-0.8815993816085453,-0.8954370935897402,18.774999698003132
540.7888268302964,659.762400681233,118.97357385093653,0.3774983415349023,37.749834153490234,0.2500977757421507,0.32073494068050434,0.23991194301563146,0.02058904714482859,Tokyo,533944044,random_forest,-0.9786977650598574,-1.1886442297716484,21.291249950726826
777.6738045137112,688.1191596591269,-89.55464485458423,0.028611033654890112,2.861103365489012,-0.061846664124283045,-0.24142591312829256,-0.05763990444115005,-0.5291899641562738,Tokyo,533944051,random_forest,0.28636603492774015,-0.011884091469097644,24.59958330790202
708.5798453672069,638.5849202570633,-69.99492511014354,-0.02192195342373816,-2.192195342373815,-0.06742250789843558,-0.1886958374577021,-0.06521612311559932,-0.6088201915870014,Tokyo,533944052,random_forest,-0.6380557973327352,-0.5777333627375313,28.625416835149128
740.7490479710701,690.9904685666241,-49.758579404446074,0.1128743887084334,11.28743887084334,0.010023775434964577,-0.13414167950965988,0.006881532266033112,-0.396407191656613,Tokyo,533944053,random_forest,1.2637960014824117,1.2371057886015746,27.288333415985107
668.6139599974398,638.62087961695,-29.993080380489847,0.02575476659478239,2.575476659478239,-0.02031188610254749,-0.08085685371370631,-0.020107434803656097,-0.5336908893686579,Tokyo,533944054,random_forest,2.1022960365533074,1.8237579652449425,32.6225000222524
601.6348422239942,656.5121355290283,54.877293305034264,0.19877107080386722,19.87710708038672,0.12289891906977483,0.14794096573873958,0.11918741052833261,-0.26105061120825274,Tokyo,533944061,random_forest,-0.24166512384469072,-0.2455745457615674,28.229999939600628
448.03211825749946,648.1400474995543,200.10792924205478,0.7106302167489645,71.06302167489645,0.43505871024140236,0.5394610142212164,0.407554231666659,0.5455405396509909,Tokyo,533944062,random_forest,1.0351386564167528,1.0618530752461408,28.832916577657063
495.3426069818659,654.5904261182948,159.24781913642877,0.6044457488476226,60.44457488476226,0.3563754714592308,0.4293082755353416,0.3332792492104939,0.37821432726148624,Tokyo,533944063,random_forest,-1.212558875027888,-0.9537910526775569,29.62791657447815
348.530325920821,671.2470856324658,322.7167597116448,1.068028112017708,106.8028112017708,0.6811212546756237,0.8699960624231026,0.6428323889464337,1.1087305928974125,Tokyo,533944064,random_forest,0.5934242666587707,0.7217354178639664,29.135000228881836
574.6195410906298,622.509364351012,47.8898232603822,0.1665420201101617,16.65420201101617,0.1021245649552895,0.12910379276210682,0.09878844821581623,-0.31183737021426483,Tokyo,533944071,random_forest,-0.24610890956528297,-0.03543454686494037,31.84000031153361
352.41393115918044,655.2814768112013,302.86754565202085,1.116650710440768,111.66507104407678,0.6691124988619622,0.8164855534259988,0.6231161399001007,1.1853504167894122,Tokyo,533944072,random_forest,0.8306148925752979,1.1887425062910886,35.237499952316284
813.9357254984226,619.182271997522,-194.75345350090072,-0.19470944618207217,-19.470944618207216,-0.25985990779520035,-0.525026149371599,-0.2539114755939864,-0.8810999070948625,Tokyo,533944073,random_forest,-0.4043266020344534,-0.11565219530343515,27.81249992052714
413.9984778225807,692.7671862517764,278.76870842919567,0.9012034033331352,90.12034033331351,0.5746421653880365,0.7515186966951406,0.5424456137978467,0.8458470734065237,Tokyo,533944074,random_forest,-0.30240095906692416,-0.05089503351502141,27.074583212534588
377.28745586917563,609.1941237096232,231.90666784044757,0.9655504146292286,96.55504146292286,0.5532186927803822,0.6251856521214679,0.5096254399442063,0.9472455348911523,Tokyo,533944081,random_forest,0.25801566934928655,0.6508285177332467,48.708750089009605
370.7264141506436,646.4540481541194,275.72763400347577,0.9771589293561229,97.7158929356123,0.6000678817454015,0.743320415396469,0.5616447307837824,0.9655383119715416,Tokyo,533944082,random_forest,0.9126951104334959,1.1574975794917912,46.7295831044515
593.4621814670621,649.5571286399182,56.09494717285605,0.19273732538637087,19.273732538637088,0.12059098524542981,0.15122357824187008,0.11778403772228734,-0.270558628597107,Tokyo,533944083,random_forest,0.5067125655607128,0.7083576904766622,32.759166638056435
389.45802172939074,692.2577126300149,302.7996909006243,0.9244722221266324,92.44722221266323,0.6063617941266702,0.8163026271764156,0.576113379934488,0.8825142375638196,Tokyo,533944084,random_forest,-0.17035440287775608,0.25887391321456915,36.55874983469645
403.38602243343576,567.6917092389891,164.3056868055534,0.595788655721773,59.5788655721773,0.3915851037891629,0.44294352943516174,0.3729334304412985,0.36457242057135225,Tokyo,533944091,random_forest,0.47418707085265593,0.814125572798401,52.057916482289635
587.7789737903225,586.653495687697,-1.1254781026255476,0.17813921746904357,17.813921746904356,0.046838702407719625,-0.0030341204420326617,0.042524992934234875,-0.2935624271199675,Tokyo,533944092,random_forest,0.3486556724174048,0.6250981787075375,50.91291666030884
1053.63498634464,624.6707222086428,-428.9642641359974,-0.3385158563730817,-33.85158563730817,-0.48539707795935455,-1.156423425458294,-0.4622313122242247,-1.1077110340343512,Tokyo,533944093,random_forest,0.03440354177815457,0.42294246178968115,45.99375009536743
792.0789819883645,657.2610693781445,-134.81791261022,-0.028117954573021634,-2.8117954573021637,-0.12294554578785406,-0.3634489055349828,-0.11574939301726979,-0.6185838926702323,Tokyo,533944094,random_forest,-0.16230052089768696,0.036062165715576716,43.36708331108093
536.2754374415135,693.7316578181207,157.45622037660715,0.4858933729854135,48.58933729854135,0.3154192200312959,0.4244783935426008,0.30008488599519667,0.19139868072802857,Tokyo,533944101,random_forest,-1.6386577633459045,-1.3110171220576938,16.491250038146973
599.5915772529441,662.6522769357023,63.06069968275808,0.236284738533024,23.6284738533024,0.14098962329366105,0.170002203996676,0.13638603210771716,-0.20193631645291907,Tokyo,533944102,random_forest,-0.3449299417125171,-0.4551253545464544,13.620833277702332
852.7080977574288,660.9618368357345,-191.74626092169436,-0.16774430506034166,-16.774430506034168,-0.22878294979637503,-0.5169192084578541,-0.22219120740812084,-0.8386080528752812,Tokyo,533944111,random_forest,0.5552638790446189,0.5435573979270103,18.298750082651775
340.08491918678806,668.2603160271177,328.17539684032965,1.2400468761598515,124.00468761598513,0.7186503052339929,0.8847117307769734,0.6631006059967652,1.3797989405824196,Tokyo,533944113,random_forest,-0.13730690525584088,-0.506803431956087,12.546249945958456
287.3737614063637,663.6534714201531,376.2797100137893,1.4406433708112925,144.06433708112925,0.8560698841946017,1.0143937562282457,0.7953326418992024,1.6959002718978722,Tokyo,533944114,random_forest,0.6057203705429306,0.37784340166045516,14.153749942779541
227.52830399203063,698.289900088117,470.7615960960863,2.3904762673887805,239.04762673887805,1.1601202245881361,1.2691027739295673,1.0230794973453874,3.192653461214882,Tokyo,533944121,random_forest,0.3941298657444597,0.042653131381635165,17.382083415985107
364.7816641786782,678.1675620497393,313.3858978710612,1.1893878505700504,118.93878505700503,0.6782913563183192,0.8448414560507059,0.6236249130131738,1.29997010080182,Tokyo,533944123,random_forest,-0.2751082613069315,-0.2894446947552377,16.15791666507721
347.942492758709,717.8915362673598,369.9490435086509,1.3496485260172602,134.964852601726,0.7769033714831962,0.997327227248141,0.716329271285672,1.5525099717223054,Tokyo,533944124,random_forest,0.15236566011114486,0.07203205983228636,19.34791664282481
996.2314433563748,716.6033040409648,-279.6281393154101,-0.1606960679457455,-16.06960679457455,-0.2717613574058751,-0.7538355936781156,-0.2587107444055268,-0.8275013925160253,Tokyo,533944131,random_forest,-0.6222507660274958,-0.9173252100084003,21.298333207766216
472.25759879032256,664.5572465567215,192.29964776639883,0.6775605394498236,67.75605394498237,0.41523786422702313,0.5184110565302003,0.39078130402690636,0.49342911547782803,Tokyo,533944132,random_forest,-0.8191725492922236,-0.8173251283365554,24.43041666348775
557.9698014592934,685.4759111505174,127.50610969122397,0.34587207415841276,34.587207415841284,0.23167729550266727,0.343737379692866,0.2219173594940522,-0.029247841777970955,Tokyo,533944133,random_forest,-0.613305805878318,-0.7009711912597865,25.38458315531413
748.6163931159134,679.6985120594691,-68.91788105644423,0.0021581272054169522,0.21581272054169517,-0.05946367854278426,-0.18579228795933742,-0.05743893226692188,-0.570874635468059,Tokyo,533944134,random_forest,-0.6226173944989427,-0.5200555909311761,27.96958327293396
1007.2768757084591,680.2127879033021,-327.06408780515704,-0.1771523780513278,-17.71523780513278,-0.3099552605178814,-0.8817158080191988,-0.29522636944167646,-0.8534333587846948,Tokyo,533944141,random_forest,-1.1628874537621565,-1.358418950614571,27.738333384195965
705.9128017153098,673.0373361336619,-32.87546558164788,0.04565561359231791,4.5655613592317925,-0.012352649285726028,-0.08862733262417495,-0.011490106767160715,-0.5023309982541253,Tokyo,533944142,random_forest,-1.0960724554210362,-1.3341639663455451,28.932083288828533
768.1233786551148,662.164941845435,-105.95843680967988,-0.03490022295595638,-3.490022295595638,-0.10398508757833069,-0.285648080029363,-0.09776244011911027,-0.6292714376789803,Tokyo,533944143,random_forest,0.14468320613489039,-0.017114167918411298,33.45541683832804
302.62595334113263,654.8994406937394,352.2734873526067,1.2923262923851937,129.23262923851937,0.7957566980229295,0.9496765744880019,0.7454493112050803,1.4621812030339165,Tokyo,533944151,random_forest,-0.6156451359554891,-0.17088918309044093,30.138749758402508
483.20662645333437,610.4446611395188,127.23803468618439,0.42449381727820995,42.449381727821,0.27939313844735997,0.3430146896192953,0.2679888186039489,0.09464483996451584,Tokyo,533944152,random_forest,1.6913919320238946,1.5001848153638069,32.412500063578285
317.9905473680603,641.0207787071073,323.030231339047,1.3037201035692194,130.37201035692195,0.7604967074488592,0.8708411349931325,0.7029516239767902,1.4801356487997093,Tokyo,533944154,random_forest,-0.3191585948685136,-0.08981034685692632,35.74499988555908
588.5971162618846,704.0757867843745,115.47867052248985,0.2911526233122846,29.115262331228454,0.2067089881036199,0.3113132046138222,0.2012883233933944,-0.11547512751078942,Tokyo,533944161,random_forest,-0.5920345360993016,-0.5632436691890751,26.87124991416931
552.7247412987534,687.9098329082785,135.18509160952502,0.33527737552351655,33.52773755235166,0.24146545253310225,0.36443876513782847,0.2346000397028185,-0.04594304051110915,Tokyo,533944162,random_forest,-0.8785055816224395,-0.7236267403349149,27.3224999109904
579.2888674064658,677.6110251262916,98.32215771982585,0.29741939181932653,29.74193918193265,0.19841653841012616,0.26506181501581666,0.1913655324576546,-0.10559991074010852,Tokyo,533944163,random_forest,-0.7749626136770159,-0.5784559200476487,29.548333168029785
694.3785301252173,695.8188688631986,1.44033873798152,0.119717366614593,11.971736661459301,0.051809956377946054,0.0038829375695239587,0.04901608784755777,-0.38562398016501714,Tokyo,533944164,random_forest,-0.43767672223559995,-0.22994528382159138,30.675416390101116
475.0657786065205,649.6858804526723,174.6201018461519,0.5371168314418054,53.71168314418054,0.3614125385693511,0.4707496479631748,0.34600493114549025,0.27211695768886157,Tokyo,533944171,random_forest,-0.5401306219015976,-0.26650741436200853,24.729999780654907
454.9550238580786,712.3878416051654,257.43281774708674,0.6733771845828724,67.33771845828726,0.4793524562886709,0.6940003301302612,0.46263419325642635,0.48683695620253253,Tokyo,533944172,random_forest,-0.2565902238622415,-0.15989721558921402,23.90916673342387
397.70390838365375,694.7537780776811,297.0498696940272,1.178454697488555,117.8454697488555,0.6544630602737826,0.8008019701487298,0.5983082162075852,1.282741563231702,Tokyo,533944173,random_forest,-1.0174945262808932,-0.7620396336041807,27.8166667620341
684.151567372036,649.1001477967025,-35.05141957533346,-0.005652644778713612,-0.5652644778713612,-0.03889212780729342,-0.09449337877626134,-0.038810579707037746,-0.5831829035017317,Tokyo,533944174,random_forest,1.6142659356253473,1.609721472097715,28.87666670481364
597.7339625213348,704.3349721973924,106.60100967605779,0.3382085440092874,33.82085440092874,0.20980934124459835,0.28738036026193664,0.2012271567171966,-0.041324085118732805,Tokyo,533944181,random_forest,0.04839677351846651,0.016484773620136693,29.296249945958454
678.7800639720942,661.7764535481216,-17.003610423972678,0.08311159429088232,8.311159429088233,0.014387568102947982,-0.04583918767978031,0.01431313543270884,-0.4433076071170306,Tokyo,533944182,random_forest,-0.259269680082372,-0.265973918080215,33.130000034968056
362.4033632173609,628.504590665706,266.1012274483451,1.0871185450334295,108.71185450334293,0.613677599817556,0.7173690647268267,0.5635206351276056,1.1388134281041977,Tokyo,533944183,random_forest,0.9599876948869491,1.024344205616848,36.06791687011719
536.53273665956,665.82233660368,129.28959994412006,0.5031561549859788,50.31561549859787,0.29686661757537797,0.3485454023650569,0.2782845462799179,0.21860149093699505,Tokyo,533944184,random_forest,2.7310265446880417,2.2367283057976826,37.082082986831665
389.46351913722475,656.5401337965092,267.0766146592843,0.969282690038953,96.92826900389531,0.5867685187702202,0.7199985625986235,0.5476882297406163,0.9531268800657016,Tokyo,533944191,random_forest,-0.3069465706745843,-0.03025705785485922,37.90041637420654
717.2922718005062,663.9835525052088,-53.30871929529758,0.012739831468852865,1.2739831468852874,-0.04965856384087519,-0.1437123250777789,-0.048279849091172305,-0.5541999133545414,Tokyo,533944192,random_forest,-0.831643443051483,-1.0863216617281692,32.57916649182638
814.5733876363948,641.556050986161,-173.0173366502339,-0.08489217599346559,-8.489217599346558,-0.1823433037528592,-0.4664288329838617,-0.17678377131423764,-0.7080490999590462,Tokyo,533944193,random_forest,0.4024890516805722,0.5105804997859634,39.52333291371664
609.0390501472094,657.7740717975779,48.73502165036846,0.17465814524558718,17.465814524558716,0.10213121613710197,0.1313823210663431,0.09926569003417617,-0.29904792459165475,Tokyo,533944194,random_forest,-0.19933359001365017,0.06787728776256872,36.63583366076151
342.21051877858116,689.0041184332345,346.79359965465324,1.254188965412307,125.41889654123071,0.743384852571955,0.9349036177813215,0.6899333565971948,1.40208414176727,Tokyo,533944201,random_forest,-1.513822798640978,-1.1005843708705203,22.237083355585735
756.4613787354115,674.908064640667,-81.55331409474455,0.08524745481529118,8.52474548152912,-0.03611930389330994,-0.21985552347321147,-0.03424926317095533,-0.43994190346182516,Tokyo,533944203,random_forest,-0.7461604695445822,-0.7129694518908932,21.920833269755047
764.3075411226318,684.1740079910952,-80.13353313153665,0.006429235377591716,0.6429235377591714,-0.0662662098006277,-0.21602800658627375,-0.06293361444634456,-0.5641441939328632,Tokyo,533944204,random_forest,-1.112365470248028,-1.2970987298249914,19.733333428700764
405.94793974014334,710.6365188223434,304.6885790822001,0.9836865208651743,98.36865208651743,0.6031343852639058,0.8213947868826447,0.5645192152695783,0.9758245354166716,Tokyo,533944212,random_forest,0.21251955452921925,-0.0338317657330275,15.462500135103861
295.2636551147856,727.1992662886992,431.9356111739136,1.727114954742607,172.7114954742607,0.9445310903415138,1.1644337321600267,0.8593527563387996,2.1473241575549116,Tokyo,533944214,random_forest,-0.134598517794603,-0.5036337861425058,17.738750139872234
622.5486383128521,709.2136038432394,86.66496553038736,0.3056632412339296,30.566324123392956,0.18440880332768803,0.2336357703542915,0.1757240616661134,-0.0926091963228493,Tokyo,533944224,random_forest,-0.07308347963128718,-0.15896475908029584,19.035000284512837
673.5217803202853,700.5073980330413,26.985617712755964,0.19921806246481033,19.921806246481033,0.09490868524875647,0.07274918468173276,0.09207257656535622,-0.2603462386849116,Tokyo,533944231,random_forest,-0.42492669255936344,-0.6054622381768487,22.3045832713445
871.3316764592934,673.4627035438639,-197.8689729154295,-0.14338548302544818,-14.338548302544817,-0.2161749010256497,-0.5334251232131331,-0.21011773367248054,-0.8002232541384666,Tokyo,533944232,random_forest,-0.23254859216640572,-0.21775949569741526,24.140833298365276
961.7318254608294,700.7389606749435,-260.99286478588596,-0.19740236776911999,-19.740236776911996,-0.2756255736805356,-0.7035976838858077,-0.26708182466782465,-0.8853434313911023,Tokyo,533944233,random_forest,-0.41299739257357077,-0.4456455323249749,23.28250002861023
614.9756651482246,651.4435675372657,36.46790238904103,0.2024400061096875,20.24400061096875,0.10803996340237842,0.0983120043459922,0.1031072708853004,-0.2552690778036174,Tokyo,533944234,random_forest,-1.0968720964942211,-0.9067675682928619,25.265833298365276
820.7767705144164,646.8932129809785,-173.88355753343788,-0.1318567248552506,-13.18567248552506,-0.20238432580491275,-0.4687640347820254,-0.19617273063437257,-0.7820561579868334,Tokyo,533944241,random_forest,0.7385965880270478,0.5014619403839716,29.604583342870075
595.4817232804968,635.3436824896288,39.86195920913198,0.12338148451633701,12.338148451633701,0.08178903613759696,0.107461873326326,0.08048808685757856,-0.37985003805874734,Tokyo,533944242,random_forest,-0.7432562978875565,-0.14340134806485036,33.0795833269755
950.3102131016385,641.5201949465377,-308.7900181551008,-0.2718517775514162,-27.18517775514162,-0.3660721826067746,-0.8324516524971862,-0.35345639181783745,-1.0026613216599514,Tokyo,533944243,random_forest,-0.13362015878375955,-0.1800825865408084,27.590416431427002
297.9968489037398,627.8621350103545,329.86528610661463,1.3237813278681478,132.37813278681477,0.7799601044491083,0.8892674192045363,0.7229069995778047,1.511748263565127,Tokyo,533944244,random_forest,0.9176170192801516,1.216311594697059,29.884583393732708
244.05877037565335,633.6983614931505,389.6395911174971,2.0855654999818953,208.55654999818952,1.0259400032077715,1.0504099952517538,0.9086821879533206,2.712172983840596,Tokyo,533944252,random_forest,0.4808751981564843,0.9446792097753549,35.694583336512245
717.9381346282024,673.7599635735265,-44.17817105467588,0.058870365441172634,5.887036544117264,-0.014000257249141593,-0.11909773417706827,-0.01463511513775448,-0.4815071017065576,Tokyo,533944253,random_forest,0.1833700149554099,0.393140336689212,33.13083338737488
264.1782708013313,655.2177414922129,391.03947069088167,1.7508006863323058,175.08006863323058,0.9439676975158128,1.0541838609716478,0.8565073118078769,2.1846482957543047,Tokyo,533944254,random_forest,-0.7891350038496115,-0.20367423584644645,31.887916882832844
457.92712215181774,630.5651165394305,172.6379943876127,0.54666040192029,54.666040192028994,0.3594573601859031,0.46540618304437303,0.34234254036543393,0.2871557814678799,Tokyo,533944261,random_forest,-0.24810048659079925,-0.0764789988731954,28.38124990463257
476.4694945276497,688.1757680783898,211.7062735507399,0.6430329735655759,64.3032973565576,0.4176542879742007,0.5707284138077751,0.3960960673510842,0.4390203404787564,Tokyo,533944262,random_forest,1.6987999098036337,1.6201779731187709,27.56125020980835
592.003561795955,699.0598724669079,107.05631067095294,0.37520263622031985,37.52026362203199,0.22415673862986843,0.28860778357001043,0.21328826095363948,0.01697145897356759,Tokyo,533944263,random_forest,-0.6528848799816798,-0.2985645521981603,23.507499933242798
561.6841756912443,719.2249322390867,157.54075654784245,0.455097100049548,45.5097100049548,0.2884702547995735,0.42470629040228897,0.2734320187236905,0.142869702734189,Tokyo,533944264,random_forest,-0.1381387387411202,0.04261615656804398,23.21166666348775
398.7399178507424,632.9274705921355,234.18755274139303,0.7366147354438798,73.66147354438797,0.49056138188973764,0.6313345762877739,0.4677400132853851,0.5864871223284513,Tokyo,533944271,random_forest,-0.42553684165286454,-0.3155458974566401,27.882083574930828
519.186994889604,701.6473708448503,182.46037595524638,0.7394477371325013,73.94477371325011,0.4170083751006361,0.49188585300354754,0.38332533805553287,0.5909513858089686,Tokyo,533944272,random_forest,-0.37304971032721335,-0.10280096527242354,31.53541700045268
720.7740159679184,676.9910840738038,-43.782931894114654,0.06904311451222542,6.904311451222543,-0.012690988076558737,-0.11803222858104372,-0.012096944460575751,-0.46547681398849294,Tokyo,533944273,random_forest,-0.32498669565345045,-0.21889261692373196,27.292083263397217
877.1261255142398,677.3460693748335,-199.78005613940627,-0.1365770958339635,-13.657709583396349,-0.2185657325526222,-0.5385771174303167,-0.21076015870187795,-0.7894945509321671,Tokyo,533944274,random_forest,-0.12253571419498846,-0.09181802566483019,29.18666688601176
301.6680920378904,674.8570586590322,373.1889666211418,1.652085866048399,165.20858660483992,0.8814299881147735,1.0060615748318837,0.7980404116930626,2.0290928052831037,Tokyo,533944281,random_forest,-0.15512341154367357,-0.11551332400014531,38.49041644732157
647.8707754758374,663.0034084764293,15.132633000591893,0.15748119036352334,15.748119036352335,0.07154701012065356,0.040795312695790516,0.0677307503396878,-0.32611548783896116,Tokyo,533944282,random_forest,0.36790850441409684,0.5158383664862382,35.61666671435038
627.212519065496,658.3186297716194,31.106110706123403,0.24282413425425928,24.282413425425926,0.1185626805591095,0.08385741681282743,0.10996093330412689,-0.19163149184931427,Tokyo,533944283,random_forest,-0.30718614948932865,-0.14606651478194746,32.140833377838135
880.6199049086728,627.7900118582573,-252.82989305041534,-0.23707361718705375,-23.707361718705375,-0.3108646178338025,-0.6815915343636195,-0.30215340972387666,-0.9478576581613465,Tokyo,533944284,random_forest,-0.5173038004087667,-0.3653977347498037,30.69250003496806
701.6747985151051,629.6643760313945,-72.01042248371051,0.02809498646148288,2.809498646148288,-0.0620290054791078,-0.19412931658780408,-0.061632791686668714,-0.530003154861032,Tokyo,533944292,random_forest,-0.8754005289519159,-0.4889214616521973,40.97083346048991
259.6997688830327,614.1957398791543,354.4959709961217,1.5240642590316995,152.40642590316995,0.8807403182369634,0.9556680576089449,0.8125936004645521,1.8273554793869569,Tokyo,533944293,random_forest,-0.12323110945587107,0.3366462861805471,39.68208328882853
840.5161560739888,664.7675816363793,-175.74857443760936,-0.1307815086803086,-13.07815086803086,-0.19915475588864262,-0.4737918410987208,-0.19570988305980783,-0.7803618249679954,Tokyo,533944294,random_forest,-0.7117726348779568,-0.5784039212174171,38.25833328564962
901.7378357809383,674.0176506824909,-227.72018509844744,-0.12855252142307041,-12.855252142307043,-0.2368389361906963,-0.6138995215089866,-0.22479986513752792,-0.7768493715688347,Tokyo,533944301,random_forest,-0.3234274131017512,-0.29254162288202673,26.865833282470703
568.205698764721,659.0126503674184,90.80695160269738,0.41616834219300186,41.61683421930019,0.24516441377163556,0.2448019446079648,0.2307103961593413,0.08152549925599162,Tokyo,533944302,random_forest,-0.6628874452776027,-0.8651465758582649,31.227083444595337
605.1794102982591,611.101120822078,5.921710523818898,0.17632633334962136,17.63263333496214,0.07017130698923091,0.015964044889193858,0.0682710377141785,-0.2964191823422646,Tokyo,533944303,random_forest,-0.6437125649513761,-0.16824145002471225,49.80208341280619
563.621341077829,565.0163008232365,1.3949597454074716,0.14892483467568854,14.892483467568853,0.041663478572458855,0.0037606026003348092,0.038562972061391,-0.339598651783739,Tokyo,533944304,random_forest,-0.43558007651506353,-0.06734753299192844,54.3608333269755
463.3388676560817,676.9129565491079,213.5740888930261,0.6141741669753781,61.417416697537796,0.41726813312125266,0.5757637642946057,0.3993568515255778,0.39354443523331467,Tokyo,533944311,random_forest,-0.9831568245662825,-0.9184466260405643,23.18749984105428
937.6804253634991,674.6106159813926,-263.0698093821066,-0.16076568479642056,-16.076568479642056,-0.2613754399198761,-0.7091968155274286,-0.25107469277893063,-0.8276110952265269,Tokyo,533944312,random_forest,-0.14888112125994998,-0.1386815716236116,24.856666803359985
577.7170013429825,657.6403172954632,79.92331595248068,0.2703254771645081,27.032547716450807,0.1717949952774527,0.21546129254825538,0.16549063967089392,-0.1482946871758434,Tokyo,533944313,random_forest,-0.03983908435045986,0.1286746551918251,27.45958336194356
746.8511109930346,671.9170410593937,-74.93406993364103,0.023267706989069683,2.326770698906968,-0.06214088342286702,-0.20201103234259052,-0.058459100347217206,-0.5376100149435724,Tokyo,533944314,random_forest,-0.26266622264707296,0.04610748241865218,31.478750308354694
678.241125640041,692.1365842807096,13.89545864066863,0.1973399608692562,19.73399608692562,0.0805203203634997,0.03746007586884111,0.07558221880699752,-0.2633057640531485,Tokyo,533944321,random_forest,0.3991726007772616,0.3449355712299266,25.790833234786987
719.2269956797235,713.171317125246,-6.055678554477448,0.10094071512467208,10.094071512467208,0.034953685425955006,-0.01632520264024361,0.03237712997435758,-0.41521235629254405,Tokyo,533944322,random_forest,-0.27900026288689134,-0.3321682234774568,23.62541659673055
1176.506147593446,678.0454159688937,-498.46073162455235,-0.33915490694892386,-33.915490694892384,-0.4998554717096571,-1.343775495804383,-0.47016221904283645,-1.108718054312311,Tokyo,533944323,random_forest,0.4711965308409196,0.421987017823398,32.76458295186361
894.5270520783674,671.523750695241,-223.0033013831265,-0.186220428359534,-18.6220428359534,-0.25033207567797733,-0.6011835092916367,-0.24365833936319078,-0.8677228546198051,Tokyo,533944324,random_forest,0.22653126293419446,0.09233958205127096,30.069166739781696
683.5855723999133,638.7307282028743,-44.854844197039064,0.05546365464537906,5.546365464537906,-0.01196711711164089,-0.12092194364771824,-0.014057591477045226,-0.486875419930803,Tokyo,533944331,random_forest,-0.4226071051081246,-0.451943523372576,31.615416924158733
386.8023817844342,648.6364559821135,261.8340741976793,0.9222846897577585,92.22846897577585,0.5765434929895527,0.7058654585021226,0.542070389157976,0.8790671090619071,Tokyo,533944332,random_forest,-0.4711898640759817,-0.048478023920024295,36.03333322207133
1321.8733335584511,608.4553496301925,-713.4179839282586,-0.4837372152195802,-48.373721521958025,-0.7248884141909108,-1.9232680615472144,-0.6742679666556364,-1.3365518467643136,Tokyo,533944333,random_forest,-0.22558459012547336,-0.0070061223524952474,42.513750076293945
564.3176191116231,588.8616384304784,24.544019318855216,0.14139689969477362,14.13968996947736,0.06192888086309315,0.0661670010027375,0.06007692097580253,-0.35146122332896057,Tokyo,533944334,random_forest,-0.6444529897436019,-0.13819338008189752,49.8995836575826
819.7447890424987,651.5460376188666,-168.1987514236321,-0.11566797093042079,-11.566797093042078,-0.18536973123887493,-0.45343864872030054,-0.17990445620711268,-0.7565458085818308,Tokyo,533944341,random_forest,-0.1626462247483364,-0.10502021115541232,30.536666472752888
1320.3463803156505,625.1582039959263,-695.1881763197242,-0.46467556334682314,-46.467556334682314,-0.6994334052107564,-1.8741232298616,-0.6512891437056918,-1.3065143650799003,Tokyo,533944343,random_forest,-0.2613955776956328,-0.21102111983841618,39.64166680971781
605.0447863223246,612.4532509929344,7.408464670609784,0.16018253213214173,16.018253213214173,0.06207467996570115,0.01997211145089037,0.058496701763777546,-0.321858694962884,Tokyo,533944344,random_forest,-0.3441228915079815,0.23035557967365908,49.274999936421715
904.1961344328796,653.8738963267289,-250.32223810615065,-0.19034375163039371,-19.03437516303937,-0.27967916755853583,-0.6748312721157727,-0.2662691692885856,-0.8742204156944764,Tokyo,533944351,random_forest,-0.4534978947796349,-0.30784889778772584,35.26124986012777
594.416127624168,662.3762130809708,67.96008545680286,0.22824634984997574,22.824634984997573,0.1426408477949094,0.1832102144375323,0.1378252700457028,-0.2146032644410073,Tokyo,533944352,random_forest,0.02697281922876352,0.030483998874779157,27.633333444595337
1511.940390905018,619.3366232383307,-892.6037676666871,-0.5432778992701643,-54.32778992701643,-0.8507346298630405,-2.4063261042529067,-0.7811410881116555,-1.4303764648291797,Tokyo,533944353,random_forest,-0.27292333705466937,0.027520090332777584,45.53625011444092
534.8037983164716,653.0938062490973,118.29000793262566,0.3660893376608529,36.608933766085286,0.24590489740771185,0.31889214931798426,0.23727278166216523,0.0026106606339540727,Tokyo,533944354,random_forest,-0.44662247658124804,-0.4602147722712998,31.692083199818928
871.9779113863287,681.5241957468581,-190.45371563947057,-0.14243288522953365,-14.243288522953364,-0.2086463542350694,-0.5134346999153072,-0.20167170678838361,-0.7987221440018216,Tokyo,533944361,random_forest,-0.014148005550105622,-0.15863604470505716,25.586666584014893
966.5420299914367,663.7190386559364,-302.82299133550026,-0.1810489313260409,-18.10489313260409,-0.2933856969401452,-0.8163654416599676,-0.28156471708624015,-0.8595735741449811,Tokyo,533944362,random_forest,0.06938147246268316,-0.054361708620838355,30.934166590372723
998.6136367792154,505.486296854423,-493.12733992479235,-0.4251414476965197,-42.51414476965197,-0.6427823083773171,-1.3293974703733604,-0.5979823440936534,-1.244216234640709,Tokyo,533944363,random_forest,0.30709130376168803,0.20130439376312445,64.52041673660278
1223.8333809921075,541.916559769879,-681.9168212222287,-0.4775725141116738,-47.75725141116738,-0.7709304192467809,-1.8383456436954628,-0.6991905130122752,-1.3268374685008395,Tokyo,533944364,random_forest,-0.0716709786855209,-0.07657844563455679,63.63791632652283
849.1889124423964,663.2395178697262,-185.94939457267003,-0.134077741309089,-13.4077741309089,-0.2052528424539218,-0.5012917247704546,-0.1987083026338253,-0.7855560509393585,Tokyo,533944371,random_forest,-0.5727572733733295,-0.520892667799568,31.077083349227905
869.4074493374472,666.3068775211734,-203.10057181627386,-0.060559641922468675,-6.055964192246868,-0.18599038307810564,-0.54752873050015,-0.17605923755425876,-0.6697057259759381,Tokyo,533944372,random_forest,-0.8419331243229213,-0.8690233124861099,31.43916662534078
940.1170971017972,655.3089393941864,-284.80815770761086,-0.22209482397737035,-22.209482397737034,-0.3214281680675526,-0.7678001476371992,-0.3096265305473235,-0.9242539731452794,Tokyo,533944373,random_forest,-0.10685647912576397,-0.03877905171612727,35.01249980926514
983.0845053763442,624.1916078443097,-358.8928975320344,-0.2744797884524121,-27.44797884524121,-0.40621862486833327,-0.9675215131791662,-0.38817539499856224,-1.0068025592521626,Tokyo,533944374,random_forest,-0.428684065019457,-0.22667159006773627,38.93833303451538
612.1579477406555,637.0168996720524,24.858951931397005,0.23934386512169661,23.934386512169663,0.11671351574483262,0.06701601216994428,0.10908166495271245,-0.1971157238048662,Tokyo,533944381,random_forest,-0.15986672096733448,-0.06649908134882286,31.828333457310993
843.1984185547875,683.2095115124965,-159.988907042291,-0.020500908366160704,-2.0500908366160706,-0.11908154739038967,-0.4313061375632872,-0.11464580844437255,-0.6065808990443275,Tokyo,533944382,random_forest,-0.40795727269880083,-0.333237232309315,29.833333174387615
1065.1824298515105,646.1824322779427,-418.9999975735679,-0.3203293327922338,-32.03293327922338,-0.4584811306765926,-1.1295612547981966,-0.43573412201105466,-1.0790525855111355,Tokyo,533944383,random_forest,-0.4436972885517303,-0.4097836165170803,41.00541671117147
911.8389966662694,632.3486254241102,-279.49037124215926,-0.20261167346845407,-20.261167346845404,-0.295457821027717,-0.7534641915812337,-0.2836490937783393,-0.8935522910207282,Tokyo,533944384,random_forest,-0.7753099879297861,-0.6118143755836521,34.94500001271566
856.2006558897011,659.2859074623672,-196.91474842733388,-0.1370487101265685,-13.70487101265685,-0.21819339748919495,-0.5308526768733376,-0.21004801860557176,-0.7902377239672636,Tokyo,533944391,random_forest,-0.4064673728527177,-0.3106631216616088,36.6462496916453
1048.375035770565,658.365179316326,-390.0098564542391,-0.30219592296549663,-30.219592296549664,-0.4118736465606787,-1.0514081751581992,-0.3961605082210657,-1.05047783400573,Tokyo,533944392,random_forest,-0.5834971278313796,-0.6471866627326459,36.756667137145996
1518.835932359809,606.8850444210834,-911.9508879387255,-0.5432406445774277,-54.324064457742764,-0.8669089606453294,-2.4584830435793283,-0.7888393331713761,-1.430317758628993,Tokyo,533944393,random_forest,-0.49250955148688896,-0.3135182712018934,42.402083237965904
730.4434964102529,589.5587303259571,-140.88476608429596,-0.1217716348327258,-12.177163483272578,-0.17984413997610224,-0.37980423408519554,-0.17461455717824512,-0.766164003998322,Tokyo,533944394,random_forest,0.04663630902261191,0.1263809203374156,46.291249910990395
460.1357531682027,681.3233277294192,221.18757456121645,0.6603527264433302,66.03527264433302,0.4341526743202298,0.5962885816563032,0.4137828535068606,0.46631292578651995,Tokyo,533944401,random_forest,-0.386732761435728,-0.03608435933595698,41.038749853769936
518.593530593958,609.1359818126145,90.54245121865655,0.3033768441193041,30.33768441193041,0.19111154163361788,0.24408889117736354,0.1829004428218992,-0.09621211656881248,Tokyo,533944402,random_forest,-0.4368572394281297,0.06585858628087003,43.67375032107035
981.4381922043011,679.2338324270518,-302.2043597772493,-0.20506919833810525,-20.506919833810525,-0.32981813143496014,-0.8146977036092697,-0.31564711610816065,-0.8974248755561032,Tokyo,533944403,random_forest,1.0810636605782282,0.986799739541557,24.21416676044464
781.071107046851,680.0883212171683,-100.98278582968271,-0.044484240121599905,-4.44842401215999,-0.09636802937489757,-0.2722344700127743,-0.0938356844289905,-0.6443739976248767,Tokyo,533944404,random_forest,-0.43017806676120385,-0.07284198767965538,24.420833349227905
526.2667022872514,657.8286361845696,131.56193389731826,0.35706923691758985,35.70692369175898,0.258623167089443,0.3546712744566061,0.25139932622197775,-0.011603275948035294,Tokyo,533944411,random_forest,-0.33894035930140387,0.06089713747936867,25.823333263397217
576.0641547322795,682.0518664067771,105.98771167449752,0.3023292836637752,30.23292836637752,0.19387013579891957,0.28572700068146073,0.18645509705528152,-0.09786286951542549,Tokyo,533944412,random_forest,-0.04011512166937202,0.4159788782759122,30.074583530426025
560.0331900114865,726.3725980517224,166.33940804023607,0.43872540791750425,43.872540791750424,0.29914690049852366,0.4484261373660951,0.2882915253712591,0.11707107804825868,Tokyo,533944413,random_forest,0.08532803295968518,0.2862720408877947,21.762916723887127
886.2346463773682,714.4022286675286,-171.83241770983963,-0.09715087704484494,-9.715087704484494,-0.1743346100079609,-0.4632344689435352,-0.16928123222272273,-0.7273664451064397,Tokyo,533944414,random_forest,-0.9318106532652293,-0.6710189470910677,23.56583348910014
338.07902689231423,653.5190828143391,315.4400559220248,1.1102810357696575,111.02810357696575,0.6836536260177452,0.8503791585782409,0.6404525115792296,1.1753130397799938,Tokyo,533944421,random_forest,-0.010717407221681524,0.2123471815729834,31.538333415985107
575.7938270322404,668.5022539991315,92.70842696689114,0.32653607120403305,32.6536071204033,0.20842399525190533,0.2499280374737994,0.20156701514367428,-0.05971764777742014,Tokyo,533944422,random_forest,0.19036940454250714,0.44310769037754194,30.47374963760376
600.1958579020782,657.9121671521663,57.7163092500881,0.23004401191777102,23.004401191777102,0.13954215183726057,0.15559452762861536,0.1335823677267121,-0.21177049623200764,Tokyo,533944423,random_forest,-0.3278165134922111,-0.1362620426299333,25.462499856948853
361.9112887224783,651.768715702337,289.8574269798587,0.9194879406817216,91.94879406817216,0.6066939757804831,0.7814122215465144,0.5767679203866317,0.8746599726968044,Tokyo,533944424,random_forest,2.193806864593893,2.151656954659636,27.39958341916402
825.0408495903738,620.8528070542749,-204.18804253609883,-0.166507185755668,-16.650718575566803,-0.24488534528897843,-0.55046038872916,-0.23585738170620477,-0.8366585917948026,Tokyo,533944431,random_forest,-0.00751972387884165,0.3511974767073804,42.40708382924398
376.5521851643401,582.5678591160298,206.0156739516898,0.8963791013777809,89.63791013777809,0.5147268376846567,0.5553874093665315,0.4751235366075485,0.8382449053157751,Tokyo,533944432,random_forest,-0.03628435074577353,0.4681951326890457,48.79125006993612
349.7221341481716,667.7277425462801,318.00560839810834,1.2103538961527078,121.03538961527079,0.7098317391652248,0.8572955039026265,0.6570923985042393,1.3330085391484838,Tokyo,533944433,random_forest,0.20176303426516723,0.6156472083919226,31.160416841506958
784.4096451612903,623.9407795835298,-160.4688655777605,-0.0743077322185512,-7.430773221855122,-0.16270591785580002,-0.43260003390867036,-0.1585659583726935,-0.6913700609045621,Tokyo,533944434,random_forest,-0.47393527886902154,-0.347524739804775,32.74750018119812
384.31296638019313,668.6326711542794,284.3197047740861,0.9262075826126582,92.62075826126583,0.5868918618525207,0.7664833516665617,0.5530845743360772,0.8852488305132036,Tokyo,533944441,random_forest,-0.12749010920825452,0.15165110740498625,41.79583342870077
574.2072011968766,568.8138481280743,-5.3933530688023525,0.05745082277981282,5.7450822779812825,0.0016248755511593844,-0.014539672303688822,0.0027428784505213813,-0.483744026762973,Tokyo,533944442,random_forest,-0.4664487871906851,0.1800399409053707,51.83124987284342
1055.4919764784947,614.4301106191022,-441.0618658593925,-0.35011214895565085,-35.01121489556508,-0.4977940160175233,-1.1890367482789646,-0.4741096189236314,-1.1259845513759332,Tokyo,533944443,random_forest,-0.17313753310186702,-0.15582783351916044,33.215833266576134
486.53350124807986,647.7485834908123,161.2150822427324,0.5022360766779106,50.223607667791065,0.33425517421900103,0.4346117223032245,0.31890877019767877,0.21715162523221201,Tokyo,533944444,random_forest,-0.5536021901741549,-0.05490723889248679,41.41624983151754
1228.2456143631814,604.3805786412909,-623.8650357218904,-0.45081578472823297,-45.0815784728233,-0.6844155612819797,-1.6818467223284657,-0.6342741752846951,-1.2846740309270706,Tokyo,533944451,random_forest,-0.12575465683151874,0.29456504029037067,49.568333307902016
803.8687592607306,631.3044689897637,-172.564290270967,-0.08404181913803532,-8.404181913803532,-0.17907095309003185,-0.4652074877819286,-0.16955430787164247,-0.7067091017972548,Tokyo,533944452,random_forest,-0.42148533445872566,-0.08373983230632336,37.75624998410543
518.3699568292371,621.4967601729228,103.12680334368572,0.3805092763487206,38.05092763487207,0.23147246458550694,0.278014420197622,0.21864179754082294,0.025333698863722304,Tokyo,533944453,random_forest,-0.40261480071930583,0.07988440130726863,42.28125007947286
1402.7990698979909,622.4694615271725,-780.3296083708182,-0.46223914164173757,-46.223914164173756,-0.7248632112566148,-2.103651782080895,-0.6655934397645318,-1.3026750350559053,Tokyo,533944454,random_forest,0.045810499547530956,0.16937256946554316,36.70666662851969
381.27378444180584,458.151986807857,76.87820236605117,0.26226259426203063,26.22625942620306,0.1913189045914181,0.20725212227711132,0.18675240846864768,-0.16100023332281055,Tokyo,533944461,random_forest,0.26620340304438483,0.6515668869998325,89.98166704177856
852.2430221454173,451.48648829571516,-400.7565338497022,-0.38696829253600745,-38.69682925360075,-0.5863274879359462,-1.0803796082704373,-0.5468653124002686,-1.184062715070408,Tokyo,533944462,random_forest,0.17880659695250525,0.4630530671808939,82.98958349227905
394.1672506272401,557.2792013206207,163.11195069338058,0.6018634450562396,60.186344505623964,0.3953205080714955,0.4397253956199531,0.37613029061825415,0.37414511524591504,Tokyo,533944463,random_forest,0.41930503982767203,0.7584317202831753,56.66041660308838
906.9069702700973,548.8646058428523,-358.04236442724505,-0.2823332973536261,-28.233329735362613,-0.43909203475730535,-0.9652286032826103,-0.4125913111096984,-1.0191781724127271,Tokyo,533944464,random_forest,0.05333471435974028,0.31645991712351196,52.702916622161865
959.2895976062468,627.9547941561351,-331.3348034501118,-0.22510649585109807,-22.510649585109803,-0.3579753978395102,-0.8932290179254933,-0.3385504037631594,-0.9289997863282308,Tokyo,533944471,random_forest,-0.2506767320619136,-0.1892072707835631,34.52083349227905
861.2426925563236,624.7686346608797,-236.47405789544393,-0.18885285861624676,-18.885285861624677,-0.28177931047172194,-0.6374986518149074,-0.2685635550475692,-0.8718710562630484,Tokyo,533944472,random_forest,-0.16502385698568406,0.21080885207449618,42.02833374341329
1005.8491453853047,660.9286137831169,-344.9205316021876,-0.21883138692696602,-21.8831386926966,-0.34948112232796297,-0.9298541067743579,-0.3333487976779234,-0.9191114266711276,Tokyo,533944473,random_forest,-0.37359905631763773,-0.3983497870738091,30.078749736150105
1026.1450224014336,648.900905161627,-377.2441172398067,-0.26896416044282356,-26.896416044282358,-0.406043399806894,-1.0169936537047735,-0.38537120550311127,-0.9981109948262675,Tokyo,533944474,random_forest,-0.006061469136261983,0.2617523273478854,34.391666412353516
944.0231439452126,611.2377329731092,-332.7854109721033,-0.2833064980219067,-28.330649802190667,-0.3864126881955416,-0.8971396385991192,-0.37327354359513426,-1.0207117486968749,Tokyo,533944481,random_forest,-0.26234710760190827,0.04486461551577607,46.1158332824707
1216.9389582141532,684.4422589075375,-532.4966993066158,-0.3606453464373076,-36.06453464373076,-0.5283936455232504,-1.4355313683243394,-0.49877244530620707,-1.1425828361702202,Tokyo,533944482,random_forest,-0.3800042039659846,-0.26031601984509106,37.90833306312561
787.634069092422,628.7793241612186,-158.85474493120333,-0.11488245217587663,-11.488245217587666,-0.17372063402795077,-0.4282486063347342,-0.16962418458683193,-0.7553079827438662,Tokyo,533944483,random_forest,-0.5590083901366648,-0.08418090504916081,41.35583337148031
729.3678758960573,622.9942639563915,-106.37361193966588,-0.015488595052524451,-1.5488595052524439,-0.092951825384328,-0.28676733001385885,-0.09073214766877334,-0.5986824613664228,Tokyo,533944484,random_forest,-0.19387893428736355,-0.0474905722343235,38.72166657447815
831.2417487839222,567.0747078210951,-264.1670409628271,-0.26409371593206316,-26.409371593206316,-0.3641116111374207,-0.7121547875758779,-0.35134275889708144,-0.990436114980413,Tokyo,533944491,random_forest,-0.1984341829901478,0.2683342794441688,56.950416564941406
1134.9634819508449,497.20465261386045,-637.7588293369844,-0.5300667043466968,-53.00667043466968,-0.8068167028097198,-1.719302309537669,-0.752188582353356,-1.4095581733090192,Tokyo,533944492,random_forest,-0.2946100488704301,0.1843624497211365,62.51625029246012
410.35084693420384,569.61676569349,159.26591875928625,0.5769262496031354,57.692624960313545,0.3618257983487436,0.4293570694084315,0.3420817724139382,0.33484891171206504,Tokyo,533944493,random_forest,0.03553514948320568,0.478621694756586,55.27708371480306
671.4748316905615,593.2333349735869,-78.24149671697457,-0.06635449235289416,-6.635449235289417,-0.11197725362086934,-0.21092735971531187,-0.10993046914340095,-0.6788372910065948,Tokyo,533944494,random_forest,0.280568032014504,0.5609900664220328,53.05500030517578
658.688940860215,715.234252398238,56.545311538022986,0.17454141101577839,17.454141101577843,0.11702067419311409,0.15243769313537925,0.11378392443156211,-0.2992318751911742,Tokyo,533944501,random_forest,0.27045823426913357,0.21825776404817718,18.68083318074544
866.4603446300563,672.4961414577862,-193.96420317227023,-0.17029263587863908,-17.029263587863905,-0.2250572454113932,-0.5228984486634355,-0.21994163431639038,-0.8426237300469871,Tokyo,533944502,random_forest,-0.5340024128262044,-0.40495127462955466,18.431666493415833
558.7770784182602,747.75105411099,188.97397569272994,0.860800335473764,86.08003354737639,0.4376669210504982,0.50944554258668,0.39726594652613306,0.7821796421198123,Tokyo,533944503,random_forest,-1.1707479735027373,-1.2169072753543426,15.321666677792868
666.1233410827524,694.0120129534022,27.88867187064989,0.16483454634359115,16.483454634359116,0.08901034823518654,0.07518368347325673,0.08623207808826978,-0.31452801907997413,Tokyo,533944511,random_forest,0.4618547155361383,0.23241672531205532,17.510833303133648
566.5666698172131,737.6134946652811,171.0468248480681,0.45746324639859354,45.74632463985935,0.31592080189303534,0.46111662821837546,0.3038253516108559,0.14659829237041433,Tokyo,533944512,random_forest,-0.3616507099245817,-0.33996054462328157,17.69083321094513
186.06192550794972,666.0219949273678,479.96006941941806,2.6911638754167613,269.11638754167615,1.2653913660552647,1.2939004806825516,1.103722885913608,3.6664790550910853,Tokyo,533944513,random_forest,-0.20795703149684022,-0.10149639431936404,13.076249917348227
621.5413777201741,705.1103253168321,83.56894759665802,0.21841478275963253,21.84147827596325,0.14380407913503743,0.22528936958495258,0.13925599606961367,-0.23009591525514433,Tokyo,533944521,random_forest,-1.2899647590683094,-0.743930419041767,21.828333218892414
438.87290600998466,685.8988576124897,247.025951602505,1.813304900776518,181.3304900776518,0.6454917753765083,0.6659449772690081,0.5218836091412903,2.2831428653277825,Tokyo,533944522,random_forest,0.1751810512478654,0.4514026538644846,24.619166533152264
417.96844007144426,761.1977775521204,343.2293374806761,0.9859248108393173,98.59248108393173,0.6346163499954734,0.9252949006524855,0.6000358097211417,0.9793516481008991,Tokyo,533944523,random_forest,-0.5769299276146674,-0.7871171164099354,19.133333285649616
1018.6925266353905,680.1445739013035,-338.547952734087,-0.24685604027849617,-24.68560402784962,-0.3621967872828464,-0.9126745883394243,-0.3457585185414335,-0.9632728675251447,Tokyo,533944524,random_forest,-0.8844271042006407,-0.8008935973370084,22.38374988238017
650.8457256762364,714.4077945060385,63.56206882980209,0.20175598579311402,20.1755985793114,0.1233148891442208,0.17135382014496178,0.12032797892997699,-0.25634696170727883,Tokyo,533944531,random_forest,-0.27509578957392644,-0.1432813315199967,26.013750076293945
349.62782938995093,662.6707851661381,313.04295577618717,1.176618340740661,117.66183407406608,0.6832076238054965,0.843916935513111,0.6317113228323323,1.2798478196805596,Tokyo,533944532,random_forest,-0.24294812042824396,-0.23498806211400405,28.018333435058594
625.0622466486132,659.053527455187,33.99128080657389,0.15738585855952394,15.738585855952396,0.09070314348814608,0.09163540339479365,0.08795875595308962,-0.32626571234918145,Tokyo,533944533,random_forest,-0.7909094437068923,-0.8892360012179407,22.478750228881836
621.6284410522273,680.8174055538205,59.18896450159313,0.28373382891361,28.373382891361,0.1572356399958208,0.15956458567970902,0.15004491210703913,-0.12716571457838263,Tokyo,533944534,random_forest,1.921125064892591,1.74790806156956,24.77916677792867
466.454882066935,688.2403130035655,221.7854309366305,0.656384152970292,65.6384152970292,0.4311071197955963,0.5979003129248296,0.4101684598813944,0.46005922050403053,Tokyo,533944541,random_forest,-0.22366355842421778,0.08665602557634312,32.33666682243347
1039.892602982591,658.7293264212841,-381.1632765613067,-0.29631940372999455,-29.631940372999455,-0.4145773321818423,-1.0275591204030645,-0.3981051167018717,-1.041217574712212,Tokyo,533944542,random_forest,-0.09684296214186587,0.22448593986970808,36.16208346684774
1557.1798176203276,657.3966625232916,-899.783155097036,-0.5293570934360975,-52.935709343609744,-0.8234329431564534,-2.425680657764768,-0.7560831411621369,-1.408439963571874,Tokyo,533944543,random_forest,-0.794334032860278,-0.6939190519030664,29.78083324432373
553.7811249359959,657.1176221786941,103.3364972426982,0.35420294959925086,35.42029495992508,0.22012834682315818,0.27857972355099603,0.2112472284357955,-0.016119991152026746,Tokyo,533944544,random_forest,-0.3927835737775784,0.029560412495390726,31.93333299954732
888.3016726830518,651.1464409281263,-237.15523175492544,-0.18531913051476426,-18.531913051476426,-0.26882559494704866,-0.6393349945449968,-0.2601188838356769,-0.8663025832978235,Tokyo,533944551,random_forest,-0.8753473204476968,-0.2703438373968658,36.724583307902016
725.7350764286156,701.6368231243931,-24.098253304222528,0.0923146475269825,9.231464752698251,0.009761713757282778,-0.064965282573738,0.00887563258439727,-0.42880537274273045,Tokyo,533944552,random_forest,-0.4596126401896657,-0.06806191973522639,30.252500136693318
467.60905248335894,643.7068459202459,176.09779343688692,0.5364536050898487,53.64536050898487,0.35525274381514454,0.4747332832307199,0.33917538260828844,0.27107184105718124,Tokyo,533944553,random_forest,-0.14479723100892672,0.2465754104654817,33.595416148503624
764.1144665082014,674.799950989746,-89.3145155184554,0.04240878205502205,4.240878205502203,-0.05363535946751644,-0.24077856039368087,-0.051835842077634524,-0.5074473776468937,Tokyo,533944554,random_forest,-0.2383670481703407,-0.44976752776263246,29.000833590825398
1395.4992083653353,659.2677188488886,-736.2314895164468,-0.4880134117900654,-48.80134117900655,-0.7140340268581674,-1.9847698566492893,-0.6721214954990694,-1.3432903066324469,Tokyo,533944561,random_forest,-0.185596461613603,-0.1325085080055135,28.71750013033549
1184.8926527457759,670.8172515339592,-514.0754012118167,-0.38369985808027757,-38.36998580802776,-0.5383225093430938,-1.3858703069604443,-0.5112992371309352,-1.178912293650688,Tokyo,533944562,random_forest,-0.11760920317155919,-0.13375033704814976,29.239583412806194
554.699654953917,673.9018189894135,119.20216403549652,0.314603993351024,31.460399335102405,0.23507421209199933,0.3213511855902929,0.2293933989955896,-0.07852029784989334,Tokyo,533944563,random_forest,-0.7830688843905672,-0.6974204580123169,24.570416768391926
1180.4262897741316,655.1995585678466,-525.2267312062851,-0.33536423208740634,-33.536423208740636,-0.5123492271515657,-1.4159326228892384,-0.48074556686363906,-1.1027446828813108,Tokyo,533944564,random_forest,-0.2797619991076764,-0.17605581885011942,27.03333330154419
605.2819008576549,661.5905919459159,56.308691088260936,0.29020999396944,29.020999396944003,0.15173673975744006,0.1517997998330118,0.14304756485401354,-0.11696052929075534,Tokyo,533944571,random_forest,-0.14500400293025412,-0.09732261688607483,26.009583473205566
1070.1818361748944,685.4573667851649,-384.7244693897296,-0.2755562096887447,-27.555620968874475,-0.39503119832399963,-1.0371595630358725,-0.3776548076464666,-1.008498791215,Tokyo,533944572,random_forest,-0.2581254123889142,-0.26452844684477134,29.4983336130778
763.2668672235023,681.9871587350065,-81.27970848849584,0.09827274393298442,9.827274393298442,-0.014691775724332112,-0.21911792372690156,-0.014583456324511086,-0.41941656358474605,Tokyo,533944573,random_forest,-0.7677370907180354,-0.9246719451435533,25.97666660944621
680.0852534242191,692.428203377301,12.342949953081861,0.12438668007827468,12.438668007827467,0.0511133088569005,0.03327474491086729,0.04878113691733135,-0.3782660440018572,Tokyo,533944574,random_forest,-0.661715839236409,-0.6018716421917399,29.231249809265137
962.5420934139785,642.5291439634565,-320.0129494505221,-0.1715450913829866,-17.15450913829866,-0.30315575137638134,-0.8627069948121803,-0.28428002182642165,-0.8445973580160377,Tokyo,533944581,random_forest,-0.26609171563892825,0.04853562101733445,39.62833325068156
785.4574873899669,595.0322022393034,-190.4252851506635,-0.1716819564811228,-17.168195648112277,-0.2474562365737203,-0.513358055574502,-0.2384914890768786,-0.84481303097586,Tokyo,533944582,random_forest,-0.4920144444493355,-0.23238479547414034,39.158750216166176
698.8671451612903,662.2163183206932,-36.65082684059711,0.06381797512928654,6.381797512928654,0.0006056882530676155,-0.09880514127732758,0.000964695829945704,-0.47371062444527956,Tokyo,533944583,random_forest,-0.41819043299880393,-0.15599277472931136,33.91208338737488
651.8620997388584,661.9090357346678,10.04693599580939,0.10565602497790756,10.565602497790756,0.05241175160895576,0.02708503507404204,0.05087694949593958,-0.40778193870343044,Tokyo,533944584,random_forest,-0.5968136531446455,-0.45145237399734744,35.11041680971781
1149.2210577636968,665.9165843482909,-483.3044734154059,-0.3641065929794729,-36.410659297947284,-0.5196934802858695,-1.3029164930838328,-0.4931899246318219,-1.1480370921974283,Tokyo,533944591,random_forest,-0.0012777999998454667,0.20775190553945364,38.13583334287008
751.8706042946748,628.914288341292,-122.95631595338288,-0.03589267380357503,-3.5892673803575015,-0.12138274207597995,-0.33147181703570533,-0.11680992335809094,-0.6308353485276844,Tokyo,533944592,random_forest,-0.21400462217205632,-0.05521241801828923,34.69166628519694
436.0255163629783,674.4871897344839,238.46167337150564,0.6985648169757196,69.85648169757197,0.47459875124077816,0.642856965524211,0.45382262840137116,0.5265277999827183,Tokyo,533944593,random_forest,-0.5822852458559997,-0.3986724030583548,34.89374955495199
941.8797739739481,636.4145539378341,-305.465220036114,-0.2017350676434447,-20.17350676434447,-0.33138658016084005,-0.8234884946046278,-0.31373418673991177,-0.8921709295527434,Tokyo,533944594,random_forest,-0.637554914823301,-0.7907573267010607,33.10041642189026
346.7480348881218,718.7206163004921,371.9725814123703,1.3732883508998999,137.32883508998998,0.7947178808389305,1.002782382443591,0.7334005749887305,1.5897617698180349,Tokyo,533944601,random_forest,-0.9288567653576785,-1.4796482026464768,16.167083422342937
949.56724173636,694.8023304007605,-254.76491133559952,-0.20715849625148267,-20.715849625148266,-0.28166099344705425,-0.6868080539219193,-0.27348527899575636,-0.900717205529669,Tokyo,533944603,random_forest,-0.8264579439906066,-1.0078779588528175,21.17583354314168
570.7192224462366,670.1354079207706,99.41618547453402,0.24003524659507458,24.00352465950746,0.17374930440934588,0.26801115002905906,0.16953673184159823,-0.1960262401398532,Tokyo,533944604,random_forest,-0.12596781855866812,0.2640521443546432,28.180833339691162
917.0782925627241,620.5232932258327,-296.5549993368913,-0.2401160510285735,-24.01160510285735,-0.34075095865780325,-0.7994678737649447,-0.3280356342487622,-0.952651946264011,Tokyo,533944613,random_forest,-0.05345712555716036,0.18154115899673223,35.675416707992554
887.5378683115719,691.0315674325869,-196.50630087898503,-0.14379536729135367,-14.379536729135367,-0.20145306300375307,-0.5297515634415858,-0.19570108866741984,-0.8008691525743447,Tokyo,533944614,random_forest,-0.7759739519351815,-1.1088705384828124,25.37624982992808
452.9613085978346,683.4985917017572,230.53728310392265,0.9187077509514853,91.87077509514853,0.509303431585728,0.6214939959156252,0.4675435995894684,0.8734305443718733,Tokyo,533944621,random_forest,-1.0149424011474182,-0.8945801735347241,19.693333109219868
644.2616252780867,700.597837693101,56.336212415014245,0.3377444950892489,33.77444950892489,0.17052637486148414,0.15187399320905293,0.15883523092567095,-0.0420553365878801,Tokyo,533944622,random_forest,-0.4530389221024876,-0.17159015291452162,21.06166656812032
347.2370062529059,701.1906751803676,353.95366892746165,1.3550661248356042,135.50661248356045,0.7664578980235733,0.9542060924330437,0.7038226139075604,1.5610470610766694,Tokyo,533944623,random_forest,-0.6905088891020762,-0.2996416287775607,23.335416714350384
985.9372163062575,673.614603815881,-312.32261249037646,-0.23462618831281626,-23.462618831281628,-0.34176421512225086,-0.8419749978746437,-0.32413101626076,-0.9440009829647503,Tokyo,533944624,random_forest,0.22202732071845996,-0.09663609265374909,26.110833446184795
354.5484926020093,677.0013855448798,322.4528929428704,1.1689689832338326,116.89689832338325,0.7073802297960984,0.8692847171243856,0.659746779947994,1.2677939096866795,Tokyo,533944631,random_forest,-0.717973073010719,-0.7838968990458982,21.887916564941406
304.99360442268306,671.7402033904078,366.7465989677248,1.8596589248261222,185.9658924826122,0.8929263162876931,0.9886939162815104,0.7884385102394575,2.356187854171525,Tokyo,533944632,random_forest,-0.28586709189094117,-0.5825284077043416,21.977500240008037
698.710793117794,658.6400126395378,-40.07078047825632,0.110549936416585,11.0549936416585,0.00984438280081823,-0.10802482420018422,0.007307288584981549,-0.40007007951170376,Tokyo,533944633,random_forest,0.04215877762746282,-0.008358465092110376,37.726250092188515
987.0628991295443,656.3228014743758,-330.74009765516854,-0.27278229490342165,-27.27822949034216,-0.37763539840802346,-0.8916257801501662,-0.3617104927585891,-1.0041276372817283,Tokyo,533944634,random_forest,-0.5758269736558324,-0.6703886228221909,33.26625029246012
466.83205234174073,681.5213821550086,214.68932981326796,0.6320095479779891,63.200954797798914,0.42125274472345575,0.5787702868257891,0.40149138792450706,0.42164955087474193,Tokyo,533944641,random_forest,-0.3380305958701016,-0.3112618536962617,28.036250193913776
317.43723856864773,654.254576177932,336.81733760928427,1.0931902004612801,109.319020046128,0.7202085329090218,0.908009109095354,0.6850411287956996,1.1483811843472327,Tokyo,533944642,random_forest,4.991772103128207,4.488228238894377,32.395416816075645
347.84071333023667,671.819852497108,323.9791391668712,1.257436989937073,125.7436989937073,0.7163691324013027,0.8733992484129226,0.6586742522016061,1.4072024010778714,Tokyo,533944643,random_forest,1.9825014036273456,1.9827332134373528,33.37291646003723
421.7728857237703,618.4303538704088,196.6574681466385,0.6068883481275843,60.68883481275844,0.4269939314215124,0.5301590877602587,0.41132853598940183,0.38206339195031686,Tokyo,533944644,random_forest,0.12491462180196777,0.2144161604339646,35.009583473205566
732.5121526817717,648.4468366144049,-84.06531606736674,-0.05878501679414921,-5.87850167941492,-0.10108639479445854,-0.226627504658611,-0.09862268839941835,-0.6669092595340774,Tokyo,533944652,random_forest,0.08817856683853027,0.07049347894663317,33.13875023523966
607.8295084805428,648.6358404813213,40.80633200077859,0.18617945534270566,18.617945534270564,0.08776448988533496,0.11000776096763158,0.08508458855482905,-0.2808925651646342,Tokyo,533944653,random_forest,0.6065802245508847,0.8059142201001952,32.05874991416931
788.1265992063492,651.1771532989666,-136.94944590738268,-0.10437211171648174,-10.437211171648174,-0.15507740548278523,-0.36919520014054424,-0.15130032590187137,-0.7387457162019394,Tokyo,533944654,random_forest,-0.8883477689279579,-0.2778014877696534,32.8816667397817
571.3364427163339,672.2356775084374,100.89923479210364,0.2557211739265815,25.572117392658154,0.1837284219185632,0.27200922892591495,0.17996996809696217,-0.1713082483273718,Tokyo,533944661,random_forest,-0.8658677674896634,-0.9324893633011828,31.71458347638448
792.1310343701997,654.6979834895211,-137.43305088067862,-0.05305719513596637,-5.305719513596636,-0.134147001724403,-0.3704989267363108,-0.12981703559180366,-0.6578833189021878,Tokyo,533944662,random_forest,-0.39697470236670096,-0.3400478422302391,34.44416650136312
741.9148225806451,644.1391385017791,-97.77568407886599,-0.01472572924843172,-1.4725729248431716,-0.08661661102030915,-0.2635886039056224,-0.084548639523732,-0.5974803322030604,Tokyo,533944663,random_forest,-0.38389445993660404,-0.011477381270290393,40.483749866485596
765.2829477406553,670.1246101980183,-95.15833754263711,-0.011009130879040109,-1.1009130879040108,-0.07724878729284061,-0.2565326295504308,-0.0749808725995849,-0.5916236910161298,Tokyo,533944664,random_forest,0.3674879300762472,0.37457785888486045,38.96791672706604
694.6095671402969,662.7382635378018,-31.871303602495118,0.13936598427943206,13.936598427943208,0.027317984794502464,-0.08592026228584332,0.0240886990601219,-0.35466155376192277,Tokyo,533944671,random_forest,-0.5106197301809537,-0.46728036020146696,36.10666632652283
633.7544019589667,660.2967075292989,26.542305570332246,0.1608654050452069,16.08654050452069,0.07872291964224076,0.0715540815247799,0.07422715270602867,-0.32078261914553613,Tokyo,533944672,random_forest,-0.12444693483656721,-0.03515197610547927,34.73458321889242
512.9271243290605,599.9242030443569,86.99707871529641,0.41478081116600524,41.47808111660053,0.2277114016496018,0.2345310977720799,0.21143765703233472,0.0793390183524382,Tokyo,533944673,random_forest,1.0273376534284744,1.1206302356059181,48.00208314259847
592.1214959055716,643.2244234083022,51.10292750273059,0.23706424827139985,23.706424827139987,0.14027766770928982,0.13776584068764938,0.1366667591238666,-0.20070795966382302,Tokyo,533944674,random_forest,-0.20928100021106016,-0.177681151387942,43.55000019073486
457.5609051448259,635.0696912282755,177.50878608344965,0.6817760443712997,68.17760443712997,0.4036368215931763,0.47853710813189454,0.3770967180196479,0.5000719370294251,Tokyo,533944681,random_forest,-0.7184165889641873,-0.6134854569961291,31.423750241597492
271.85241785289867,654.0505491694366,382.19813131653797,1.8575936671655706,185.75936671655708,0.941413684018327,1.0303489338699434,0.8417678522999655,2.3529334069931527,Tokyo,533944682,random_forest,-0.695585228003631,-0.3820490473361781,34.62875008583069
326.19572138305745,672.4615298276593,346.265808444602,1.3635487415302439,136.35487415302438,0.7861959999687177,0.9334807717074565,0.7251251738309388,1.5744140266105062,Tokyo,533944683,random_forest,0.3406931075582792,0.5345735994823746,33.859583457311
639.7877312788019,669.1197759473813,29.332044668579545,0.14825657903730774,14.825657903730773,0.08590961132568438,0.07907480041409809,0.08309776578196883,-0.3406516935994411,Tokyo,533944684,random_forest,-0.12467880949644289,0.0939703634956476,36.864166816075645
675.0789416735084,633.8040076739817,-41.27493399952676,0.04714702988081602,4.714702988081603,-0.02089729408064674,-0.11127104179047691,-0.020970498556149728,-0.49998081424338775,Tokyo,533944691,random_forest,-0.41563701757186644,-0.2160706449187952,37.453749895095825
608.2303237967229,618.8116045717587,10.58128077503567,0.1706198881179043,17.06198881179043,0.07477537221811958,0.02852554858910891,0.07096860108486909,-0.3054114378547989,Tokyo,533944692,random_forest,-0.25542048581681615,-0.221953288902641,36.27541700998942
628.7158658474142,606.1454583505216,-22.570407496892603,0.08494789490599593,8.494789490599592,0.00012256116767628278,-0.06084643904805818,-0.00122427853215745,-0.44041395202030825,Tokyo,533944693,random_forest,0.048824766895503906,0.312225508554509,41.5
927.0877045570916,655.1561444458583,-271.93156011123324,-0.2142563120736595,-21.42563120736595,-0.29424875462215133,-0.7330867685853487,-0.28464332137245085,-0.9119019923561814,Tokyo,533944694,random_forest,0.1706460769832822,0.37919088274910506,40.68666648864746
824.1770906708002,709.0412933259889,-115.13579734481137,-0.07082236335563094,-7.082236335563095,-0.13691082518983558,-0.3103888698666671,-0.13352451629615658,-0.6858777927589551,Tokyo,533944701,random_forest,-0.8610848601199069,-0.5930707990799807,22.104999939600628
361.4859624615976,673.2454611585052,311.7594986969077,1.1930730739478406,119.30730739478405,0.6951210711572035,0.8404569274048864,0.6425920094317771,1.3057773010619167,Tokyo,533944702,random_forest,-0.43239124049689037,-0.2652291363229164,26.614583015441895
370.4182175660439,670.5005783175166,300.08236075147266,0.9763627525883692,97.63627525883692,0.6311279348927366,0.808977111971758,0.5978040191461262,0.9642836911633031,Tokyo,533944703,random_forest,-0.840340738583837,-0.498832936818693,21.628749926884968
421.7313890168971,655.4339995882682,233.70261057137114,0.7292649116115847,72.92649116115847,0.4778276294099992,0.6300272448098583,0.4539606385873443,0.5749052195521367,Tokyo,533944704,random_forest,-0.20832159180630244,-0.11893261193709463,22.37250026067098
811.3714407642088,619.3016500910852,-192.06979067312375,-0.191408107624182,-19.140810762418198,-0.2497494286794354,-0.5177913962242154,-0.24431551976829072,-0.8758976351654082,Tokyo,533944711,random_forest,-0.6821777098526928,-0.3221087318524973,32.675833304723106
873.2291884600614,698.9684863728853,-174.26070208717616,-0.1236667264678671,-12.36667264678671,-0.19008901651857513,-0.46978076002743796,-0.18543238733845416,-0.7691503023874032,Tokyo,533944712,random_forest,-0.0971302032172368,-0.21006702921311896,27.00041659673055
844.0509223310291,683.3893991880833,-160.6615231429458,-0.06255183695149669,-6.255183695149668,-0.15084091184221024,-0.43311940985696945,-0.14587622714591422,-0.672845040558728,Tokyo,533944713,random_forest,-0.04700302666122481,0.013734266500985458,25.46916667620341
924.282740313311,691.3499182166282,-232.9328220966829,-0.17892023111428176,-17.892023111428177,-0.25722075093268465,-0.6279520103458166,-0.2485444591678696,-0.8562191537595314,Tokyo,533944714,random_forest,-0.8775646961512346,-1.0034243680781754,26.419583320617676
473.92352346522597,676.2498797239491,202.32635625872317,0.7283923529614289,72.83923529614289,0.42976889797813733,0.5454415612835971,0.40048914220592174,0.5735302356500285,Tokyo,533944721,random_forest,-0.06228072958893595,0.28159236465777054,28.520000060399372
529.1751817396313,649.6421897001411,120.4670079605098,0.32510554206019604,32.510554206019606,0.23185531641907262,0.3247610154216428,0.22422508007297767,-0.06197188540823303,Tokyo,533944722,random_forest,0.7158260349006467,0.844227735030894,33.050833304723106
759.0839537824213,630.6061548552066,-128.4777989272148,-0.02245515350440062,-2.245515350440061,-0.12250206510332236,-0.34635690837791566,-0.11963531240203595,-0.6096604119290756,Tokyo,533944723,random_forest,0.18919320990275945,0.41829927225516567,34.612083514531456
744.872748687916,662.9648133694886,-81.90793531842736,-0.04254553783358155,-4.254553783358154,-0.09242803796537968,-0.22081152919330913,-0.08972890148878092,-0.6413189772700506,Tokyo,533944724,random_forest,0.48437899881623797,0.7232598393293695,32.76458342870077
769.0289207309269,654.0062949561776,-115.02262577474926,-0.04259651993232889,-4.25965199323289,-0.1162939214747973,-0.31008377625944245,-0.11227994140724074,-0.6413993152107275,Tokyo,533944732,random_forest,0.31526911959860227,0.3945932980400556,42.890000104904175
244.1953988095238,640.9173120988436,396.72191328931984,2.0870537876188204,208.70537876188203,1.0239040631403613,1.0695028753606242,0.9091397505572418,2.714518237700738,Tokyo,533944733,random_forest,0.08283560322851079,0.5407718571860338,34.15624992052714
504.5869313876088,673.7128851435521,169.12595375594324,0.5392566979502127,53.92566979502127,0.34802271325186124,0.455938247374244,0.33130596393295636,0.27548897400111183,Tokyo,533944734,random_forest,-0.39330563175890954,-0.16342283675446728,30.542499780654907
323.51843332549174,649.5266722726363,326.0082389471446,1.1590056224508756,115.90056224508756,0.7268934862594326,0.8788693975947587,0.6835916339015183,1.2520935774683055,Tokyo,533944741,random_forest,1.6913875629088468,1.6698481061786228,33.771666526794434
423.64383464541726,632.6554563194959,209.01162167407858,0.5452781528460832,54.527815284608316,0.4115230206249332,0.5634640358300367,0.4011626228786053,0.2849776239017393,Tokyo,533944742,random_forest,1.5938714769978544,1.2701584571465323,33.34833319981893
592.2104131144393,637.8528016296108,45.64238851517141,0.17506280489593862,17.506280489593863,0.10734030698292725,0.12304504520702687,0.10309515475153615,-0.29841025914078034,Tokyo,533944743,random_forest,0.05277851249883169,0.16110218828417686,26.96291669209798
646.6680084449849,644.2793346053846,-2.3886738396002585,0.16719533282715657,16.719533282715656,0.060374955837987944,-0.0064395070052207905,0.057926956204714164,-0.31080787555651307,Tokyo,533944744,random_forest,0.851771470189007,0.8923504850675928,28.981249968210857
443.23293637909137,646.6026332865441,203.36969690745283,0.5828111041633991,58.281110416339914,0.40164605875083376,0.5482542514487184,0.38538316587393945,0.3441223058674788,Tokyo,533944751,random_forest,1.1830158299431544,1.075767051305863,31.642499923706055
718.1105345942141,704.5092988977267,-13.601235696487329,0.09860394448509191,9.86039444850919,0.03546697202380585,-0.03666689486658706,0.03513302570687022,-0.41889465548443,Tokyo,533944752,random_forest,0.2599965778636468,0.43419798886912203,30.59083342552185
762.797065124168,659.4192342096145,-103.37783091455348,-0.002372692864403602,-0.23726928644035983,-0.0841555927067934,-0.2786911529412506,-0.08226913896289335,-0.5780143327918316,Tokyo,533944753,random_forest,0.6593754349077433,0.8173905997085552,28.71375020345052
371.69739685739887,714.4169815688579,342.71958471145905,1.3320694671679985,133.20694671679982,0.7263968370829504,0.9239206835141368,0.6616741727662255,1.5248087702871564,Tokyo,533944754,random_forest,-0.43093858847153055,-0.13445722198200274,28.150833288828533
477.7258322805763,686.1365976248716,208.41076534429519,0.5879189156748154,58.791891567481535,0.39755237380671743,0.5618442171337265,0.3807756690792578,0.352171230260064,Tokyo,533944761,random_forest,0.5446292875582658,0.8926766735688424,37.021249771118164
414.74555963636845,628.0520355135133,213.30647587714478,0.6733749536472242,67.33749536472241,0.46934544266759587,0.5750423196746303,0.4516739688309909,0.48683344067884554,Tokyo,533944762,random_forest,0.31498195530734596,0.5085232367728445,33.10708340009054
439.46927982590887,652.6422508591857,213.1729710332768,0.7759907898974222,77.59907898974221,0.46348321879255644,0.5746824106058129,0.4331587399218077,0.6485361788503127,Tokyo,533944763,random_forest,0.31503528791519325,0.5154730720714366,32.58124987284342
461.5923428511839,644.5265938143325,182.93425096314863,0.5039708373200317,50.39708373200316,0.35703112937965437,0.49316334906952203,0.34450810552738065,0.21988527294345922,Tokyo,533944764,random_forest,2.2655070305838843,2.104909844585511,28.96333320935567
413.79467210723556,628.1646194728016,214.3699473655661,0.6841073594806161,68.4107359480616,0.459316508441258,0.5779092795692836,0.4386644050312734,0.5037456393593249,Tokyo,533944771,random_forest,0.3358523511335533,0.6435330225556064,40.68166677157084
468.0568643686989,629.042692629773,160.98582826107412,0.47084459901131615,47.084459901131616,0.33175001406236443,0.4339936878958522,0.3208915105937398,0.16768471954369565,Tokyo,533944772,random_forest,0.0933478310406084,0.19728638682303679,40.40749994913737
638.5500642281106,678.4709885050951,39.920924276984465,0.27521873240428457,27.52187324042846,0.12950007707685077,0.10762083432016468,0.11903892695218632,-0.140583862026843,Tokyo,533944774,random_forest,-0.03341168824622233,0.03853868809489417,29.987083276112873
508.835874391961,629.4900894379373,120.65421504597624,0.36200015103195143,36.20001510319514,0.24698745878800876,0.32526569769274344,0.23716913338992693,-0.0038331076863205725,Tokyo,533944781,random_forest,0.18737323694928248,0.39474078357414727,33.46499959627787
902.374678859447,619.6171214750105,-282.75755738443644,-0.2440107743900322,-24.40107743900322,-0.3480441280384699,-0.7622720362110703,-0.3351542785927069,-0.9587892780344474,Tokyo,533944782,random_forest,0.502946770838479,0.6194660568526271,33.733749787012734
890.2748407258065,667.012239928254,-223.26260079755255,-0.17800196590092376,-17.800196590092376,-0.25132004643753353,-0.6018825416869199,-0.2436318016271454,-0.854772145141821,Tokyo,533944783,random_forest,-0.6071819975760125,-0.5135957370346454,28.642916679382324
991.5439479337712,622.8173085842095,-368.7266393495617,-0.30779152544003485,-30.779152544003484,-0.4211608378275356,-0.994031808671035,-0.4060160721158259,-1.0592954227416997,Tokyo,533944784,random_forest,-0.29910390678075355,-0.3510247046076613,28.24916664759318
523.6247393999439,640.441546340879,116.81680694093512,0.3199687979197752,31.996879791977523,0.22638868086049224,0.3149206200330665,0.22016662601112605,-0.07006640203593027,Tokyo,533944791,random_forest,0.8713208575107457,1.0007282765593257,40.210416873296104
636.0400108806963,641.4673699693917,5.42735908869533,0.15990944451023995,15.990944451023998,0.07205207887718897,0.014631347441453627,0.07108575869206445,-0.32228902830943085,Tokyo,533944792,random_forest,0.15559115954767444,0.33612241985970465,38.90083305040995
541.2646386968767,652.1926738569786,110.92803516010191,0.35988506680928456,35.98850668092846,0.22997638977124898,0.2990453730629033,0.22155525391739128,-0.007166071902824172,Tokyo,533944793,random_forest,-0.6177419450683892,-0.2069020433477392,36.7483332157135
797.8256858038914,664.6182136616043,-133.20747214228714,-0.060204581158643335,-6.020458115864334,-0.14067623953552266,-0.359107399171569,-0.13711624421679475,-0.6691462187904408,Tokyo,533944794,random_forest,-0.9085022536363327,-0.5510773761998465,35.54374980926514
752.7204467663709,707.8227835603179,-44.89766320605296,0.014834192328839632,1.4834192328839633,-0.03346279433491861,-0.12103737728454649,-0.033645274137626635,-0.5508996051550031,Tokyo,533944801,random_forest,-1.050510185066622,-1.2533154969616618,23.83500011761983
820.4983472542243,693.4280864127433,-127.07026084148099,-0.04603990029686692,-4.603990029686692,-0.12092442890396198,-0.34256239645546965,-0.11692670685323207,-0.646825417592762,Tokyo,533944802,random_forest,-0.04792870752025072,-0.2461457380820757,25.927083333333332
557.6539665567562,677.4512619793778,119.79729542262169,0.3350227849772401,33.502278497724014,0.2303229356158141,0.3229555706984166,0.222165875289392,-0.046344226039092364,Tokyo,533944803,random_forest,-1.3012356151266717,-1.5971439006747254,29.423333168029785
719.2848557744937,614.2151662987682,-105.06968947572544,0.01394477599788921,1.3944775997889216,-0.07919573882882973,-0.28325215029295797,-0.07421359787662117,-0.552301153506063,Tokyo,533944804,random_forest,-0.2716965108227098,-0.3131886967209618,29.737083117167156
686.076916154634,654.9860950015392,-31.090821153094726,0.05437702650544346,5.437702650544345,0.0007094699115869721,-0.08381619846723222,0.0005470650822275771,-0.48858773600230426,Tokyo,533944811,random_forest,-1.0566529912299407,-0.8802262947050709,26.940416653951008
396.6291170831102,672.0013844279599,275.3722673448498,1.0333996268552517,103.33996268552517,0.5897979187947249,0.7423624000953817,0.5429284128005882,1.054162788607961,Tokyo,533944812,random_forest,-1.2373958036051194,-1.4649019603234328,25.09375
661.7152597115794,690.0532223523518,28.33796264077238,0.19538200778251444,19.538200778251444,0.09727712849568286,0.07639490411527998,0.09381143374800303,-0.2663911199485628,Tokyo,533944813,random_forest,-0.6403625819191651,-0.9660825736034351,27.3420832157135
547.9198406582466,694.5690052950977,146.64916463685105,0.45389623579197463,45.38962357919746,0.2961588811723412,0.3953441894548559,0.28295686950962917,0.14097737260545135,Tokyo,533944814,random_forest,-1.5686596962868793,-1.7384131919705692,22.695416649182636
282.1531869223503,630.7983128007673,348.64512587841705,1.4678364641367505,146.78364641367503,0.8490820161494814,0.9398950552436552,0.7836902191190737,1.7387513347626484,Tokyo,533944821,random_forest,-0.42975309662434125,-0.11498017360240094,30.577083508173626
295.8467013224325,659.4542246499717,363.6075233275391,1.5761563244744223,157.61563244744224,0.8669706943155212,0.9802314383827796,0.7899237495497871,1.909442513190955,Tokyo,533944822,random_forest,2.198625185867737,2.0477398523324863,27.201666831970215
293.62638354675386,658.098740348831,364.4723568020772,1.5722193773396225,157.22193773396225,0.8691911906327138,0.9825628999349223,0.7927525515235846,1.903238644909053,Tokyo,533944823,random_forest,1.0613004385601283,0.7908554987414801,26.234166463216145
831.6721287972085,679.3985371031501,-152.27359169405835,-0.11198695284293321,-11.19869528429332,-0.1706950144516076,-0.41050680263158873,-0.16681709346971443,-0.7507452350470194,Tokyo,533944824,random_forest,-0.6321409987136519,-0.7533916343021673,30.264166911443073
240.02166603669886,663.6842910968709,423.66262506017205,2.0376660061048835,203.76660061048835,1.0555049836081463,1.142131000346943,0.9470754776999732,2.636692633048977,Tokyo,533944831,random_forest,0.6566830485083759,0.6725584724307039,20.6274999777476
739.768919514849,685.2062014106674,-54.56271810418158,0.0541953999742712,5.419539997427119,-0.014296809197882046,-0.14709291809992983,-0.0131397339794549,-0.48887394433513437,Tokyo,533944832,random_forest,0.20070238108904526,0.012736810454463888,20.026666561762493
775.3527949838444,696.7435853665071,-78.6092096173374,0.06612095113172531,6.61209511317253,-0.036484091225916816,-0.2119186586354662,-0.03839372732871877,-0.4700815790742557,Tokyo,533944834,random_forest,-0.14673724319747128,-0.4926656083565832,23.074166854222614
726.6355532194061,724.1545894199261,-2.480963799480046,0.09390775586898542,9.390775586898544,0.028935360431181723,-0.00668830691808663,0.028198027261213333,-0.426294941697004,Tokyo,533944841,random_forest,0.49484916950467334,0.3069974496092567,22.514166593551636
508.9425916538658,678.4655147069444,169.52292305307859,0.5759854170509904,57.59854170509903,0.35960728455456487,0.4570084171594116,0.33922837961151603,0.3333663413272,Tokyo,533944842,random_forest,1.6894568262268403,1.4483174138243096,24.40000017484029
1062.5806512527147,713.1408731649367,-349.43977808777794,-0.17552694825448065,-17.552694825448064,-0.31560463768719826,-0.9420373186134209,-0.29955200925646014,-0.8508719953688685,Tokyo,533944843,random_forest,-0.9541986731615432,-1.1420904266988743,21.726666768391926
596.9040160330261,660.5154622493809,63.61144621635473,0.3148033279490344,31.480332794903436,0.1750620700093984,0.17148693418562064,0.16378709110003117,-0.07820618502395492,Tokyo,533944844,random_forest,-0.9816732820301959,-1.2929802303844058,25.56750003496806
823.511786482335,675.3612542438535,-148.15053223848136,-0.033734030517951846,-3.3734030517951847,-0.12440464756631042,-0.3993916517026645,-0.1210245993135311,-0.6274337436411868,Tokyo,533944851,random_forest,-0.8996525075830153,-1.0159564478395602,23.098749955495197
1195.4569458525345,692.9124704159825,-502.544475436552,-0.33909806673018855,-33.909806673018856,-0.5028053291588804,-1.354784657645122,-0.47232745115880026,-1.108628485106001,Tokyo,533944852,random_forest,-0.8197045898700244,-0.6726106830058771,23.703750054041546
576.6732169098823,658.9537732951508,82.2805563852685,0.32394592989302123,32.39459298930212,0.18059378289125172,0.22181605979536814,0.17211881077409677,-0.06379921021014685,Tokyo,533944853,random_forest,-0.9903325996119026,-0.9760072771260616,26.035416920979817
961.7876884755107,667.538239055933,-294.2494494195778,-0.20310377886284978,-20.31037788628498,-0.3112051037834043,-0.7932524564077088,-0.29726827922299526,-0.8943277540744884,Tokyo,533944854,random_forest,-0.9821492172107401,-1.1628312517974944,25.46833328406016
675.0164588280871,671.5383165841519,-3.478142243935224,0.18305908688733788,18.30590868873379,0.06466586257844383,-0.009376550692548086,0.060415279269709854,-0.28580966316602446,Tokyo,533944861,random_forest,-1.1275883677263598,-0.7795906952897985,29.743749856948853
939.6572097094214,656.3426681929847,-283.3145415164367,-0.21963086205605512,-21.96308620560551,-0.3151048080828286,-0.7637735820313288,-0.30269368813937564,-0.9203712450597679,Tokyo,533944862,random_forest,-0.8579579134932187,-1.0160335980190995,26.87208318710327
747.2981097533584,681.0172157671362,-66.28089398622224,0.0742852804487899,7.428528044878991,-0.021146362671888703,-0.1786833656653615,-0.021149731621886745,-0.45721617297178985,Tokyo,533944863,random_forest,-0.8497779969554636,-1.1154926426856817,23.53625003496806
1036.891240687404,674.5835861487373,-362.30765453866667,-0.28170450054374596,-28.170450054374598,-0.38938357337958845,-0.976727186762888,-0.37371827292356374,-1.0181873100894576,Tokyo,533944864,random_forest,-0.5759126785638897,-0.6777046531324105,24.421250025431316
925.1417261055052,658.0380141682516,-267.10371193725354,-0.19708599874114618,-19.708599874114615,-0.28821380860801593,-0.7200716128026373,-0.27709631480445873,-0.8848448949081829,Tokyo,533944871,random_forest,-0.6184652975767845,-0.6657606080236803,24.729166587193806
376.9153051501963,695.4216491313878,318.50634398119155,1.1278887218376492,112.78887218376492,0.6695473090056531,0.8586454120573402,0.6222237415948861,1.2030593521826505,Tokyo,533944872,random_forest,-0.7592819027194244,-0.6952835987594909,23.7433336575826
808.125429029389,658.5954762284008,-149.52995280098807,-0.051648799523671775,-5.164879952367176,-0.1372296016800405,-0.4031103629926471,-0.13331468190909534,-0.6556639594420999,Tokyo,533944873,random_forest,-0.04022999334632965,0.048108019481688,26.90791670481364
314.36715415386584,630.118501192669,315.7513470388031,1.2915433119859172,129.15433119859173,0.7461410950451203,0.851218352818126,0.6884065300451246,1.4609473771535828,Tokyo,533944874,random_forest,-0.032273967511694826,0.02157094133490056,26.02666672070821
822.1097789298515,666.9714997384478,-155.13827919140368,-0.08385253148356657,-8.385253148356655,-0.1606533553538986,-0.4182295711825312,-0.15616705378518755,-0.7064108210138188,Tokyo,533944881,random_forest,-0.426827531738836,-0.4447947023430101,26.78875009218852
729.9490141515265,665.0096083559013,-64.93940579562518,0.011553513680528956,1.155351368052896,-0.047965460488447444,-0.17506691437027122,-0.046940236389419326,-0.556069321057323,Tokyo,533944882,random_forest,-0.6495082475783395,-0.6542611809731528,28.454583326975506
767.7022131976446,647.3693373233323,-120.33287587431231,-0.06222208462340881,-6.22220846234088,-0.13614875929231143,-0.3243994154014248,-0.13097895775423946,-0.6723254145797491,Tokyo,533944883,random_forest,-0.5506999748880933,-0.23861897210514382,37.698333422342934
690.8813132106661,627.044718550076,-63.8365946605901,0.010577577129521612,1.0577577129521607,-0.05037068384103005,-0.17209390067884053,-0.04933402061594195,-0.5576072085642253,Tokyo,533944884,random_forest,3.6461586271193633,3.1734645345258463,40.233750104904175
776.4904370839735,682.6610027027541,-93.82943438121929,-0.05394806898754138,-5.394806898754138,-0.10294589933971839,-0.2529501056095975,-0.1002441554489234,-0.6592871640242389,Tokyo,533944891,random_forest,0.0287326612093008,0.23105347614507105,36.72750004132589
779.721656032055,657.3648156166784,-122.35684041537672,-0.05923923200249253,-5.923923200249253,-0.1264014658735206,-0.3298557207472748,-0.12267290912742623,-0.6676250149729277,Tokyo,533944892,random_forest,0.4251437421838813,0.2779493138405435,36.21583342552185
356.3653244723218,620.0516291166958,263.6863046443741,0.9164818047709745,91.64818047709745,0.5917069136133044,0.7108587944440318,0.5598549028436879,0.8699228831222656,Tokyo,533944893,random_forest,2.4018649713640254,2.2064524907539194,37.05041654904684
922.7490167183114,633.9759667614286,-288.7730499568827,-0.21680646670855838,-21.680646670855836,-0.3290245515916581,-0.7784889034609765,-0.3154758455216479,-0.9159205435105896,Tokyo,533944894,random_forest,0.20472504116521073,0.22491733703432595,36.2587505976359
750.8560287698411,673.5806439458721,-77.27538482396909,-0.003249320002028285,-0.32493200020282903,-0.05808371406337298,-0.2083228667118313,-0.05534135086725512,-0.5793957278443818,Tokyo,533944901,random_forest,-0.10408079870571589,-0.4963531462435984,31.21000011761983
338.78963005853063,684.2000750899782,345.4104450314476,1.2903253380547037,129.0325338054704,0.7589480672959867,0.9311748400228113,0.7038199167637792,1.45902808548384,Tokyo,533944902,random_forest,0.30757316537729723,0.5549585176164702,30.201249917348225
576.912512984126,650.503462712582,73.5909497284559,0.33212261880359356,33.21226188035936,0.19428718683496307,0.1983901813805393,0.18533073062680017,-0.05091432777550933,Tokyo,533944904,random_forest,0.7208486419395284,0.4387734022831091,28.00833336512248
1229.5499930555557,672.9905547410618,-556.5594383144938,-0.4058927189686618,-40.58927189686617,-0.5841012425453789,-1.5004009096728401,-0.5519360640409675,-1.213883955965658,Tokyo,533944911,random_forest,-0.09904612135278969,-0.22248757150247925,26.926666736602783
1034.9932280995638,706.4663392240669,-328.5268888754969,-0.19725909757044746,-19.72590975704475,-0.3196451499080451,-0.8856593006733798,-0.30504221734572773,-0.8851176652299494,Tokyo,533944912,random_forest,-1.42548373503465,-1.2601528307482557,21.06750003496806
449.4393474861472,671.0520022139351,221.61265472778794,0.6300339400354505,63.00339400354506,0.43298042856908886,0.5974345341363102,0.4149690571199014,0.4185363743365429,Tokyo,533944913,random_forest,-0.8777481585899779,-1.0824495485534416,23.28124992052714
481.512186685603,704.4484822288426,222.93629554323948,0.7863725880224667,78.63725880224666,0.4561963809843855,0.601002871580372,0.4234492702719246,0.6648958875006417,Tokyo,533944914,random_forest,-1.2241903625970905,-1.3689677799733866,19.088333288828533
458.3405494961333,713.7323535513732,255.39180405523993,0.7082733197509158,70.82733197509158,0.4808755361817343,0.688498062826744,0.46015896641390835,0.5418265252054686,Tokyo,533944921,random_forest,0.3883857559448092,0.43813437317857823,22.71583342552185
532.4538816707717,688.3656624889231,155.91178081815136,0.615169243447334,61.51692434473341,0.3611222998171065,0.42031481574853885,0.33624580653495556,0.3951124835588476,Tokyo,533944923,random_forest,-1.0044454351257264,-1.4586223259633486,16.53541652361552
389.4000533628635,643.0018597385621,253.60180637569854,0.803141892754054,80.31418927540541,0.5318585118610271,0.6836724971067022,0.5063269268558,0.6913210728464774,Tokyo,533944931,random_forest,-1.0035460035889008,-0.3579672400441291,32.356666803359985
667.8993147015202,689.6510079418185,21.751693240298252,0.18989936471779045,18.989936471779046,0.08834290131494245,0.058639308001864066,0.08243212542258542,-0.2750307064722361,Tokyo,533944932,random_forest,0.8797413900531544,0.491955526829637,27.07041660944621
631.8585471620682,675.2317474969949,43.37320033492673,0.29138810479237004,29.138810479236998,0.14238188788739134,0.1169276536483303,0.1332436190413982,-0.11510405418029834,Tokyo,533944933,random_forest,0.34591186050356715,0.5869794115497069,28.229166666666668
565.2230479070661,629.189688808456,63.966640901389894,0.23596850985957052,23.59685098595705,0.15691510133758882,0.1724444858716574,0.15240055266183936,-0.20243463176422327,Tokyo,533944934,random_forest,-0.3550802195559853,-0.24276032216113427,32.99791661898295
639.3245441628263,707.0690562600502,67.74451209722372,0.4552130162308841,45.52130162308841,0.2132128023110156,0.18262906093882733,0.19155630508226748,0.1430523642473177,Tokyo,533944941,random_forest,-0.3629845420263184,-0.6742658582079392,21.03249994913737
639.7774757744495,679.3022736795393,39.52479790508976,0.2826615819118053,28.266158191180526,0.1449606448907714,0.10655293693523099,0.13793807014080595,-0.12885536875383774,Tokyo,533944942,random_forest,-0.21188309499303096,-0.1562359174797451,26.307083288828533
721.4549645417306,700.6362284931448,-20.81873604858575,0.1435021368532559,14.350213685325592,0.027708576471450863,-0.05612419510867427,0.024150219652791276,-0.34814377618369846,Tokyo,533944943,random_forest,-0.9370059670000953,-1.1158596665359137,23.78874985376994
650.9215562706358,727.7779536142884,76.85639734365259,0.30199293231204666,30.199293231204663,0.16601600138295125,0.2071933392016839,0.15783066270673637,-0.09839289428109195,Tokyo,533944944,random_forest,-0.3171128145680536,-0.24565482654786974,25.802499930063885
506.2650069764465,643.9814103890969,137.7164034126504,0.44355481249741313,44.35548124974131,0.29559858120839894,0.37126280273492124,0.28345858795157003,0.12468128688975788,Tokyo,533944951,random_forest,-0.32494989337935065,-0.297178573096452,39.176666577657066
1159.9528215323023,669.3706835718411,-490.5821379604611,-0.3618411034851732,-36.184110348517315,-0.49862122582021895,-1.3225359869814899,-0.47789692466904166,-1.1444671183228914,Tokyo,533944952,random_forest,-0.7326858539119296,-0.6623706666982669,35.50791668891907
449.51900826905097,700.5527306628906,251.03372239383964,0.6988927724943671,69.88927724943672,0.4723385421657212,0.6767493272217994,0.45132772763806117,0.5270445945370641,Tokyo,533944953,random_forest,-0.6077544867758065,-0.11945632331551709,36.624166329701744
622.7615487391193,673.0994649732918,50.33791623417252,0.19590915128022315,19.590915128022313,0.13566504693181117,0.13570348485602318,0.13270424705775005,-0.26556044361142367,Tokyo,533944954,random_forest,-0.487400916413706,-0.20587393564813586,33.00374960899353
698.1101985793298,679.3697857091202,-18.74041287020955,0.09831367325945706,9.831367325945704,0.030388561827345395,-0.050521347015982786,0.029257816603659902,-0.41935206687152915,Tokyo,533944961,random_forest,-0.4364581627061959,-0.5337614760160154,25.145833492279053
802.4386302803379,622.3994102974674,-180.0392199828706,-0.10245228565613067,-10.245228565613067,-0.19705688693695958,-0.48535877903205243,-0.18920899424140777,-0.7357204411360636,Tokyo,533944962,random_forest,-0.38648120445309775,-0.32683023480529433,31.606666405995686
862.41678718638,669.4499379157722,-192.9668492706077,-0.15950052583087793,-15.950052583087794,-0.22367214394189025,-0.520209731882615,-0.2173904822208095,-0.8256174490562455,Tokyo,533944963,random_forest,-0.3466146824496679,-0.37967489357789797,27.268749793370564
439.8675892857143,639.0110962603384,199.1435069746241,0.6561581244373109,65.61581244373109,0.4172781868717537,0.5368610761952907,0.3947650777848483,0.4597030431923844,Tokyo,533944964,random_forest,0.6911026054382171,0.914399528441979,42.076250076293945
548.6660408346135,658.7513144360602,110.0852736014467,0.43791774063311517,43.79177406331152,0.23682177247661754,0.29677341409105834,0.21886571385788187,0.11579835040514136,Tokyo,533944971,random_forest,0.8051236373703391,0.7407394545785003,35.90999960899353
839.0185939591169,630.9760657775244,-208.04252818159247,-0.10236288391184527,-10.236288391184527,-0.2021865615397954,-0.5608515048808039,-0.19494108677702537,-0.7355795612545899,Tokyo,533944972,random_forest,-0.2426570089953292,-0.13630960204586048,29.201666831970215
736.0248930521261,592.6615217710902,-143.3633712810359,-0.11813628930542928,-11.813628930542928,-0.18362545734880065,-0.3864861825634586,-0.17887287705942276,-0.7604354015969348,Tokyo,533944973,random_forest,-0.07087041095975005,0.16048768467050015,45.6449998219808
672.9142383192524,653.576461807587,-19.337776511665503,0.10802945058356732,10.802945058356732,0.022609461499996614,-0.052131749947537276,0.02231112496633458,-0.4040418783647347,Tokyo,533944974,random_forest,-0.521005300755601,-0.2749924711925851,34.1479164759318
511.42593938812087,654.4569974048204,143.03105801669957,0.418370465666624,41.8370465666624,0.28654386243990315,0.385590315761493,0.27591898615898525,0.08499562052078496,Tokyo,533944981,random_forest,-0.10023694809638271,0.3569372909099524,38.33916640281677
765.1203344214028,645.5032392422473,-119.61709517915561,-0.02953186988167114,-2.9531869881671144,-0.11277564513139127,-0.32246977782418457,-0.10874955125473235,-0.6208119501056726,Tokyo,533944982,random_forest,0.018519336600899394,0.3484077380045773,41.74166655540466
775.778205104437,641.2546807522955,-134.52352435214158,-0.07216646603700345,-7.216646603700345,-0.14180843453050485,-0.36265527887121524,-0.13565449718298966,-0.6879958389777826,Tokyo,533944983,random_forest,0.21850151561580558,0.22202966129104368,30.96875
1531.7463491743472,657.8329620745561,-873.9133870997912,-0.5181510445768553,-51.81510445768553,-0.8162458936790983,-2.3559396368351067,-0.7468974616020718,-1.3907813949645436,Tokyo,533944984,random_forest,0.4822601285222157,0.5548847377211803,33.796666940053306
543.1154143625192,642.7810817893529,99.6656674268337,0.3755502382638966,37.555023826389665,0.22531505052406212,0.2686837160164602,0.21268685384054523,0.017519212656569423,Tokyo,533944991,random_forest,0.24423729740229347,0.4613976343076467,38.89625000953674
845.824895639114,655.8392998163949,-189.985595822719,-0.1118131436920654,-11.18131436920654,-0.2082815591912884,-0.5121727189829256,-0.19607693995756204,-0.7504713453956594,Tokyo,533944992,random_forest,-0.7724503933508665,-0.6687160864942273,41.977083365122475
646.3980695084485,651.5828166789324,5.184747170483888,0.16277223520453782,16.277223520453784,0.0626611011529666,0.013977302037274819,0.05932985716271877,-0.317777823109572,Tokyo,533944993,random_forest,-0.69471071813548,-0.3156627832669478,38.01875034968058
334.22659930235534,608.0083245268022,273.78172522444686,1.0616493898399284,106.16493898399284,0.6562014940545067,0.7380745366974439,0.6152126266256597,1.0986789587649661,Tokyo,533944994,random_forest,-0.6980230759872249,-0.1613447626789585,43.10624965031942
594.5386943804403,590.4785893420905,-4.060105038349849,0.0906477239869058,9.06477239869058,0.03026795940712142,-0.010945435246513818,0.02997224372834462,-0.4314321222835681,Tokyo,533945001,random_forest,0.11788389655709826,0.4515210227199932,45.6004167397817
334.6644825908858,610.885975735027,276.2214931441412,1.1990315895432893,119.90315895432893,0.6862775297069484,0.7446517856920635,0.6318531943409208,1.315166770781505,Tokyo,533945002,random_forest,0.42625635256810135,0.7163169425309793,45.17375008265177
913.5587882843812,637.5605073665744,-275.9982809178068,-0.21445850361718757,-21.445850361718755,-0.3184822274915144,-0.7440500389523864,-0.3043637084588597,-0.9122206071764504,Tokyo,533945003,random_forest,-0.667358987177483,-0.6966768699632836,34.4449999332428
473.14508960573477,644.3143594715472,171.16926986581234,0.6192917242335022,61.929172423350224,0.36994655837658347,0.46144672165199824,0.3455425717729504,0.40160871704036705,Tokyo,533945004,random_forest,-0.31189272167612553,-0.34248715876012176,34.693750063578285
416.9927464157706,590.426322355563,173.43357593979235,0.5168139704293999,51.68139704294,0.3658640490056791,0.46755095178322387,0.35357360791091796,0.24012357013398147,Tokyo,533945011,random_forest,0.22468199626685456,0.5323645476492042,49.51083326339722
1380.672430907578,663.4060640069059,-717.2663669006721,-0.4494108763535942,-44.94108763535942,-0.6823887503334888,-1.9336427258060134,-0.632158020314853,-1.2824601666799846,Tokyo,533945013,random_forest,-0.48882478057723916,-0.5121019396372233,43.057499726613365
545.3472855676404,649.5922503016865,104.2449647340461,0.35554603351534536,35.55460335153453,0.22761636734184643,0.2810288158789504,0.21867677972895194,-0.014003550310507814,Tokyo,533945014,random_forest,-0.6463545979400005,-0.2825584421051655,42.48833314577738
559.8441249823437,611.2964576215144,51.45233263917066,0.17778226300049568,17.778226300049564,0.10488521294830926,0.13870778461756764,0.10089221428808785,-0.2941249184183476,Tokyo,533945021,random_forest,0.1819226336387277,0.5167933610180124,52.17416652043661
528.1972811004731,523.4759538984181,-4.721327202055105,0.093520462662475,9.352046266247502,0.022243527025321324,-0.01272799119224303,0.020020550940576008,-0.4269052409866307,Tokyo,533945022,random_forest,0.1930119571941923,0.38232875511107883,60.22000010808309
395.19286523937535,657.549245885825,262.35638064644974,1.2175451765169794,121.75451765169794,0.6275576341027325,0.7072735184808311,0.563154357824945,1.3443406080411073,Tokyo,533945023,random_forest,0.00046702320362661606,0.23480390660497916,39.6158332824707
569.866252016129,570.1667967693027,0.3005447531736512,0.09825080975374907,9.82508097537491,0.025360484693235597,0.0008102236527059691,0.022659690950762205,-0.41945112761473896,Tokyo,533945024,random_forest,0.1278620736187234,0.5172741426423657,54.739583333333336
809.1766266961085,510.95295404263203,-298.22367265347657,-0.3230737479225435,-32.30737479225435,-0.44342364732009304,-0.803966367168872,-0.4245065886163748,-1.0833772536858242,Tokyo,533945031,random_forest,0.07333677530852041,0.19121401002894486,66.03833341598511
986.3320917262076,574.9222190473193,-411.40987267888835,-0.3391846900808973,-33.91846900808974,-0.5071859347199024,-1.1090994145839759,-0.47547869370585955,-1.1087649867758314,Tokyo,533945032,random_forest,0.10563353555681743,0.14819143109335978,55.55166641871134
535.9360167249324,531.5313542580813,-4.404662466851256,0.057088293061218674,5.708829306121867,0.00961558947440048,-0.011874310481697457,0.009635090713974458,-0.48431530357859315,Tokyo,533945033,random_forest,-0.12810865095810947,0.39634436879093915,70.18499994277954
534.8939153545826,524.8143700353285,-10.07954531925421,0.08567934321645183,8.567934321645183,-0.018398721492067116,-0.02717294492731594,-0.019488326705425333,-0.43926133075877866,Tokyo,533945034,random_forest,0.20786042738209537,0.5639215593203493,62.91916688283285
560.4482351510496,617.5215096038237,57.07327445277405,0.2842721345147706,28.42721345147706,0.1593573002416128,0.15386100209940476,0.1514441499605287,-0.12631744892211025,Tokyo,533945041,random_forest,-0.2953327388451131,0.08716873281333384,46.62374973297119
507.20412950015003,615.1007373754261,107.89660787527605,0.4649790053994726,46.49790053994726,0.26592182973162753,0.2908730990115742,0.24805993263991707,0.15844167692283181,Tokyo,533945042,random_forest,-0.27769194280208476,0.18206245664888315,48.52416674296061
805.3754837904108,595.4986610992704,-209.87682269114052,-0.18663309499649847,-18.663309499649845,-0.27259682106130784,-0.56579648822179,-0.2637906040624147,-0.8683731375350703,Tokyo,533945043,random_forest,-0.2981322338977305,-0.09470020022115035,51.006666819254555
980.2621434011776,619.4014761522633,-360.86066724891435,-0.30036003586164767,-30.036003586164767,-0.4305036923907224,-0.9728263256933061,-0.41024486987438086,-1.0475848305228928,Tokyo,533945044,random_forest,-0.5394841697545931,-0.11799363757438318,48.5
330.3469570655599,446.36812102285444,116.02116395729452,0.4887415513658861,48.874155136588605,0.3273356679892995,0.3127756856841954,0.3140215810535542,0.19588685974359743,Tokyo,533945062,random_forest,-0.1599197572902317,0.10737798349488678,80.82749938964844
249.38990317011553,501.71456956449157,252.32466639437607,1.2066823974926597,120.66823974926598,0.7244915557995674,0.6802295189486838,0.6746889084395807,1.327222966392685,Tokyo,533945081,random_forest,0.41296292461476575,0.8189362727074311,68.47125021616618
732.6125145289299,622.1489398311996,-110.46357469773024,-0.03208433769960133,-3.208433769960133,-0.10515970979881666,-0.29779325720199906,-0.10162156631677033,-0.624834146389758,Tokyo,533945101,random_forest,-0.6161065025818608,-0.5320949694304881,36.67083319028219
928.4224297852993,625.7541895150476,-302.6682402702517,-0.22809107348453814,-22.80910734845381,-0.34907228303142473,-0.8159482559595957,-0.33497971045629166,-0.933702904221612,Tokyo,533945102,random_forest,-0.27241959733806254,-0.3081073197436418,38.958750089009605
772.9652613364497,634.4982690879789,-138.46699224847072,-0.0725786958198728,-7.25786958198728,-0.1560337426124956,-0.373286277847419,-0.1527415461457042,-0.6886454334953703,Tokyo,533945103,random_forest,-0.2040152316919422,0.09151398052760851,40.82291650772095
925.6365392841694,652.3903634557297,-273.24617582843956,-0.1264135889697928,-12.641358896979279,-0.2680415142557684,-0.736630775715908,-0.2548062214886801,-0.7734788271470604,Tokyo,533945104,random_forest,-0.4167343418792356,-0.13234648439919097,36.80000034968058
746.9979922235024,632.2910317147306,-114.7069605087717,-0.02574088873680848,-2.5740888736808483,-0.10892719085760676,-0.30923278996827613,-0.10580636822072668,-0.6148380960312775,Tokyo,533945111,random_forest,-0.16492427775340568,0.10905699235518718,42.45666662851969
952.7796481165141,660.6002278152006,-292.17942030131337,-0.22850806031713766,-22.85080603171377,-0.3212491430347398,-0.7876719678591736,-0.30985037902623613,-0.9343599949307728,Tokyo,533945112,random_forest,-0.22946605628343464,-0.046979303228983235,40.35666664441427
822.3235365540636,662.7307429090664,-159.59279364499722,-0.03262010337691453,-3.262010337691452,-0.14739551922836028,-0.43023827515593477,-0.14323797806795002,-0.6256784096166209,Tokyo,533945113,random_forest,-0.2672230526622352,-0.06995308435805345,30.0995835463206
785.3346387575701,683.300924794506,-102.03371396306407,0.0008755530649462509,0.08755530649462528,-0.08317214042558274,-0.27506761490041004,-0.08185934878583333,-0.5728957245903691,Tokyo,533945114,random_forest,-0.19549125716316426,0.08599063912606898,30.922083218892414
975.1148749503417,619.7726095538966,-355.3422653964451,-0.3065793432995551,-30.657934329955513,-0.4148739098488154,-0.9579495405929399,-0.4006529685380531,-1.0573852578154967,Tokyo,533945121,random_forest,-0.19368468245138645,-0.20089382157246363,37.28083308537801
555.5441178613363,665.3554587588693,109.81134089753307,0.3160510647062266,31.60510647062266,0.22535523183899556,0.29603493253842156,0.2188094074822421,-0.07623999288901741,Tokyo,533945122,random_forest,-0.22409579129135704,0.12372052312669637,43.19374974568685
427.33187429595495,659.1704978192405,231.83862352328552,0.7681343826879475,76.81343826879476,0.48600431398328875,0.6250022148309654,0.4580950093391564,0.6361559985157237,Tokyo,533945123,random_forest,0.032542075504954526,0.294525540627293,40.52750047047933
375.3769871031746,647.9144881613068,272.5375010581322,0.9284444279235656,92.84444279235656,0.5786291613931086,0.734720294648061,0.5434954798250579,0.8887736666872014,Tokyo,533945124,random_forest,-0.29440200178330567,0.2024940590107966,45.91458320617676
541.4588365335381,622.5899419474177,81.13110541387958,0.2603855710665267,26.03855710665267,0.17456412178738348,0.2187173120887095,0.17000187043019063,-0.16395805934085614,Tokyo,533945131,random_forest,0.25881184551488196,0.5365517060056315,44.76749960581461
320.6494423917209,587.27384578662,266.624403394899,0.962246469231239,96.2246469231239,0.6226556095929695,0.7187794687413657,0.5894553144909435,0.9420391550851999,Tokyo,533945132,random_forest,-0.031078107844291613,0.5303037028134434,49.77625020345052
478.4753019713262,615.6137177084448,137.13841573711875,0.5535335253406298,55.35335253406297,0.3292237615704894,0.36970463450625246,0.30730570288645337,0.2979864964673618,Tokyo,533945133,random_forest,-0.05156137904206619,0.14209779305986162,42.38875023523966
512.4063173323093,656.9015984316643,144.49528109935505,0.4586577364036351,45.86577364036351,0.30406987024885196,0.3895376419479529,0.29111838320901195,0.1484805779083183,Tokyo,533945134,random_forest,0.04628468586509681,0.3177106518467191,42.441250006357826
468.24776222478243,556.247923122431,88.00016089764851,0.2968148525105938,29.68148525105938,0.20376255576517918,0.23723525713991953,0.1966335730439265,-0.10655254792679011,Tokyo,533945141,random_forest,0.23941738890350053,0.6536330472649321,56.198333422342934
530.1038848246288,550.9333740135654,20.829489188936677,0.28815496001746993,28.81549600174699,0.11905061754922035,0.0561531839649467,0.10850013319622148,-0.12019886587906391,Tokyo,533945142,random_forest,-0.20343211525786487,0.25749958447351173,54.41083335876465
759.8039471326165,618.8380892317778,-140.9658579008387,-0.09219241531232099,-9.2192415312321,-0.16662899743271029,-0.3800228454803705,-0.15853881349450674,-0.719552867119192,Tokyo,533945143,random_forest,0.22556467240099648,0.5616643927541383,45.441666762034096
265.620788925611,577.4576514488095,311.8368625231986,1.3832786641331456,138.32786641331455,0.8028558040160094,0.8406654886965503,0.7416968006580036,1.6055045738923268,Tokyo,533945144,random_forest,-0.17103970900814972,0.3109082356243447,51.76041634877523
655.0265579293756,550.8221681082143,-104.20438982116123,-0.08781003228510387,-8.781003228510388,-0.15020681806206929,-0.28091943198926783,-0.14552223874692038,-0.7126470779046563,Tokyo,533945151,random_forest,-0.25285217040258273,0.1867839675781032,58.1504168510437
337.3843497692776,458.16256755832984,120.77821778905225,0.5525516659312195,55.25516659312195,0.3516022597731608,0.3255999905206158,0.3335706779968853,0.2964392756795883,Tokyo,533945154,random_forest,0.042103514580407585,0.4857356600092864,69.94041728973389
342.13309178408105,565.0455971469966,222.91250536291554,0.8043033545045075,80.43033545045076,0.538604679283562,0.600938736816424,0.513847321037563,0.6931513122344002,Tokyo,533945162,random_forest,0.24953071488788586,0.6282103028782627,59.09458382924398
963.9264390956884,674.6624676701771,-289.2639714255112,-0.1194527894583987,-11.945278945839869,-0.26544855421581903,-0.7798123542326296,-0.2506432118428676,-0.7625099515622955,Tokyo,533945201,random_forest,-0.5331803848360719,-0.17160602190836807,33.82166655858358
712.5675882296467,638.0858515598003,-74.4817366698464,-0.01574227315809259,-1.5742273158092583,-0.07061981229163317,-0.20079160959319275,-0.06858989632254604,-0.5990822090640832,Tokyo,533945202,random_forest,-0.8062577980730932,-0.7490474883403188,29.179583470026653
691.180087382144,677.7150280272575,-13.465059354886685,0.19756332023067077,19.756332023067078,0.06566431589659409,-0.03629978383989729,0.05907323708513065,-0.26295379284035336,Tokyo,533945203,random_forest,-0.7149457259799931,-0.7122021493771034,28.34375015894572
867.7140783730159,711.6122143872617,-156.10186398575414,-0.10223182227057946,-10.223182227057947,-0.15591004537152395,-0.420827251506431,-0.1526893541798976,-0.7353730334218853,Tokyo,533945204,random_forest,-0.8540289258182594,-0.7501445334568532,26.930416742960613
514.5251647818563,664.7365969962151,150.21143221435872,0.5362012240013098,53.62012240013098,0.3144226965789035,0.40494752945026957,0.29369379630473497,0.27067413720784606,Tokyo,533945212,random_forest,-0.09887873055530304,-0.1666082547105476,26.5608332157135
622.4994139784947,674.4719658823586,51.97255190386394,0.2835382507931912,28.353825079319122,0.14215646527583678,0.14011021786052716,0.13204805608913553,-0.1274739079211824,Tokyo,533945213,random_forest,-0.20019363031392512,-0.2648715815546944,29.695000171661377
514.0403240847414,668.3522126306308,154.31188854588936,0.4885055202146429,48.85055202146429,0.3139975245752617,0.4160017457412273,0.29847353293283646,0.1955149202375281,Tokyo,533945214,random_forest,-0.08162409382563222,-0.03185032042546057,29.55874999364217
229.9369223310292,612.8436288085401,382.906706477511,1.8212923368823268,182.1292336882327,1.0008570471574323,1.0322591464059399,0.9118843986609885,2.2957295218953884,Tokyo,533945221,random_forest,-0.45629177854999586,0.03406442321537056,39.84250020980835
535.4836293522785,635.1082567353216,99.62462738304295,0.35663227295939115,35.66322729593912,0.21326786695800823,0.26857307820350146,0.20151498972463996,-0.01229184674865415,Tokyo,533945222,random_forest,1.1767862530244726,1.3625148893947394,45.46458355585734
837.1936222478239,626.6224638449572,-210.57115840286667,-0.20852564791867775,-20.852564791867774,-0.26810265702986563,-0.5676683133347505,-0.2620872275481757,-0.9028715724983513,Tokyo,533945223,random_forest,-0.39672106063074253,-0.019976175210819534,40.16874980926514
384.5177206419831,643.9546817090434,259.4369610670602,0.8531508423780582,85.31508423780582,0.5464959022259931,0.699403200431966,0.516427466501624,0.7701255184640496,Tokyo,533945224,random_forest,0.293877732566799,0.47314224757138346,41.867500146230064
596.3983288100516,636.7337754239917,40.33544661394007,0.25117974330480947,25.117974330480944,0.12405074505918186,0.1087383244723961,0.1152686593298311,-0.17846466583164244,Tokyo,533945231,random_forest,0.4098155255690489,0.6805601651418526,45.17583338419596
361.38214487216834,625.858205740416,264.4760608682476,0.9434919719050741,94.34919719050741,0.5913508999358547,0.7129878589700205,0.555834730570551,0.9124856896407815,Tokyo,533945232,random_forest,-0.04478299123807033,0.2908053398083175,44.668750286102295
371.72195396033317,629.9689109910562,258.246957030723,1.0420464246423682,104.20464246423681,0.6092781080808914,0.6961951277343906,0.5643544046179647,1.067788471832747,Tokyo,533945233,random_forest,0.1516887823358378,0.5053070543969342,45.285416762034096
557.5535927739376,638.9510880970196,81.39749532308208,0.3236309687414513,32.36309687414513,0.19116654540437428,0.21943545939622,0.18040275262868877,-0.06429552815177839,Tokyo,533945234,random_forest,0.45419171777970785,0.7903018496176637,47.95333353678385
635.2056215117767,631.9203869652583,-3.2852345465184434,0.16509587555827146,16.509587555827146,0.06331075687323968,-0.008856500425206333,0.06067945319940688,-0.31411621471212814,Tokyo,533945241,random_forest,-0.049157405743280855,0.2377421187004376,47.21666701634725
429.80576520097287,566.5748418481362,136.76907664716336,0.49232407399636163,49.232407399636166,0.32108490391552114,0.36870895162245293,0.3067953927557034,0.20153222346208513,Tokyo,533945242,random_forest,0.16222190330837133,0.570836417259365,54.90624984105428
658.1006483493564,598.0292664569852,-60.071381892371214,-0.0015351153662281636,-0.15351153662281583,-0.0724140641814925,-0.16194345083712,-0.07214816481675437,-0.576694472428802,Tokyo,533945243,random_forest,0.13904424795222295,0.490200667089853,53.365833600362144
458.40521847798254,518.480418078506,60.07519960052334,0.29856645898588546,29.85664589858855,0.17014643561693063,0.16195374280665634,0.16280465615334216,-0.10379235443615834,Tokyo,533945244,random_forest,0.4567601758659514,0.8278117815046849,61.27666680018107
359.54286399129546,468.0892027180298,108.54633872673436,0.35683447708947585,35.68344770894758,0.2590725212532164,0.29262467610012904,0.2519759362861154,-0.011973212094402982,Tokyo,533945252,random_forest,-0.04670518899872178,0.457933112171364,111.76208432515462
358.490971900504,492.2937326128977,133.80276071239373,0.5876177131150886,58.76177131150886,0.37365736931296967,0.36071220802147486,0.3532020326733199,0.351696593201771,Tokyo,533945271,random_forest,0.004900772149784747,0.47223079699127457,67.13333352406819
636.8987498079877,530.0335052866517,-106.86524452133602,-0.09850396194553634,-9.850396194553637,-0.15365279979346502,-0.28809269783979424,-0.14998904826471296,-0.7294986455680409,Tokyo,533945272,random_forest,0.10048519497281276,0.415037577502994,67.56250015894572
573.1614190348182,501.4654582279497,-71.69596080686856,-0.018522506975761438,-1.8522506975761435,-0.10262380552729729,-0.19328157499272883,-0.0972446849611402,-0.6034633205718413,Tokyo,533945281,random_forest,-0.08275052600254788,0.16395690109864852,77.49541584650676
441.84995671667815,546.2712754072987,104.42131869062054,0.3358764864694341,33.58764864694341,0.2278557031491788,0.28150423973964356,0.21926873343344702,-0.044998957375761955,Tokyo,533945283,random_forest,-0.08718927240676357,0.3305846635933592,65.70125007629395
486.63234332790404,614.9510865221501,128.31874319424617,0.5622149135494459,56.22149135494458,0.30845557816399893,0.34592811793792677,0.28528607310795107,0.31166668751577153,Tokyo,533945301,random_forest,-0.7273445405769722,-0.8771023055397401,31.00749985376994
530.2402601027155,633.4599759751293,103.2197158724137,0.3569719333975167,35.69719333975167,0.23008058446229637,0.27826489846288266,0.2214013308849587,-0.01175660750196023,Tokyo,533945302,random_forest,-0.1928659813107897,-0.20336746142036144,32.70416657129923
1265.5386853558628,641.8479536061235,-623.6907317497393,-0.4373728110981558,-43.73728110981558,-0.6374240826244901,-1.6813768249188248,-0.6003164761163157,-1.2634905009322437,Tokyo,533945303,random_forest,0.23465410363087724,0.3577409621579926,38.452083110809326
728.7856565220173,663.6382970007302,-65.14735952128721,0.009190339240624006,0.9190339240624003,-0.04456228390432404,-0.17562752647685606,-0.042375858846542123,-0.5597932275387528,Tokyo,533945304,random_forest,-0.5173496337066069,-0.1345823161697562,41.99875013033549
950.5284550371224,612.2734797830618,-338.2549752540605,-0.2899082509556852,-28.990825095568514,-0.39813979920539744,-0.9118847649220428,-0.38309505582524594,-1.0311148362234497,Tokyo,533945311,random_forest,0.009848640000977604,0.09290512224799112,35.305833419164024
930.8252303054982,623.5296686931032,-307.29556161239503,-0.2515142028621434,-25.151420286214336,-0.35801187090715086,-0.8284228214294157,-0.34174344894136716,-0.9706132320551094,Tokyo,533945312,random_forest,-0.22492397554092952,-0.043218282731146695,38.017083485921226
1089.919098321327,644.9953040333365,-444.92379428799046,-0.34165299981964714,-34.165299981964715,-0.4753600648127931,-1.1994479290594182,-0.45492148702840773,-1.1126545661818596,Tokyo,533945313,random_forest,0.12816924424027107,0.3907107265972021,41.402499993642174
685.0153766001025,616.9852194775895,-68.03015712251299,0.06218686851255854,6.218686851255853,-0.04637078894331981,-0.18339911715615687,-0.046714175564153367,-0.4762809334327874,Tokyo,533945314,random_forest,0.2550206970410135,0.5600535692677674,43.72708304723104
487.9497542882744,630.2889646048615,142.33921031658699,0.4643451399574004,46.43451399574004,0.3155022136918777,0.38372519795530197,0.30215106671471686,0.1574428274142098,Tokyo,533945321,random_forest,0.4893985179335634,0.7627162026905225,43.830000241597496
610.3303514784947,622.5720456580731,12.241694179578515,0.13749398714569339,13.749398714569338,0.062451626353651944,0.033001774506961935,0.06070640961122181,-0.35761145967738617,Tokyo,533945322,random_forest,0.19468840380441818,0.3198126026380438,44.424582958221436
260.6024851510497,595.1998414333488,334.597356282299,1.5025589166252347,150.25589166252345,0.853781102406892,0.9020243718450925,0.7842883208488782,1.7934672134085794,Tokyo,533945323,random_forest,0.25129652379640627,0.6316225969575772,54.74958292643229
743.806324404762,660.8887583837247,-82.91756602103719,0.06110741360299669,6.110741360299669,-0.06602884792266057,-0.22353334239122566,-0.06466170987175036,-0.4779819458786948,Tokyo,533945324,random_forest,-0.05557526073892076,0.32000804164313773,49.326249758402504
617.632198732719,617.9853641631647,0.35316543044581294,0.10114198845129557,10.114198845129557,0.037648935542922625,0.000952081119512826,0.03526547715197975,-0.4148951884047675,Tokyo,533945331,random_forest,-0.12678235361173096,0.27786307155676565,46.31208356221517
552.2364939198561,619.4360608800421,67.19956696018602,0.2247076103733275,22.47076103733275,0.14771412314262203,0.18115997044633778,0.1428917289621505,-0.22017963436557028,Tokyo,533945332,random_forest,0.6684700796201215,0.9205886182692963,49.152083237965904
650.8145952060931,561.3267009631553,-89.48789424293784,-0.014620264607742668,-1.4620264607742663,-0.09601945157689258,-0.24124596347414828,-0.0924773110369047,-0.5973141402993263,Tokyo,533945333,random_forest,0.42207370085439505,0.737285890641671,54.94000005722046
500.9684600989636,590.86392519517,89.89546509620641,0.2870370134941957,28.703701349419564,0.1772517043998351,0.24234471346723477,0.16968648575604292,-0.12196053367371064,Tokyo,533945334,random_forest,0.37752879792722355,0.7163929143742428,52.879583517710365
644.5599298515104,556.9267449221363,-87.6331849293742,-0.015020142128485625,-1.5020142128485616,-0.1029891581654115,-0.23624594487833186,-0.10087136928025014,-0.5979442700375832,Tokyo,533945341,random_forest,0.1885343675707214,0.5893184780023077,54.363333543141685
382.1471738031234,475.7735415209795,93.62636771785613,0.36322902121967154,36.322902121967154,0.2464340429805443,0.25240266829120966,0.23837905118334698,-0.001896645620883345,Tokyo,533945342,random_forest,0.39784363806486833,0.8204111090767344,66.07708326975505
365.6672742630701,614.7783246793603,249.11105041629017,0.8596243433692021,85.96243433692023,0.5433145525207441,0.6715660914602174,0.5118485784993209,0.7803265057002831,Tokyo,533945343,random_forest,0.19564407194138067,0.5948168541237606,50.81708319981893
306.7518649469428,541.5869423881055,234.83507744116272,1.0212499511455924,102.12499511455923,0.608223294789977,0.6330802059217125,0.5655186793807717,1.035017246341394,Tokyo,533945344,random_forest,0.2671743342566748,0.730383680860951,59.2549999554952
457.51826491626497,469.14209755277903,11.623832636514093,0.11897048069592843,11.897048069592843,0.04892519448161307,0.03133611230190939,0.04826090368956958,-0.3868009281153832,Tokyo,533945353,random_forest,0.9060869229299544,1.1973818976601938,69.61833318074544
471.9367563589162,514.1622014189961,42.22544506007983,0.1382317528554169,13.823175285541689,0.08918151891232151,0.11383347728564507,0.08684511555717396,-0.35644888341478637,Tokyo,533945364,random_forest,1.6401549719595214,1.8248999874671572,181.59499994913736
644.3989641683735,539.6557817911865,-104.7431823771869,-0.09886868902709477,-9.886868902709478,-0.16037275655241057,-0.28237193604460126,-0.15564309691228492,-0.7300733850032826,Tokyo,533945371,random_forest,0.2834172961008943,0.616553915724799,62.94041713078817
259.3734839735931,565.6464539236184,306.27296995002524,1.290654300804793,129.0654300804793,0.7804946707731295,0.8256660674246863,0.7280021687968837,1.4595464672403962,Tokyo,533945372,random_forest,1.5141917852168085,1.7390776715641287,58.53333330154419
734.7978611287673,587.7240962428499,-147.07376488591743,-0.14805657200154218,-14.80565720015422,-0.19671221222027793,-0.39648884814912916,-0.19220617305598184,-0.8075839881662566,Tokyo,533945373,random_forest,0.6168795520414149,0.867928019991447,55.07416693369547
200.4523997033741,593.520258504282,393.0678588009079,2.191440565022628,219.14405650226277,1.1071323829151476,1.0596520915970589,0.9865091865098088,2.879011637081465,Tokyo,533945374,random_forest,2.327836550708511,2.3882573976453454,51.36541668574015
398.53304280231026,623.1568330321187,224.62379022980846,0.7278938964099124,72.78938964099125,0.476977966302024,0.6055521045795713,0.4546028771130625,0.5727447643993416,Tokyo,533945383,random_forest,-0.18136996109654396,0.3626392375361591,51.36833381652832
769.6196080885729,599.0991788980308,-170.520429190542,-0.15379065779125625,-15.379065779125625,-0.2296732207175597,-0.4596975443451563,-0.2234217919123622,-0.8166197998595526,Tokyo,533945384,random_forest,-0.23687252836119047,0.23957134749695086,53.21874984105428
992.334170890937,648.3478197596884,-343.98635113124857,-0.28197542816880344,-28.197542816880343,-0.38853689112514916,-0.92733569610354,-0.374037484119278,-1.0186142396981712,Tokyo,533945401,random_forest,-0.021245716038634982,0.29312276678786875,43.05999994277954
733.2177533980172,578.9691799988149,-154.2485733992024,-0.016692642058925875,-1.6692642058925875,-0.14812839009634296,-0.4158310575862067,-0.14527817119526973,-0.6005798068925807,Tokyo,533945402,random_forest,0.039872236230580255,0.38501694298134664,48.240833123524986
880.4920422382894,665.4469563473709,-215.04508589091847,-0.16173698157736216,-16.173698157736215,-0.2379796713867972,-0.579729351942257,-0.22858484940525517,-0.8291416713519548,Tokyo,533945403,random_forest,0.4386823587736845,0.5005016944926618,37.06416686375936
708.1369945155111,638.7100045208066,-69.4269899947045,-0.0005244324894638844,-0.052443248946389076,-0.06566856125450855,-0.18716476942583019,-0.06421205674453331,-0.5751018314235937,Tokyo,533945404,random_forest,0.306556008753231,0.542287985882713,42.613333225250244
1141.3633665205607,624.4478670124342,-516.9154995081265,-0.40105949508677824,-40.10594950867782,-0.5732787843567634,-1.3935267867072412,-0.54335411685874,-1.2062677286419268,Tokyo,533945411,random_forest,0.15460744015001224,0.33038649055429853,46.15416669845581
620.7716708368646,577.9415819952046,-42.830088841659936,0.025445631043231397,2.54456310432314,-0.04021400618430826,-0.1154635063848878,-0.039326435718479914,-0.5341780272898464,Tokyo,533945412,random_forest,0.2932010873443157,0.6217165572165685,52.63000011444092
479.6620706859032,652.0872053365136,172.42513465061052,0.5792468101590665,57.92468101590666,0.37095919368955316,0.46483234506581317,0.35184634767265527,0.3385056669430203,Tokyo,533945413,random_forest,0.5696051135677629,0.7195687009926232,41.0220832824707
586.5132070753218,590.486660894975,3.9734538196532276,0.1260342470519867,12.603424705198671,0.04317815349640175,0.01071183653556499,0.04060937557948527,-0.37566979667098194,Tokyo,533945414,random_forest,0.5496188958149272,0.8231126183562111,49.346666971842446
420.28017642729134,515.7905417802915,95.51036535300015,0.4492868505064653,44.92868505064652,0.26151124752098803,0.2574816438165412,0.2455617977421075,0.1337138716762495,Tokyo,533945421,random_forest,0.39710881887474414,0.7920535407234445,63.62749926249186
587.0549910692215,578.9382663805445,-8.116724688677026,0.1184143122787359,11.84143122787359,0.038678402336279616,-0.02188147440880056,0.03686351237902333,-0.3876773421196042,Tokyo,533945422,random_forest,0.16396108949760327,0.48510647318720107,52.12791633605957
516.0888188166648,574.5839841380464,58.49516532138161,0.30780603330101713,30.780603330101712,0.14802056742482247,0.1576942069753748,0.14181294293957022,-0.08923256989517656,Tokyo,533945423,random_forest,0.4090625923125381,0.75898624854463,56.34333324432373
500.20329718977877,627.9146901516812,127.71139296190235,0.4171789471849175,41.71789471849175,0.2622508801429097,0.34429079265267354,0.24876874159514897,0.08311801752972148,Tokyo,533945424,random_forest,0.533580748249574,0.743744850781638,52.51833311716715
439.97356410471343,497.5772475423876,57.603683437674164,0.25117869461082515,25.11786946108251,0.1482170231030345,0.15529090530229153,0.14261276981755436,-0.1784663183708115,Tokyo,533945431,random_forest,0.6429567767146659,0.9733181818168122,84.69375069936116
734.7412621276727,518.8661517559591,-215.8751103717136,-0.19990106894481638,-19.990106894481638,-0.30387811313450086,-0.5819669736593683,-0.29037530548799423,-0.8892809018317975,Tokyo,533945432,random_forest,0.3130671212396694,0.5181418870714486,69.81458361943562
599.0903221966206,516.5515540550974,-82.53876814152322,0.004065727079249029,0.40657270792490213,-0.10327899916347438,-0.22251216002708119,-0.1002201288446311,-0.5678686265107077,Tokyo,533945434,random_forest,0.41814984654439674,0.6127677882949816,79.17833391825359
564.7856488084203,635.1340326230251,70.34838381460476,0.21866944229011934,21.866944229011935,0.13245108720483223,0.18964870920004728,0.1277321685876107,-0.22969462102136962,Tokyo,533945441,random_forest,0.6897212358885284,0.8575592166896399,47.36458349227905
561.5834865911419,543.6294850150231,-17.95400157611871,0.19557775756537557,19.557775756537556,0.04615653834385917,-0.048401299919837514,0.037920193912602554,-0.26608265609890963,Tokyo,533945442,random_forest,0.46466892928883435,0.7997020388573792,57.166666666666664
854.4198481988365,578.679680288417,-275.7401679104194,-0.08539113824701776,-8.539113824701776,-0.264427807834582,-0.7433542049328338,-0.24736697882924485,-0.7088353680984674,Tokyo,533945443,random_forest,0.4029387534971463,0.5715752515442519,46.21541706720988
608.6938037634409,516.4608840848042,-92.23291967863668,-0.08478701729569121,-8.478701729569122,-0.14641224428150748,-0.2486461410244036,-0.1414666617937777,-0.7078833901622542,Tokyo,533945444,random_forest,0.5222243416542531,0.926180578142546,57.1708337465922
375.4999097354644,539.9051860113835,164.40527627591914,0.5910597041290429,59.10597041290429,0.3780912416480784,0.4432120077353108,0.3584252110782691,0.3571205062356319,Tokyo,533945451,random_forest,2.646589707217563,2.5094690203163164,65.78458309173584
216.28015654727574,493.7416011357841,277.46144458850836,1.5158748336029244,151.58748336029245,0.8508795919277686,0.7479945091228489,0.7793253164416861,1.8144505266596294,Tokyo,533945452,random_forest,4.298924058234831,3.9022151678568586,86.00833320617676
531.6357089788919,467.48224096139967,-64.15346801749223,-0.004438764805166153,-0.4438764805166156,-0.06936051315131375,-0.17294814380224685,-0.06953162875901985,-0.5812700631185422,Tokyo,533945461,random_forest,4.809247698075651,4.206950727549207,81.96541738510132
272.9903759920635,579.3259600497778,306.33558405771436,1.3346910724530918,133.46910724530917,0.7948282747756915,0.825834865683538,0.7385920828566567,1.5289399138659194,Tokyo,533945471,random_forest,3.6090376507943533,3.330942244504538,47.09416675567627
663.3276925563235,570.0606396592799,-93.26705289704368,-0.04211470743302476,-4.211470743302477,-0.1154697804207927,-0.25143400933604293,-0.11236339393302021,-0.6406400717716081,Tokyo,533945472,random_forest,0.4068107289856581,0.6236834900648045,50.540000120798744
237.94098572700167,604.9048333358228,366.96384760882114,1.8105350171155765,181.0535017115577,0.9648248820262758,0.9892795860883387,0.8735693759934778,2.278778063667943,Tokyo,533945474,random_forest,0.9250444094128485,1.190144645228133,55.353333950042725
1065.517831669227,589.4708115584297,-476.0470201107972,-0.387451603104834,-38.7451603104834,-0.5575937524202533,-1.2833514856641042,-0.5295264809488222,-1.1848243191777497,Tokyo,533945481,random_forest,0.12354393261600463,0.29249342303233705,55.08291641871134
490.5105770845376,554.5804725233943,64.06989543885665,0.21063692167672918,21.06369216767292,0.14418464904772965,0.17272284464392462,0.14102553781109486,-0.24235232206506632,Tokyo,533945482,random_forest,-0.10239091098972024,0.28680397850499184,57.296666622161865
385.91367247328714,554.9735950580542,169.05992258476698,0.4946621080701051,49.46621080701052,0.36663087607999717,0.4557602372238822,0.3567380591865125,0.20521651358218612,Tokyo,533945483,random_forest,0.6110117638368802,0.9744517273013065,59.55916674931844
568.0821657695058,540.368786065464,-27.713379704041927,-0.017800404083901784,-1.7800404083901789,-0.042748042386951624,-0.07471112203932682,-0.04207032480524689,-0.6023254258849964,Tokyo,533945484,random_forest,-0.25079900726342436,0.218584363880812,60.603333155314125
228.28960014250106,549.7946291245657,321.5050289820647,1.5150001731475642,151.5000173147564,0.8910026492083563,0.8667294178137747,0.8256426366775124,1.8130722307184728,Tokyo,533945493,random_forest,-0.41732445534043755,0.23741792116880672,61.73416678110758
627.2527648257765,629.5369445067037,2.284179680927288,0.18275495269342332,18.27549526934233,0.0663100252251267,0.006157806399795393,0.06084343960942374,-0.2862889199135663,Tokyo,533945501,random_forest,0.04783427608812828,0.02583515290229232,32.711666425069176
686.8102699372761,690.240123305141,3.429853367864889,0.1555130288447561,15.55130288447561,0.07184427824381245,0.009246371113162245,0.06993126641562124,-0.32921693025153775,Tokyo,533945502,random_forest,0.08660228559625349,0.30914250547129063,36.02583328882853
954.1023933746933,634.1859002363417,-319.91649313835154,-0.23929904022621487,-23.92990402262149,-0.35593849594618526,-0.8624469630373842,-0.340669573333137,-0.9513644950412294,Tokyo,533945503,random_forest,-0.0802211483297038,-0.08622497989750537,32.71291700998942
1101.673426267281,674.9811030140145,-426.6923232532666,-0.3426405886195965,-34.264058861959654,-0.4635869097351138,-1.1502986130258688,-0.446918317683584,-1.1142108153825183,Tokyo,533945504,random_forest,-0.05141411029868342,0.12278928713604327,33.53333353996277
777.3089969587019,647.8914415941032,-129.4175553645987,-0.06878707179130385,-6.878707179130385,-0.13868226217353471,-0.3488903510193555,-0.13456555819232777,-0.682670566360424,Tokyo,533945511,random_forest,-0.009338408692678588,0.061888920521939485,34.56916650136312
1070.6927305405477,625.2597795924277,-445.43295094812,-0.3380388934217273,-33.80388934217273,-0.4816449311099016,-1.2008205391769249,-0.45935177563439095,-1.1069594325461338,Tokyo,533945512,random_forest,0.4303215814206104,0.6136864697349149,36.17458359400431
1057.4142859118156,635.4292977435747,-421.9849881682408,-0.30875875274031106,-30.875875274031106,-0.46422185107630604,-1.1376083424860373,-0.4376416168427764,-1.0608195861515999,Tokyo,533945513,random_forest,0.7335564421455635,0.5565949072158347,33.74833313624064
594.3837800046789,616.3883359142268,22.004555909547836,0.25691631688350497,25.691631688350494,0.11888048018610849,0.059320987895952915,0.11090264016276859,-0.16942493386341648,Tokyo,533945514,random_forest,0.49132096692362615,0.46822468943128975,33.646249850591026
862.6365935099847,632.4311613420041,-230.2054321679805,-0.1831961163831424,-18.31961163831424,-0.2616572341361029,-0.6205993754817839,-0.25354050745160234,-0.8629571230764309,Tokyo,533945521,random_forest,0.7412785276586509,0.933903100097564,41.74750010172526
635.1581156189858,665.4691877958777,30.31107217689191,0.18805329296534287,18.805329296534286,0.09851093203112449,0.08171411198253573,0.09494825150369728,-0.27793975899414836,Tokyo,533945523,random_forest,0.29424874523026395,0.3802621435066663,44.70624955495199
458.6639907635468,622.0954816868245,163.43149092327772,0.5975138175252825,59.75138175252825,0.3650412194483727,0.44058682823363177,0.3436275761895686,0.36729094236691756,Tokyo,533945524,random_forest,0.09438995505330017,0.2435436017280613,42.15791654586792
256.48436803890155,537.063030186879,280.57866214797747,1.5824974835473853,158.24974835473853,0.8046110795199489,0.7563980609088716,0.7215686067078649,1.919434955125345,Tokyo,533945531,random_forest,0.44590609408733967,0.8181081509657283,63.06375026702881
479.62735611327406,575.3008784261135,95.6735223128395,0.36890699177349845,36.89069917734985,0.2352198162487098,0.25792149055007924,0.2253558913302942,0.00705073929904417,Tokyo,533945532,random_forest,0.6635663851619965,0.8350580081486134,62.96708329518636
446.39255203533025,613.6874694823217,167.2949174469915,0.49322875365037766,49.32287536503777,0.344157037868383,0.4510020476542011,0.33103247087470206,0.2029578238622585,Tokyo,533945533,random_forest,0.2122955433202854,0.6071559359404086,51.07291682561239
393.2037884670137,590.9851225910328,197.7813341240192,0.6930834079558567,69.30834079558566,0.4420287905889819,0.5331888621540216,0.418735333420555,0.5178901580753962,Tokyo,533945534,random_forest,0.5588355394949199,0.7905871566011534,51.28250010808309
530.2523325531455,657.7742053446409,127.52187279149543,0.391962357244758,39.1962357244758,0.2606370365782234,0.34377987465092147,0.24995582202363056,0.04338154224798346,Tokyo,533945541,random_forest,0.8435014895458787,0.9158839828638409,42.39166704813639
628.7776534498208,606.5642965312759,-22.213356918544903,0.08864495728422084,8.864495728422085,0.011992852799519374,-0.05988388415154166,0.008693836505299741,-0.43458809578217295,Tokyo,533945542,random_forest,0.8494077724423165,1.103535454525784,47.70625019073486
557.8876857398874,640.4305944013953,82.54290866150792,0.2828636989169206,28.28636989169206,0.17297174653264294,0.22252332224898227,0.1650758169212316,-0.12853687139171058,Tokyo,533945543,random_forest,1.211621104946696,1.279277508661655,38.10874970753988
586.9801560099846,636.3214498963122,49.34129388632749,0.17262922275647033,17.262922275647032,0.11883150261345325,0.133016740234756,0.11677505401581839,-0.302245114557811,Tokyo,533945544,random_forest,0.6998175648486183,0.8523785124896553,42.40291659037272
369.94562227982595,528.8773421860992,158.93171990627326,0.7171439997631022,71.71439997631022,0.4111298498780571,0.42845611934173083,0.3800821580920712,0.5558050035751819,Tokyo,533945551,random_forest,0.7208353672915959,1.1001175634261071,56.942916552225746
375.9944395481311,564.8969522176661,188.90251266953507,0.561407770523246,56.1407770523246,0.4087868823067309,0.5092528889766105,0.3962128071508803,0.3103947860023024,Tokyo,533945552,random_forest,2.6600835530537346,2.554940186227739,56.85875002543131
403.3337273069921,554.5140095122791,151.180282205287,0.5597672322335765,55.97672322335765,0.35024394345575427,0.4075594039557629,0.3303228419556332,0.30780961451992145,Tokyo,533945553,random_forest,0.8389540934942499,1.1043845197623683,60.07750002543131
326.11100471516994,568.42448816628,242.31348345111005,0.84263844440722,84.26384444072201,0.579375729094813,0.6532408687508413,0.555478121644072,0.7535600096814867,Tokyo,533945554,random_forest,2.1069914797748184,2.162112720997094,57.71583286921183
301.52690882506135,538.0659706418327,236.53906181677135,0.9471712396124258,94.71712396124258,0.6058509944076832,0.6376738926534913,0.5724091531605694,0.9182835049145761,Tokyo,533945561,random_forest,3.0654720900875985,2.946884232802711,86.17499987284343
359.9929063300051,490.86189067505796,130.8689843450528,0.4788711065017764,47.88711065017765,0.3108506565877835,0.3528031862219961,0.29709895710393225,0.1803329450670608,Tokyo,533945562,random_forest,1.5373311209510203,1.6717313803568006,85.03208351135254
224.78570287814895,547.34389692963,322.55819405148105,1.5651731957509902,156.51731957509904,0.9083813709757812,0.869568593146015,0.8389973158070534,1.8921352236617013,Tokyo,533945572,random_forest,2.4693009411419244,2.475582452180368,51.010416666666664
538.3412597845343,582.7799980174528,44.43873823291855,0.3056405306153891,30.56405306153891,0.1565519950424097,0.11980018427377347,0.14529777710948202,-0.09264498387122155,Tokyo,533945573,random_forest,1.37084573341665,1.489547716652186,51.06208324432373
347.7513216867949,631.0445020647713,283.2931803779764,0.9959576382109773,99.59576382109772,0.6306169413173861,0.7637159956005344,0.5943600431782927,0.9951614462459287,Tokyo,533945574,random_forest,0.3329817651994183,0.5342339507067694,46.5616668065389
605.3706108405038,595.8615517530321,-9.509059087471618,0.14949784249810125,14.949784249810127,0.03845439913372639,-0.025634999467771407,0.03465614108390282,-0.33869570212934175,Tokyo,533945582,random_forest,-0.3617912692115955,0.17101223711172436,47.96916659673055
529.1341606778695,647.2657252064472,118.1315645285776,0.3066842605639328,30.668426056393276,0.2176890611073067,0.3184650096250787,0.21088020709336894,-0.09100026706377311,Tokyo,533945583,random_forest,-0.3407168144473366,0.18816429622601713,45.17750024795532
1060.053060813823,653.5795610593568,-406.47349975446633,-0.3070908721581606,-30.70908721581606,-0.4366514857079305,-1.0957916923239464,-0.41670760203437807,-1.0581913284973021,Tokyo,533945584,random_forest,-0.5531742195884972,-0.4481958246414021,42.008333683013916
355.18642515718903,603.8654642275642,248.67903907037513,0.8221235819113071,82.2123581911307,0.5460043350906916,0.6704014535585352,0.5195856058017806,0.7212325487356732,Tokyo,533945591,random_forest,-0.26583948709587363,0.2505595782617879,50.22041686375936
532.2009375838212,613.7050174544461,81.50407987062498,0.246124317843737,24.6124317843737,0.17274041114130922,0.21972279537703585,0.16880999534637123,-0.18643103992700136,Tokyo,533945592,random_forest,-0.33317788988581504,0.18679337276389046,49.49458281199137
715.052684171787,653.6504786416895,-61.40220553009757,0.00688297341031752,0.6882973410317517,-0.06416615972087618,-0.16553115209451993,-0.06312630654281774,-0.563429190430622,Tokyo,533945593,random_forest,-0.7772910988806859,-0.1285305042130501,43.80083306630453
552.8479833512104,642.4555433552914,89.6075600040811,0.2636209661659002,26.36209661659002,0.18470059170781916,0.2415685644481247,0.18016558508051925,-0.15885970156535997,Tokyo,533945594,random_forest,-0.8422271438538219,-0.39853910028155964,40.75208330154419
869.9340924260592,634.1761423103842,-235.75795011567507,-0.16949249431010874,-16.949249431010873,-0.2678015607257909,-0.6355681324665287,-0.25626640884704877,-0.8413628614785069,Tokyo,533945601,random_forest,-0.10463114571682677,-0.013310535126825217,33.81833322842916
615.1107760342179,674.6461190203021,59.53534298608425,0.2255083576036241,22.550835760362414,0.13155302723921633,0.16049837020916644,0.12624068752581605,-0.21891781139112734,Tokyo,533945602,random_forest,1.2202191831189488,1.2072988078834972,33.549583514531456
750.3854406328373,652.2865349372238,-98.09890569561355,-0.0648598476066177,-6.485984760661769,-0.11582812124977866,-0.2644599609870199,-0.11278081078638204,-0.67648201956996,Tokyo,533945603,random_forest,-0.06062386551930575,0.08029010852826987,34.36000005404154
499.8522819478531,666.8143269295748,166.96204498172173,0.4832329852952328,48.32329852952328,0.33372878389905497,0.4501046733302505,0.3214803753987235,0.1872064235694844,Tokyo,533945604,random_forest,2.4462139053149308,2.164178961680557,34.54999963442484
295.2841016065028,651.522745567389,356.23864396088624,1.5804789972847348,158.04789972847348,0.8583109123519307,0.9603660429840803,0.7804326819457849,1.9162542106363922,Tokyo,533945611,random_forest,1.0417018129945528,1.1252287809334884,39.465416510899864
994.6356031746031,618.7790343912905,-375.85656878331275,-0.313819237937159,-31.381923793715895,-0.4329445316297788,-1.0132530308296255,-0.4141585899882834,-1.0687939334132772,Tokyo,533945612,random_forest,0.4160868205968743,0.4962548199041446,38.7608331044515
679.5036925563237,683.5423634614976,4.038670905174068,0.13751518541667848,13.75151854166785,0.03835542568365132,0.010887652032896267,0.037825899512587545,-0.3575780552966585,Tokyo,533945613,random_forest,0.6869722004859504,0.8189335067617435,40.4975000222524
563.3401785283913,635.1037687875129,71.76359025912159,0.3201695828679257,32.016958286792566,0.19035745057617978,0.1934638938695561,0.18216958682796036,-0.06975000373829926,Tokyo,533945614,random_forest,0.9487127127111904,1.0011160729112274,39.272499561309814
385.47612596006144,590.2678833928661,204.79175743280473,0.7271618799790289,72.71618799790289,0.46690652846439296,0.5520879136938678,0.44214925461749344,0.5715912478897479,Tokyo,533945621,random_forest,0.9308047270491311,1.0818494212687033,51.87250026067098
505.4149470719229,617.3874322747055,111.97248520278254,0.3037644481238437,30.376444812384374,0.224842554629611,0.30186105398800206,0.21898504629133272,-0.09560132752152102,Tokyo,533945622,random_forest,0.8143202256508981,0.8442561638160928,45.78249979019165
565.647077358882,648.2248233337978,82.57774597491571,0.2813289341176567,28.132893411765668,0.1691768565384898,0.2226172384295898,0.16246904357716704,-0.13095536428285706,Tokyo,533945623,random_forest,0.899987287023472,1.019072457447029,51.121249993642174
851.9082121415771,591.2116087032103,-260.6966034383667,-0.2118219616095582,-21.182196160955822,-0.3194111593710642,-0.7027990076533732,-0.3022401184160548,-0.9080659262079273,Tokyo,533945624,random_forest,0.59896167370123,0.6673128374449213,45.51458342870077
621.250224782386,633.1400493743912,11.889824592005196,0.0696197513479558,6.961975134795579,0.02946647056491584,0.03205318678580125,0.028913876637862653,-0.46456814571003363,Tokyo,533945631,random_forest,0.8465215880341361,1.0046041712228921,46.17875019709269
574.0869318985381,634.7705234791127,60.68359158057462,0.22130638720406837,22.130638720406836,0.12995878620553744,0.16359387648774362,0.12604511933763218,-0.2255393051503063,Tokyo,533945632,random_forest,0.7444865092228141,0.9044605380334028,46.15333318710327
857.3244826228879,628.4023562942381,-228.92212632864974,-0.18894068410489898,-18.8940684104899,-0.2679599749147782,-0.6171397750938153,-0.25981794116721546,-0.8720094522700905,Tokyo,533945633,random_forest,0.6741270934234307,0.783196631175067,40.14374987284342
521.796289642813,653.1342821890497,131.33799254623668,0.3916651687808857,39.16651687808857,0.26388586164347994,0.3540675621057856,0.2550227349059312,0.04291323062945366,Tokyo,533945634,random_forest,0.28700451324249776,0.4815849774836552,39.64791695276896
436.5370234895033,600.4655181424947,163.92849465299142,0.49245745422697684,49.24574542269769,0.3517684579506213,0.4419266758704475,0.3395605144180282,0.20174240494377996,Tokyo,533945641,random_forest,-0.05473043756804953,0.3028540171272656,41.117916901906334
1007.4594317859792,644.3294796142721,-363.1299521717069,-0.286806724971163,-28.6806724971163,-0.4044161449270975,-0.978943978055426,-0.38734063019215825,-1.0262274303167789,Tokyo,533945642,random_forest,0.09369931194610107,0.1078550896150675,45.63249969482422
771.0718766001024,625.8322855846797,-145.2395910154228,-0.11054131710436688,-11.054131710436687,-0.17028485179185734,-0.3915441900329672,-0.1641139873772535,-0.7484671923406798,Tokyo,533945643,random_forest,-0.010135972005021048,0.26606892082781913,46.87125015258789
702.5154243405372,611.7736770116799,-90.74174732885722,-0.060499018453974714,-6.049901845397471,-0.10456266468510249,-0.24462616364900625,-0.1019111347827507,-0.6696101950987251,Tokyo,533945644,random_forest,-0.02245051233026325,0.31019381564148774,51.644999504089355
643.7269796444904,520.7817764221935,-122.94520322229693,-0.08373682014736067,-8.373682014736067,-0.16102926518843785,-0.3314418587766543,-0.15495104750974809,-0.7062284822970504,Tokyo,533945651,random_forest,-0.12503080592310273,0.23143242592012386,62.00583346684774
1103.6294236751153,585.140075691605,-518.4893479835101,-0.42364510273565886,-42.36451027356589,-0.6198762124963467,-1.3977696465378175,-0.5816927643576043,-1.2418582839942773,Tokyo,533945652,random_forest,0.5335161813139115,0.6682388547896074,59.34499963124593
936.6774477086534,562.8443546158218,-373.8330930928316,-0.3023072811785998,-30.23072811785998,-0.4721451732430808,-1.0077980433517502,-0.4463710874115931,-1.0506533130412734,Tokyo,533945653,random_forest,0.36100864047037956,0.579820552063063,57.042500813802086
723.2550248335893,544.9145400680952,-178.34048476549415,-0.13581006866102183,-13.581006866102184,-0.2351964373350296,-0.4807792432448889,-0.2249660777912449,-0.7882858642552474,Tokyo,533945654,random_forest,0.6421426721051431,0.7895935501864405,59.31333335240682
504.0015205552466,566.0146673676823,62.01314681243565,0.2804738031962488,28.04738031962488,0.1546247319259382,0.1671781583128545,0.14834955451564175,-0.1323028854505411,Tokyo,533945661,random_forest,0.7321337525633758,1.027152960692773,49.7358333269755
1050.712064352563,607.385267344666,-443.3267970078971,-0.36102486454251154,-36.10248645425115,-0.5092335335380246,-1.1951426635175133,-0.4867262925839237,-1.1431808834019115,Tokyo,533945663,random_forest,0.278012519934756,0.4782639782132853,53.1266663869222
970.4877913300934,461.2813227195849,-509.2064686105086,-0.4541228154225101,-45.41228154225101,-0.7026952740570245,-1.3727443937134023,-0.6498953063089769,-1.2898852725640615,Tokyo,533945664,random_forest,1.27262565673674,1.3423666341454923,89.62374973297119
548.0487335233593,572.8274508654035,24.7787173420443,0.16932201910684327,16.932201910684324,0.08464503674845665,0.06679971173091731,0.08271827280702504,-0.3074566287390281,Tokyo,533945671,random_forest,0.5011319826951478,0.7657044561564001,52.71749973297119
650.3440970268994,616.9418108010501,-33.4022862258492,0.2875760875387034,28.757608753870343,0.06972410977174996,-0.09004756219783543,0.05751523854288457,-0.12111105709914445,Tokyo,533945672,random_forest,-0.17125958400068012,0.022732057760129962,48.15124988555908
494.77996959474376,502.32870681951704,7.548737224773345,0.10220581328381338,10.220581328381337,0.024233750896335022,0.020350265253306382,0.024165736137769327,-0.4132188059414067,Tokyo,533945673,random_forest,0.7837136336745237,0.90438631706574,92.85291639963786
386.5805920577538,536.2141314808598,149.63353942310604,0.6778057474471794,67.78057474471792,0.3803007574161126,0.4033896170154095,0.3533248273400715,0.49381551592090667,Tokyo,533945674,random_forest,0.4512989587239469,0.6834518627552912,63.01249980926514
277.68524558044754,570.2771629923988,292.5919174119512,1.2334958806245666,123.34958806245668,0.7439017231128111,0.7887839983044981,0.693574157241959,1.3694758369123212,Tokyo,533945682,random_forest,-0.660700087159544,0.02909087232604081,47.166249910990395
365.4630497929798,563.7328960422357,198.2698462492559,1.0326999646042083,103.26999646042083,0.533754261497136,0.5345058176966517,0.4814755610512032,1.05306025603674,Tokyo,533945683,random_forest,-0.11864326425365247,0.1949883506276117,53.861250241597496
871.9429732849109,594.4915450972641,-277.45142818764685,-0.25242693133109617,-25.242693133109622,-0.35421010067080666,-0.7479675064059247,-0.34263310162688043,-0.9720515158330331,Tokyo,533945684,random_forest,0.5449992283157009,0.7873053122718181,53.83583354949951
558.3997455583363,633.6289725206167,75.22922696228028,0.4279070974137407,42.79070974137408,0.21444846025761877,0.20280673149667874,0.19438789516058633,0.10002351019935045,Tokyo,533945691,random_forest,-0.2865568783333365,0.1955087533644806,40.018750031789146
426.0845754062477,612.2545025166158,186.16992711036815,0.7070208215574234,70.70208215574233,0.4163923012493848,0.5018862474708093,0.3869246257814192,0.5398528299665707,Tokyo,533945692,random_forest,0.13076682004215193,0.2184275980861258,36.8108336130778
409.77863372711795,635.6212324984632,225.84259877134522,0.7091571353223971,70.9157135322397,0.4758813270101807,0.6088378299101432,0.454243757512007,0.5432192478413651,Tokyo,533945693,random_forest,-0.7318417503159813,-0.2611207238898827,41.634166876475014
741.3267584485407,614.5922670780409,-126.73449137049977,-0.03154841355750526,-3.154841355750527,-0.12144989515795764,-0.341657212237902,-0.11738061145873464,-0.6239896334530038,Tokyo,533945694,random_forest,0.10109041448204192,0.22921763314047722,40.94124952952067
609.1931435435316,668.9965337874809,59.80339024394929,0.21045346045550403,21.0453460455504,0.13579987453119546,0.1612209854805092,0.13157141179067378,-0.2426414215150582,Tokyo,533945701,random_forest,-0.027750373241397286,0.12271155352479592,32.757499853769936
587.9094373079878,612.2206708562796,24.31123354829192,0.14026226935676742,14.02622693567674,0.07213291317312343,0.06553944542130702,0.06790737855194977,-0.3532491815932257,Tokyo,533945702,random_forest,0.42993484938203785,0.4886706369939333,32.75666697820028
606.2878687110458,593.2165332652523,-13.071335445793457,0.12657526821724882,12.657526821724884,0.025737647490105615,-0.035238363134945334,0.021333528270621297,-0.3748172518101839,Tokyo,533945703,random_forest,-0.4182870324113788,-0.537136336024638,39.77416658401489
821.6194584293395,642.5948792230901,-179.02457920624934,-0.0815884047780669,-8.15884047780669,-0.18719214940268347,-0.4826234594247809,-0.18069923335999802,-0.7028429946312147,Tokyo,533945704,random_forest,-0.9941973478470936,-0.8173670856413101,39.53208327293396
779.2996667306708,629.04097198573,-150.25869474494073,-0.08119927065693881,-8.119927065693881,-0.1656890139442423,-0.40507494215589807,-0.16111650559985602,-0.7022297944157144,Tokyo,533945711,random_forest,0.40206818265677435,0.669050026415342,35.50125018755595
332.3793723305689,641.712754622716,309.3333822921472,1.2319112708215658,123.19112708215658,0.7243151036820862,0.833916480850429,0.6711778720360417,1.3669787979226098,Tokyo,533945712,random_forest,-0.23247579861548762,0.24191358820907574,35.72666700681051
682.2238956876688,625.8328448739402,-56.391050813728704,-0.012171813741346441,-1.2171813741346438,-0.056066762959552895,-0.1520218293207993,-0.05512796895081821,-0.5934558546404809,Tokyo,533945713,random_forest,-0.09682860636493931,0.21831611891304434,40.558749993642174
736.9330337301586,606.4848669351164,-130.44816679504228,-0.06731177163498449,-6.731177163498448,-0.13850076725880414,-0.35166872511797775,-0.1340310386811225,-0.6803457782612463,Tokyo,533945714,random_forest,-0.4902109470195278,-0.20457910922151118,42.34458311398824
809.2923619111624,598.7266608509683,-210.56570106019402,-0.05563413331685063,-5.563413331685062,-0.19206206455025754,-0.5676536011560563,-0.1831778775658147,-0.661944075751955,Tokyo,533945721,random_forest,-0.11405280232196542,0.24769502521859557,49.13125038146973
677.3948986495135,577.1360303326967,-100.25886831681687,-0.02963404273820767,-2.963404273820767,-0.11384543237549556,-0.27028289679335066,-0.10977006731305829,-0.6209729547933748,Tokyo,533945722,random_forest,0.24852119806181117,0.46420468725893377,49.464999993642174
662.9610626920123,562.6295326107962,-100.33153008121606,-0.047495532693661045,-4.749553269366104,-0.11736619157302941,-0.27047878203021436,-0.11475071733518209,-0.6491192131016618,Tokyo,533945723,random_forest,0.39184256159427544,0.6687730628883597,54.452499866485596
720.668287222796,569.6139601007952,-151.05432712200079,-0.05455733768614879,-5.45573376861488,-0.1768008400039075,-0.4072198479110161,-0.169296901586336,-0.660247253815904,Tokyo,533945724,random_forest,-0.02429778545826041,0.3873124914486848,56.66625006993612
469.67238773681515,640.9477047990755,171.2753170622603,0.5600448809454681,56.004488094546815,0.3581231611466245,0.461732609014722,0.3399243999013071,0.3082471352633395,Tokyo,533945731,random_forest,0.8293707772181421,1.0463366920477424,41.675833543141685
766.2008776561701,616.5743219277089,-149.62655572846114,-0.10654417035440826,-10.654417035440826,-0.1727761352344095,-0.4033707900203453,-0.16815427263224125,-0.7421684610925559,Tokyo,533945732,random_forest,1.0542298795119518,0.9780277840820918,41.13208325703939
333.18253958818883,601.8510152923014,268.66847570411267,1.0392991467443773,103.92991467443773,0.6399216141879939,0.7242899816193239,0.599227137861793,1.0634592924891229,Tokyo,533945733,random_forest,0.8225660375775097,0.9582383154174087,51.074166456858315
732.070882360471,621.0934426555189,-110.97743970495226,0.011226826466343987,1.1226826466343993,-0.09175633313675131,-0.29917856031826623,-0.08714385681666338,-0.5565841170088028,Tokyo,533945734,random_forest,0.48229768539386325,0.6997294976997298,50.707499980926514
875.049192929313,619.4932124570311,-255.5559804722819,-0.18331430832133946,-18.33143083213395,-0.30440675173283865,-0.6889406578642526,-0.2910811942209456,-0.8631433707428209,Tokyo,533945741,random_forest,0.1257691018984314,0.1480502380652653,51.14916626612345
574.9922848502305,567.5719019031957,-7.420382947034732,0.1583024969765958,15.83024969765958,0.04542086856109336,-0.020004241339557565,0.04485780939455696,-0.3248212672482101,Tokyo,533945742,random_forest,0.6441157079222012,0.7968911023740748,52.10916678110758
643.3237314884703,591.0407316841307,-52.28299980433972,0.03588798629324356,3.5887986293243563,-0.04736343083187792,-0.1409471389155191,-0.046339039140321676,-0.517722892306888,Tokyo,533945743,random_forest,0.16227234065850002,0.4052910892642712,49.676249980926514
778.7482020550748,618.8670816138138,-159.88112044126103,-0.028783580405450076,-2.878358040545008,-0.16330268168637874,-0.4310155610262587,-0.15684498522185633,-0.6196327904196879,Tokyo,533945744,random_forest,0.5795597912521276,0.6320037707815649,45.24291658401489
927.7719657578085,607.5769406237073,-320.19502513410123,-0.1849073417317756,-18.49073417317756,-0.3508414384123473,-0.8631978435921394,-0.32754941462248305,-0.8656536837108708,Tokyo,533945751,random_forest,0.8423337651008438,0.877445704707297,48.602916399637856
667.2105191052227,548.9450143728162,-118.26550473240657,0.08776012942110967,8.776012942110965,-0.10067333199131605,-0.31882609235916254,-0.10128251992727476,-0.43598241359415885,Tokyo,533945752,random_forest,1.127394091572611,1.295739297716176,56.52916653951009
1068.771497024913,618.9913372376388,-449.7801597872742,-0.299170275474154,-29.917027547415397,-0.4784486811039928,-1.212539963281128,-0.4468634643890625,-1.0457099979487414,Tokyo,533945753,random_forest,0.7700395080340747,0.7014425609352282,44.58875036239624
748.1819449564772,602.6198991970145,-145.56204575946262,-0.08331832826626208,-8.33183282662621,-0.16818385724661603,-0.3924134797403718,-0.16266112225804907,-0.7055690199221478,Tokyo,533945754,random_forest,1.0662019770078133,1.246289942472614,51.282083670298256
896.7975417626727,481.97263062157367,-414.82491114109916,-0.4174748762920835,-41.74748762920835,-0.6044809423914655,-1.1183058469297935,-0.5723868117194962,-1.2321351988689813,Tokyo,533945761,random_forest,1.138607907166976,1.2709494049298986,84.7962498664856
280.8336869239631,494.806024383409,213.97233745944587,0.8372479252688741,83.72479252688741,0.5639281827536154,0.5768373827982137,0.5385140189000956,0.7450655926724887,Tokyo,533945772,random_forest,0.30093663872015625,0.6181187713542775,97.65875053405762
169.7137201420891,484.70662350489494,314.99290336280586,2.648961259063577,264.89612590635767,1.149584758958154,0.8491737022326501,0.9843976515888239,3.5999758829523247,Tokyo,533945774,random_forest,2.758417169687824,2.7160079153826535,97.58625062306722
540.5609416216431,498.1273676113833,-42.43357401025978,0.04065522664133145,4.065522664133144,-0.04304381433403922,-0.11439456177129313,-0.0451227426248522,-0.5102106422880142,Tokyo,533945781,random_forest,1.3230947642632018,1.4924738038036944,85.38666613896687
461.00178573414905,548.8670010682816,87.86521533413257,0.35616418160811675,35.616418160811676,0.2257245428267075,0.2368714641066564,0.21699413649936494,-0.013029468308652955,Tokyo,533945782,random_forest,1.1168494497924213,1.1049911994051007,69.24666659037273
555.9720763568868,494.71239417934845,-61.259682177538345,0.0336842241377161,3.3684224137716097,-0.07552958633034956,-0.16514693047665097,-0.07741236616354868,-0.5211955958178606,Tokyo,533945784,random_forest,2.122882228982332,2.127899741071914,72.90791622797649
1025.2621075500556,591.5207201114677,-433.741387438588,-0.35478759632115975,-35.478759632115974,-0.5223353578643214,-1.1693018345829922,-0.49199237094511866,-1.1333521533836388,Tokyo,533945791,random_forest,-0.15841031599139827,0.1715723316982553,56.588332970937095
1007.0517654658174,606.3922453007644,-400.659520165053,-0.2992828430309211,-29.92828430309211,-0.45690715005526417,-1.0801180739028966,-0.432318150836791,-1.04588738267632,Tokyo,533945792,random_forest,-0.19211600335797963,0.09777297293408048,49.30666653315226
824.0262083973374,522.7008452996082,-301.3253630977293,-0.3251132762846424,-32.51132762846425,-0.4309568870350624,-0.8123280601772128,-0.4170902309544955,-1.0865911564593262,Tokyo,533945793,random_forest,0.9615205015750746,1.1872432295699127,68.82958269119263
493.42591844978716,618.3281758913848,124.9022574415976,0.4030241590656663,40.30241590656663,0.2680996670648161,0.3367177839137976,0.25651285870113777,0.06081280538352651,Tokyo,533945801,random_forest,0.3837901155706749,0.726174420486794,41.06666644414266
494.8335378131787,635.6027300760271,140.76919226284843,0.44095972302349457,44.09597230234945,0.286061684056113,0.3794926643679352,0.27316509582133436,0.12059192710800416,Tokyo,533945802,random_forest,0.12721968544154935,0.5482150849875039,45.04125038782755
949.8086950844854,635.2633491725454,-314.54534591193993,-0.24878129361556325,-24.87812936155633,-0.35411629562126024,-0.8479671543598051,-0.3393238476839235,-0.9663066949308722,Tokyo,533945803,random_forest,-0.22395584087787979,-0.10265310215933747,36.02041665712992
543.7151408016138,615.3845968382963,71.66945603668246,0.23370446352926688,23.370446352926688,0.1544596214716113,0.19321012210097965,0.14926674933599396,-0.20600233149104252,Tokyo,533945804,random_forest,-0.059665745198385106,0.3743468946042873,39.54291661580404
442.10472642331865,610.6009484753077,168.49622205198912,0.4768206712852106,47.68206712852106,0.34344842058493347,0.4542405849928027,0.333484256103371,0.17710185519752566,Tokyo,533945811,random_forest,0.12714947799292442,0.5827216844098365,47.04791657129923
596.0299802876721,609.6448493266579,13.614869038985807,0.16219179753895205,16.219179753895208,0.07495725382919372,0.03670364831658433,0.07293817688516294,-0.31869248076177126,Tokyo,533945812,random_forest,-0.17389997069810822,0.40152057497130383,46.93708356221517
380.73355971582185,678.6374332341952,297.90387351837336,1.0597356312928283,105.97356312928282,0.6466326128696824,0.8031042365855249,0.6041975484093196,1.0956632449280628,Tokyo,533945813,random_forest,-0.1398498014372361,0.23052081776451586,35.711666186650596
824.7296493822502,631.4375053558207,-193.2921440264295,-0.12360294839316575,-12.360294839316575,-0.2101174826773343,-0.5210866778365367,-0.20280763839591529,-0.7690498004601046,Tokyo,533945814,random_forest,-0.0003549826903582124,0.2764582059016621,35.93291632334391
221.50243466174936,534.640005346725,313.1375706849757,1.7638910448898162,176.38910448898162,0.9155106338210803,0.84417200314011,0.8222690164741193,2.2052761725006844,Tokyo,533945821,random_forest,0.08592578777354243,0.6284268668305295,60.12500015894572
881.4471856714691,512.7259019061472,-368.72128376532197,-0.31107379733213647,-31.107379733213648,-0.4806875466323162,-0.9940173708178394,-0.45595318171453,-1.0644676492885066,Tokyo,533945822,random_forest,0.39808350465807407,0.7962881721474504,59.48833338419596
469.9482855774493,613.6024117509559,143.6541261735065,0.46466811368597166,46.46681136859717,0.2967857389387331,0.38727001421758683,0.2826705675183449,0.15795177162960444,Tokyo,533945823,random_forest,0.23881623743160316,0.5263357063707793,44.47333319981893
743.4258675435227,606.8646874324395,-136.56118011108333,0.06690875765572646,6.690875765572646,-0.10013590162569974,-0.368148493690418,-0.09405721702396615,-0.46884014815349867,Tokyo,533945824,random_forest,-0.00437104488665947,0.38149533743639835,42.11500016848246
254.91510336637023,589.9120298907852,334.99692652441496,1.6898947796991746,168.98947796991746,0.8881076122039717,0.9031015533884773,0.7991544173459807,2.0886723505855684,Tokyo,533945831,random_forest,0.3386128187200024,0.8092404661251306,52.457499504089355
593.6924705261137,585.1810947334567,-8.511375792657015,0.0363387149507864,3.6338714950786404,0.011944968557008476,-0.022945394692334354,0.011728496082802296,-0.5170126309986888,Tokyo,533945832,random_forest,0.12223956221423678,0.5673724644502903,54.29000027974447
1231.39046844267,643.2157919701376,-588.1746764725324,-0.41573907577944064,-41.57390757794406,-0.6102801399089858,-1.5856308578622018,-0.5756548279807105,-1.2293999125226378,Tokyo,533945833,random_forest,0.058608303183829556,0.46889896051668584,42.517500162124634
576.5304816208927,640.5018473475235,63.971365726630744,0.2869063276409722,28.69063276409722,0.1421395122835699,0.17245722329303845,0.131427246351029,-0.12216646933704228,Tokyo,533945834,random_forest,0.08076136201802785,0.4174720721331648,44.04583326975504
548.2550298380476,646.3813801815435,98.12635034349597,0.3050729888061551,30.507298880615508,0.20610752225721077,0.26453394764830646,0.19906389095324784,-0.09353932014458356,Tokyo,533945841,random_forest,0.37258049604318305,0.5508030269279779,42.01875019073486
890.8086274001536,605.8924449048694,-284.9161824952841,-0.22185364303667052,-22.185364303667047,-0.3371709463799511,-0.7680913662897533,-0.3183839989361365,-0.9238739185656837,Tokyo,533945842,random_forest,0.18011987150536518,0.2093200046177541,39.762083212534584
621.2654181067588,603.6077490889271,-17.657669017831708,0.14562744128559404,14.562744128559407,0.04643672136031818,-0.04760243171383602,0.04343106125709421,-0.34479470689073766,Tokyo,533945843,random_forest,0.10243688775937895,0.402480375773789,39.69124984741211
591.8889761606812,677.5158082577551,85.62683209707397,0.32852402353502513,32.85240235350251,0.20039930180570895,0.2308371180622338,0.1908473906389275,-0.05658501886727811,Tokyo,533945844,random_forest,0.3372788593826931,0.5973290863269994,41.682082970937095
879.9352636560465,630.6136509582244,-249.32161269782205,-0.2211220673912696,-22.11220673912696,-0.31667433763141667,-0.6721337358428371,-0.3043032273144323,-0.922721096648875,Tokyo,533945851,random_forest,0.5179654126966869,0.6930727264621089,46.23124980926514
620.0981266497607,655.7941327303553,35.69600608059458,0.25978919181294774,25.97891918129477,0.1302506017311282,0.09623108747775337,0.12331552442779879,-0.1648978378566911,Tokyo,533945852,random_forest,0.7613057486027653,0.8031797409617503,45.21916675567627
1022.6750471335728,639.6573509124365,-383.0176962211364,-0.2754889369051457,-27.548893690514564,-0.4129210040696332,-1.0325583581357853,-0.3929240103495093,-1.0083927823014651,Tokyo,533945853,random_forest,0.37218093147620285,0.5285576997264281,41.255417029062905
1014.5708225486432,643.813667973342,-370.757154575301,-0.2952166115498034,-29.521661154980336,-0.4188925621827486,-0.9995057736819065,-0.3995719781139666,-1.0394797872352755,Tokyo,533945854,random_forest,0.6042481042581064,0.64572475826412,39.1191668510437
893.596271889401,500.94754843667823,-392.6487234527228,-0.38865270343070407,-38.86527034307041,-0.5683370315844227,-1.0585221654572785,-0.5353283943695072,-1.1867170213045275,Tokyo,533945861,random_forest,2.557526851580701,2.3694234889023464,78.45749934514363
618.6304791986687,555.3723375928416,-63.25814160582707,0.010526539775873615,1.0526539775873622,-0.061554279436879744,-0.17053447785744716,-0.06036060268282536,-0.5576876335759534,Tokyo,533945863,random_forest,1.0533374900096175,1.116459549390636,56.371666272481285
410.9980235082632,477.9569318797491,66.95890837148595,0.2998326587843195,29.98326587843195,0.19366798158904822,0.1805111909260412,0.18743166800124067,-0.10179706811427208,Tokyo,533945864,random_forest,2.8527228120349952,2.6055936502253894,71.89666636784871
449.18196217357905,497.19627285593816,48.01431068235908,0.41580172103842505,41.58017210384251,0.1876752940464903,0.12943939221172285,0.1688060118856459,0.08094777512750419,Tokyo,533945872,random_forest,2.080409172656831,1.9905548143174427,67.77333307266235
529.1105400290446,544.8662646676974,15.75572463865276,0.2432036053949066,24.32036053949066,0.09632499867986936,0.042475074453829025,0.08990811287306937,-0.19103351862469317,Tokyo,533945873,random_forest,2.3426727855074265,2.082786016906384,66.20208390553792
533.8425538274449,554.9009865143745,21.05843268692949,0.24629994219442294,24.629994219442295,0.10133120789433414,0.05677038135484704,0.09188047769700346,-0.18615428987132515,Tokyo,533945874,random_forest,1.0807173198976616,1.2462295143847744,58.81874990463257
567.8007023489504,572.7060558817371,4.905353532786869,0.14491956483259738,14.49195648325974,0.0593613024437469,0.013224098624846976,0.05626672958696641,-0.34591018345770314,Tokyo,533945881,random_forest,2.822856776059236,2.6802968121804067,58.33124923706055
503.91862591739203,565.9395910462657,62.02096512887365,0.2542932562477505,25.429325624775057,0.1472192061058261,0.16719923532330142,0.14225478361945074,-0.1735583707937272,Tokyo,533945882,random_forest,1.4611090653236998,1.5568442022861348,55.234166622161865
638.045451484462,586.3732561188119,-51.672195365650076,0.04692203041140852,4.692203041140853,-0.030789038174765526,-0.13930050160717056,-0.0312872690873446,-0.5003353699496007,Tokyo,533945883,random_forest,1.1859853174981896,1.1747146351542792,50.59083334604899
449.2821734260504,645.6184828479508,196.33630942190038,0.5969683012517207,59.69683012517208,0.41117104675784627,0.5292932919268328,0.39511682569039713,0.36643131408364793,Tokyo,533945884,random_forest,1.0294035627768456,1.0637479728433317,45.76791652043661
433.5970579403825,576.1598527482109,142.56279480782845,0.490164215365314,49.016421536531396,0.31104684174808395,0.38432794826542765,0.2966579610979208,0.1981287034259367,Tokyo,533945891,random_forest,-0.21227995197068636,0.3957012545651285,51.53083372116089
672.2642880238883,578.4408649651203,-93.82342305876801,-0.06255399667540124,-6.255399667540122,-0.12562318467127329,-0.25293389998436994,-0.12435541923052679,-0.6728484438664611,Tokyo,533945892,random_forest,1.3165379522334333,1.5240050805824559,52.2300001780192
991.7060500014223,637.8464110220718,-353.85963897935045,-0.3080390032939649,-30.803900329396487,-0.4159725472791978,-0.9539526017724418,-0.40110401471178786,-1.0596854000403275,Tokyo,533945893,random_forest,0.32806334811850696,0.3206380079801476,37.41000016530355
586.1966547939068,625.7019995657165,39.50534477180971,0.24005195006884142,24.00519500688414,0.12707721531134178,0.10650049420070874,0.12097946378471187,-0.19599991869139285,Tokyo,533945894,random_forest,1.297522669350781,1.3713812350779289,43.69833358128866
719.1045928993708,632.9661119289186,-86.13848097045225,0.003965878184641859,0.39658781846418645,-0.07999752862575767,-0.2322164468134894,-0.07661269300408008,-0.5680259690832714,Tokyo,533945901,random_forest,-0.2579273833248505,-0.26027661891948484,37.37791649500529
610.6385090021936,627.9576213324834,17.31911233028986,0.19433402275313094,19.433402275313096,0.0878916765015757,0.046689733577762786,0.08271171286155586,-0.26804254194156624,Tokyo,533945902,random_forest,-0.37898625128474656,-0.16391166602524412,35.395833253860474
519.9952484109327,679.766994679144,159.77174626821116,0.6778309388599362,67.78309388599362,0.3670743885282583,0.43072070463277856,0.3364908867859227,0.49385521272181027,Tokyo,533945904,random_forest,-0.573326315374018,-0.3529329504031093,33.259583473205566
613.2589621261278,652.6282575718446,39.369295445716865,0.24198321554623378,24.198321554623377,0.11083157962525059,0.10613372558880944,0.10536274229963331,-0.19295661731372887,Tokyo,533945911,random_forest,-0.3433625962784209,-0.4465604789410339,31.134583314259846
473.1696913157967,627.6874408671194,154.51774955132274,0.5114737777581672,51.147377775816715,0.32670877723762914,0.41655671618742757,0.3095515169132959,0.231708457916837,Tokyo,533945912,random_forest,-0.6575928136094169,-0.23358413413831547,32.83208338419596
488.737855197574,635.588848296802,146.8509930992279,0.40715738217813446,40.715738217813445,0.30111936912780984,0.39588828876878573,0.2930098880344478,0.06732596669646573,Tokyo,533945913,random_forest,-0.07835107422962763,0.04780785369141976,36.145833571751915
609.6111239726239,665.4132343226836,55.80211035005967,0.18365811951051592,18.36581195105159,0.1177189454289234,0.15043413401531988,0.11482976940351185,-0.28486570345218704,Tokyo,533945914,random_forest,-0.2590742727167935,0.0022010054521084278,35.236249923706055
449.8704151647774,671.8939894867005,222.0235743219231,0.7744413122414767,77.44413122414768,0.4846155760386976,0.5985423118333517,0.45582096246221226,0.6460945013387541,Tokyo,533945921,random_forest,0.8481778948868116,0.765735679876814,31.582499901453655
1543.647002784178,636.64405992235,-907.0029428618282,-0.5469967395219214,-54.699673952192136,-0.8501568917839916,-2.445144124528973,-0.7833233230847915,-1.4362366387897094,Tokyo,533945922,random_forest,-0.12330556629690241,-0.07194040501634584,29.297083536783855
638.2414930555556,657.5534868451878,19.311993789632183,0.1851805238163632,18.51805238163632,0.083330212053499,0.05206224358949263,0.07983496815704548,-0.28246668831129484,Tokyo,533945923,random_forest,-0.06257865235497863,-0.10579344269152684,29.827499866485596
928.3128521825397,661.838951038057,-266.4739011444828,-0.16442344805493667,-16.442344805493665,-0.28192404791418924,-0.7183737372095886,-0.268624217456544,-0.8333750236424383,Tokyo,533945924,random_forest,-0.20605314512276213,-0.26606228153508,28.68541693687439
1004.7792689187281,630.7354832263152,-374.0437856924129,-0.31621818086758946,-31.62181808675895,-0.42914531772007725,-1.0083660390523181,-0.41252923401210356,-1.072574204127262,Tokyo,533945931,random_forest,0.08957266953499504,0.1463282741333737,34.488333543141685
725.6215201292883,671.808806051734,-53.81271407755437,0.0995660548807183,9.956605488071832,-0.00366933136932146,-0.14507101954545074,-0.003176504627121961,-0.41737855532795226,Tokyo,533945932,random_forest,0.024038153556460266,0.26453168993202225,35.14291683832804
381.10126692908347,658.1689688499993,277.06770192091574,0.9317444656768035,93.17444656768033,0.5965408813615855,0.7469330378477914,0.5636341075096362,0.893973888799768,Tokyo,533945933,random_forest,-0.3902600053638481,0.011989623118115397,37.09333308537801
495.8193734639017,635.5825444638926,139.76317099999093,0.45466625293294766,45.46662529329476,0.29817624274342214,0.37678058167913403,0.28473813123856956,0.1421907708944904,Tokyo,533945934,random_forest,0.15215432872276347,0.40487384094531825,34.52999989191691
606.2597967869943,650.5308312892909,44.27103450229644,0.23066479597054257,23.066479597054254,0.1250522039262729,0.11934808012701249,0.11987420983522701,-0.2107922604663156,Tokyo,533945941,random_forest,0.3954439693885947,0.6893945370269586,39.29166658719381
390.3882381598515,636.8522361629352,246.46399800308373,0.8891796096061766,88.91796096061766,0.5472856575758901,0.6644300345086822,0.5124767195915957,0.8268998968311893,Tokyo,533945942,random_forest,1.133324206296343,1.295688176619838,40.40458329518636
530.4544776758127,650.2087622324738,119.75428455666116,0.3342297698124297,33.42297698124297,0.24006347186220678,0.3228396198439878,0.23308242543478386,-0.047593864771740615,Tokyo,533945943,random_forest,-0.025773219279002727,0.3480867494974084,35.566666762034096
747.504046854309,634.3310536515031,-113.17299320280587,-0.09945262141775653,-9.945262141775652,-0.1425575405894699,-0.3050974437988721,-0.13962056728640934,-0.7309935496672121,Tokyo,533945944,random_forest,1.1802722005449298,1.20390656624139,40.92499955495199
835.5909437591594,653.0142793777426,-182.57666438141663,-0.047491608816113355,-4.749160881611336,-0.16725386784762905,-0.4921993491881395,-0.16244579111472182,-0.6491130298285249,Tokyo,533945951,random_forest,-0.00917467900172059,0.032566171374352824,39.035000006357826
844.5712828627928,619.7288013319122,-224.8424815308807,-0.1731186809566467,-17.311868095664668,-0.26747429544186074,-0.606141663581679,-0.25854498620926025,-0.8470770312528128,Tokyo,533945952,random_forest,1.7345104099391568,1.5541834843565416,42.51958386103312
508.39842459765697,611.2577025718406,102.85927797418356,0.45863308171436756,45.863308171436756,0.2753917827808397,0.27729321185916095,0.25902761083283254,0.14844172687996818,Tokyo,533945953,random_forest,0.663916415338924,0.5895852042451526,44.83916664123535
454.72275704045063,614.9218347468075,160.1990777063569,0.5139991585811033,51.39991585811034,0.34292319765936563,0.43187272620385714,0.3285873788101603,0.23568797032853558,Tokyo,533945954,random_forest,0.8700072538886648,1.022276695154138,48.650833447774254
246.90934645417306,597.319789740996,350.41044328682295,1.8375748152543727,183.75748152543727,0.94057653887136,0.9446540866481979,0.8433771058912342,2.3213875629267737,Tokyo,533945961,random_forest,0.7385523957019184,1.0029242181687428,52.02124993006388
530.402822420635,554.2703929764928,23.8675705558578,0.11552245439922744,11.552245439922745,0.05680730224338071,0.0643433964252604,0.056596361718092236,-0.392234351589167,Tokyo,533945962,random_forest,1.4968577388537636,1.5053507945053706,54.354999701182045
503.80777089733743,608.1732161488613,104.36544525152398,0.34886288015716277,34.88628801571628,0.21636928698142485,0.281353613314008,0.20664543539574065,-0.024534909183840353,Tokyo,533945963,random_forest,0.7354109957233055,1.0127723755762283,49.48541673024496
485.4013943038562,552.0573613247612,66.65596702090511,0.3227134636474022,32.271346364740225,0.16314635618716808,0.17969450640557827,0.15516210866935923,-0.06574133896827135,Tokyo,533945971,random_forest,-0.20607713238217246,0.23464927015769052,63.05833355585734
512.3601679368169,521.1690125922652,8.808844655448246,0.34620407807895304,34.620407807895305,0.11743778708586232,0.023747326205135515,0.09972320021984545,-0.028724667724171614,Tokyo,533945972,random_forest,1.1086426373470843,1.2105813758850108,64.25541734695435
349.7337853515683,526.216327440996,176.4825420894277,0.6005440417430006,60.05440417430006,0.41188204866400113,0.47577050798791004,0.3958992094121469,0.372065990460701,Tokyo,533945973,random_forest,1.122351343526246,1.43278658130958,57.7583335240682
399.3567944508449,612.3475850241862,212.99079057334134,0.6650324285012256,66.50324285012255,0.457339485763943,0.5741912793644857,0.43858803692228293,0.47368723236765325,Tokyo,533945981,random_forest,0.24002085209513666,0.6115340032827902,50.00583299001058
702.8813784882232,607.6370585946585,-95.24431989356474,-0.05042195468705424,-5.042195468705424,-0.11470950358528309,-0.2567644250940269,-0.11031858726834896,-0.6537306889388134,Tokyo,533945982,random_forest,0.4004994450122213,0.37705471072495905,44.050000031789146
257.14976817716337,637.9041575177906,380.75438934062737,1.7186932496918264,171.86932496918266,0.9473010240920817,1.0264568216805439,0.8637973115387904,2.1340531770070035,Tokyo,533945983,random_forest,0.6410131430225114,0.6851991859298138,41.92125018437704
638.5986856118792,634.3976827659006,-4.201002845978512,0.08527325304856827,8.527325304856829,0.02723669553253738,-0.011325274638649874,0.025794309748188724,-0.4399012504289861,Tokyo,533945984,random_forest,0.22960411811715017,0.275721033003826,48.27208344141642
560.5469080901178,625.2201596531708,64.67325156305292,0.2756649907600099,27.56649907600099,0.17124753259627337,0.174349402411667,0.1637010773462867,-0.1398806450508907,Tokyo,533945991,random_forest,0.053580334839426653,-0.0535836621176657,40.91916672388712
584.3821782748829,641.422493874342,57.04031559945895,0.22230114949918164,22.230114949918164,0.12761244196018381,0.15377214996593716,0.12351229502877953,-0.2239717519067957,Tokyo,533945992,random_forest,0.7224764763155389,0.6646886933246199,43.136249701182045
415.0495496452949,541.2710964696265,126.22154682433164,0.47302067850020935,47.30206785002093,0.30438346697905083,0.3402743905468116,0.29105308889751214,0.1711138005188275,Tokyo,533945993,random_forest,0.3076881229556303,0.26331827928066365,53.4070831934611
229.78238626668278,598.800027684176,369.0176414174932,2.0779075117899333,207.79075117899333,1.0083287349191907,0.9948163066731953,0.8897898748308147,2.7001054735539207,Tokyo,533945994,random_forest,1.1845179021437837,0.9688696964307523,47.03583335876465
376.39473775645774,478.8828397323327,102.48810197587488,0.5910631051026326,59.10631051026326,0.3339203468954108,0.2762925769454891,0.30883649204289076,0.3571258655131276,Tokyo,533946032,random_forest,0.48306033666495163,0.6906243786896373,71.187083085378
194.68374658706125,493.9341453914213,299.25039880436003,1.7789656110730316,177.8965611073032,0.9645869954567705,0.8067342671355598,0.8758419394012215,2.229030777224945,Tokyo,533946043,random_forest,0.42519856814406554,0.9006972020448856,65.28583415349324
369.29209570034703,536.9311678161465,167.63907211579945,0.5604517474346319,56.0451747434632,0.40282214174072006,0.4519298371095581,0.3897109190583976,0.3088882782659418,Tokyo,533946063,random_forest,1.487322772224898,1.6588990237335106,63.19791634877523
258.8729413402458,526.7813456637983,267.9084043235526,1.3230492264246532,132.30492264246533,0.7645571941444249,0.7222409429860699,0.7055420371860252,1.510594613092078,Tokyo,533946064,random_forest,1.375906217093285,1.5987759814037714,60.263333797454834
450.12008912833653,597.0436262886022,146.92353716026565,0.4639572811831358,46.39572811831357,0.2952875485913669,0.3960838566950113,0.28175405559254474,0.15683163689903926,Tokyo,533946071,random_forest,0.020413568127764542,0.32535614233162297,53.352916876475014
257.8049635557884,617.3044079000767,359.49944434428835,1.7884010408626951,178.84010408626955,0.9278993998895402,0.9691566725641567,0.8350549439230454,2.243899192165239,Tokyo,533946073,random_forest,0.979972564626517,1.2453542845298888,46.81041638056437
290.6815159888001,654.5649430334666,363.8834270446666,1.6658525792672816,166.58525792672816,0.8872980295574188,0.9809752334919125,0.8025735025820043,2.050786486341132,Tokyo,533946083,random_forest,0.024525847656194442,0.054001710683291945,29.179166555404663
305.5221206256511,637.5584424092528,332.03632178360175,1.348946039799624,134.89460397996243,0.7842331375818389,0.8951202063112443,0.7246853507199315,1.5514029891251697,Tokyo,533946084,random_forest,-0.0654028553552817,0.2070932599078532,35.1966667175293
344.5506015349702,673.7529727341926,329.20237119922234,1.1488456331968757,114.88456331968756,0.7123807805723911,0.8874802998752885,0.6682461573173533,1.2360833967574185,Tokyo,533946093,random_forest,1.1208647236915288,1.2448868990681685,39.670833110809326
725.7308533346135,606.7189796977849,-119.01187363682845,-0.018663074275441834,-1.8663074275441829,-0.1219890078517013,-0.3208381911684784,-0.11859351561916269,-0.6036848274862348,Tokyo,533946094,random_forest,0.05908824743244991,0.24589460991165868,40.510416666666664
287.33218842585234,482.1578075646396,194.8256191387873,0.919034259651807,91.9034259651807,0.5633692365107847,0.5252206971256718,0.5282497038233839,0.8739450590199836,Tokyo,533946132,random_forest,-0.036669813359540115,0.4227240214342195,69.2470835049947
402.0991170882599,521.7232426214742,119.62412553321427,0.4952729159477883,49.52729159477883,0.2855352544053589,0.3224887306060418,0.2675045087024929,0.2061790288227895,Tokyo,533946134,random_forest,-0.4102314743186573,0.03478925867973376,73.55958318710327
486.3131138269843,510.0131845243134,23.700070697329085,0.1987843040985201,19.87843040985201,0.09768988930694071,0.06389184188713659,0.093104368082654,-0.2610297580918275,Tokyo,533946143,random_forest,-0.281990053340673,0.051549852738756244,63.89083290100098
531.5561427346523,596.2725870663094,64.71644433165709,0.32759952435471135,32.759952435471135,0.16855191561162786,0.17446584364838602,0.15746398512749224,-0.05804185101284987,Tokyo,533946153,random_forest,0.6175727078419642,0.6788090309322115,57.62166659037272
370.94517183873717,593.0830990947612,222.13792725602408,0.8743962467623825,87.43962467623824,0.5310766409460377,0.5988505902211344,0.4963183569364746,0.8036041723253217,Tokyo,533946154,random_forest,0.07770655448100246,0.5056684719485645,59.33791716893514
329.06850869572895,535.8661521414523,206.7976434457233,1.567042944290372,156.7042944290372,0.6550411196200696,0.5574954820348119,0.5573213213265151,1.8950815862267634,Tokyo,533946161,random_forest,0.006231205966538241,0.2526887895075756,57.816666762034096
509.2227033608772,574.38955746823,65.16685410735276,0.3396833428833698,33.968334288336976,0.18444488997929154,0.17568008096188106,0.17281840114271874,-0.039000086943540194,Tokyo,533946162,random_forest,2.0079616016174233,1.845794747396906,51.93250020345052
491.27079448505395,531.5744112369597,40.30361675190583,0.19739890329980134,19.73989032998013,0.11058429137813612,0.10865251593037306,0.10613146002143697,-0.2632128821670584,Tokyo,533946163,random_forest,-0.3872222509948896,-0.18553555505958372,57.51583321889242
498.152993547725,603.0274694564765,104.87447590875149,0.3630677135497166,36.306771354971666,0.23273361623887937,0.2827258837465579,0.2233588814944507,-0.0021508353529259977,Tokyo,533946164,random_forest,3.5230441823546848,2.9440330239762447,52.43458318710327
841.6583427099334,607.7396316863934,-233.91871102354006,-0.15217633370643968,-15.217633370643966,-0.2644233939240464,-0.6306098192712615,-0.2534670071850416,-0.8140759369008711,Tokyo,533946171,random_forest,-0.0583218703565973,-0.16094771524540535,44.2408332824707
517.3638221277639,595.9440691156657,78.58024698790176,0.33420102654712536,33.42010265471254,0.18967505120345515,0.21184057972320594,0.17888424795010194,-0.047639158606235785,Tokyo,533946173,random_forest,-0.26021830783436845,0.13020491238095772,49.18916670481364
537.2883178597913,632.2661153167309,94.97779745693953,0.49044290214663117,49.044290214663114,0.26632441761712455,0.25604592051242864,0.24620379011665974,0.19856785996627127,Tokyo,533946182,random_forest,1.0273408876035457,0.9263683534979958,29.68333339691162
472.1472494769321,636.9267273533953,164.77947787646332,0.5025811930761923,50.25811930761923,0.3439850946701193,0.44422079921957325,0.3304147886536343,0.21769546201831938,Tokyo,533946184,random_forest,0.407719173378205,0.39833207921928093,30.108333190282185
690.9084841501581,637.8602574103109,-53.04822673984719,0.09786859614037702,9.7868596140377,-0.017960956133580026,-0.14301007615294814,-0.01977453929772778,-0.4200534224466787,Tokyo,533946191,random_forest,-0.3388601251113579,-0.27477491500365114,42.59708325068156
647.7946967064375,627.2927342053694,-20.50196250106816,0.12440001872577132,12.44000187257713,0.025604000436558822,-0.05527022105642376,0.021956937697358833,-0.3782450248696986,Tokyo,533946192,random_forest,-0.028385991624246074,0.022294449976759674,41.21291700998942
502.29499244310256,629.8196906710011,127.52469822789853,0.39876250483003167,39.87625048300317,0.26715094362980907,0.34378749160439953,0.25629417146943256,0.0540972614263352,Tokyo,533946194,random_forest,-0.8040221586348716,-0.48941894574595984,46.14583365122477
477.27004731887723,488.4736904241335,11.203643105256278,0.19888433254832497,19.888433254832496,0.07629006159276508,0.030203344242412434,0.0686321801756491,-0.2608721325749525,Tokyo,533946232,random_forest,-0.08331604730346599,0.2053876518541695,74.73750003178914
230.46471018785815,500.18663269903294,269.7219225111748,1.6114534066217907,161.14534066217908,0.8417350258721717,0.7271299164740713,0.7577308518118562,1.9650638971923124,Tokyo,533946241,random_forest,-0.02552720713166143,0.4019950626670256,68.77374935150146
182.3652051013962,525.7017934671206,343.33658836572437,2.073109268783984,207.31092687839842,1.0751360386252784,0.9255840329794424,0.9658198570233236,2.6925443693342728,Tokyo,533946242,random_forest,-0.3453149378036876,0.19751762540309187,66.14374923706055
353.76243917673565,499.30650548739595,145.54406631066033,0.6057319859018936,60.57319859018937,0.37977848368294403,0.39236500983854045,0.35903648285014245,0.3802411884284713,Tokyo,533946243,random_forest,-0.050068605296534036,0.4074834074429222,73.41208394368489
237.5848794020595,480.40855824150714,242.82367883944767,1.2528778736304877,125.28778736304878,0.7440016201663209,0.6546162791240638,0.6911379977227664,1.4000181143502408,Tokyo,533946244,random_forest,0.04042831786545738,0.5336930156305033,79.30833355585735
405.9552729647077,484.325111332688,78.36983836798031,0.2640100778650405,26.401007786504053,0.1843052261342322,0.21127334958927949,0.18020554627036015,-0.1582465366825818,Tokyo,533946251,random_forest,-0.5393723216927016,0.010631567199451608,64.9020832379659
251.7114295954941,473.71238972677196,222.00096013127782,1.294648201880715,129.4648201880715,0.7022113584063909,0.5984813473614915,0.6391118635379077,1.465840083933125,Tokyo,533946253,random_forest,0.23810040506353983,0.5329160521768825,135.2391668955485
465.421158977347,539.7980574085524,74.37689843120546,0.39662077109620886,39.66207710962089,0.19823935747966048,0.20050898139969422,0.18377057735881874,0.05072230272747568,Tokyo,533946263,random_forest,2.214647798188991,2.070995048553962,66.9704163869222
198.35239779980398,500.60630026864845,302.2539024688444,2.0438599353351834,204.38599353351833,1.0025362483834572,0.8148312632875712,0.8867238370174898,2.646453069188071,Tokyo,533946264,random_forest,3.0733417751069774,2.8609936730067322,63.79874976476034
344.85147400330175,522.1792517414491,177.32777773814738,0.8854063534696036,88.54063534696036,0.49776899335356956,0.47804913673611277,0.4568049548299821,0.8209539739463579,Tokyo,533946271,random_forest,1.8070396745506851,1.7939393025653194,57.962916692097984
328.2443602746438,536.0772161977235,207.8328559230798,0.9476189008882375,94.76189008882375,0.5488876227902274,0.560286259866977,0.5074566285962586,0.9189889326216174,Tokyo,533946273,random_forest,1.145842112565869,1.1261456681427524,64.55666621526082
205.2897507378863,653.5000351404786,448.2102844025923,2.484308991200416,248.43089912004157,1.1932700143232498,1.2083078143081756,1.049844789820108,3.3405157105994077,Tokyo,533946282,random_forest,3.4769167386025113,3.166739882514183,29.730833053588867
272.2277417114695,651.7790362619738,379.5512945505043,1.5476778843609245,154.76778843609245,0.886496951699251,1.0232134582708963,0.8160829229128052,1.8645659920468234,Tokyo,533946292,random_forest,-0.7438838793352988,-0.36850018422749486,39.63333328564962
464.6007050658138,652.115280869784,187.5145758039702,0.8121581944779899,81.21581944779898,0.42997321154858764,0.5055112190087655,0.3905881130442214,0.7055290229077695,Tokyo,533946293,random_forest,-0.05362606365344662,0.22965816594207383,34.16124987602234
605.8270632128732,692.4861990073719,86.65913579449864,0.3134730884049122,31.347308840491223,0.1850341300951673,0.23362005425924678,0.17535030627692935,-0.08030238561607454,Tokyo,533946294,random_forest,-0.05281511433283969,-0.16343117111068162,35.27625020345052
229.0084272631456,479.3480636400857,250.3396363769401,1.3199741898437687,131.99741898437688,0.77750938544329,0.6748781752487035,0.7208335742104799,1.5057489493692382,Tokyo,533946334,random_forest,0.2776027915657164,0.6772918025949308,74.70458300908406
345.9794676175774,445.221575339436,99.24210772185866,0.4296347762527504,42.96347762527504,0.29224035544505333,0.26754186247325207,0.2809087988257178,0.10274599835671058,Tokyo,533946352,random_forest,0.4658660765708453,0.7950956139667192,141.92458375295004
225.23731216220062,490.13376429710246,264.89645213490184,1.4989459245352041,149.89459245352043,0.8125306274599842,0.7141211708779395,0.7378948078065286,1.7877738357068638,Tokyo,533946363,random_forest,0.8371263726628486,1.1164279735676303,77.21083323160808
476.468957932783,548.4906057200275,72.02164778724446,0.3710595124098727,37.10595124098727,0.18989605712347213,0.19415957832531897,0.17616615576438768,0.010442696072886065,Tokyo,533946371,random_forest,1.6235476029140592,1.6179550313927256,64.15999952952068
374.188247401213,613.278490553829,239.090243152616,0.7971305516953309,79.71305516953309,0.5149015201810597,0.6445514955356452,0.48795047922458296,0.6818483603997547,Tokyo,533946373,random_forest,1.2814039783816513,1.4423258046554146,54.38166666030884
634.4413081797235,646.9880459768896,12.546737797166083,0.17106571585887365,17.106571585887366,0.08488980535813966,0.03382412642449362,0.08079550064220682,-0.30470889944453083,Tokyo,533946391,random_forest,-0.04347104755513017,0.0861944604786879,37.32208307584127
1021.480800937942,611.2008168245387,-410.27998411340326,-0.30185135814517944,-30.185135814517945,-0.44879687827852893,-1.1060534041944712,-0.4245347187771949,-1.04993486639996,Tokyo,533946392,random_forest,-0.6581383189311439,-0.6595981257253373,41.79416688283285
546.1357702252944,603.585569849095,57.44979962380057,0.2541715986087086,25.417159860870857,0.15188953348876202,0.1548760575817694,0.14517766363118198,-0.17375007973526513,Tokyo,533946393,random_forest,-0.07840016969906435,-0.2837781649569407,45.589166482289635
486.0813968894009,626.5993311379378,140.51793424853687,0.5989995661331776,59.899956613317755,0.3332266616157806,0.3788153103832874,0.3072823409428552,0.3696321952077101,Tokyo,533946394,random_forest,-0.20267707358766301,-0.45747980725544884,46.13083362579346
317.1111171226577,497.08159123009386,179.97047410743622,0.7706466465952634,77.06466465952634,0.4937541977703552,0.48517345044549504,0.4668484409623161,0.6401148412018742,Tokyo,533946441,random_forest,-0.21032599832982124,0.2194884597828053,64.56083329518636
220.10074254364346,525.9953307850496,305.8945882414062,1.736677989161418,173.6677989161418,0.9227489672991388,0.8246460069949594,0.8341252444865056,2.162393652744517,Tokyo,533946442,random_forest,0.5533371707336893,0.8888226861552442,63.49708366394043
443.4305707223193,464.4263259534789,20.995755231159542,0.16059164128805312,16.05916412880531,0.07539623348132003,0.05660141231905454,0.07107733603952802,-0.32121401795064786,Tokyo,533946443,random_forest,-0.028152677943909372,0.28373346112629555,80.90708287556966
298.22306679429363,470.05932587103774,171.83625907674403,0.6646557033296441,66.4655703329644,0.46776548070277074,0.4632448246935253,0.4505952189718507,0.47309358625990905,Tokyo,533946444,random_forest,0.17304026805141853,0.6232705003151872,76.75624958674113
409.47079998388864,540.742439752196,131.27163976830744,0.49068897107978665,49.06889710797867,0.30659884272879184,0.35388868495177334,0.2928789696950166,0.1989556170778847,Tokyo,533946452,random_forest,2.652424622501657,2.5113815968161464,61.60541613896688
496.78133729778625,499.39470572161105,2.613368423824729,0.06111417871138447,6.111417871138447,0.01026113115062599,0.007045249959809712,0.009858182668375726,-0.47797128537452405,Tokyo,533946453,random_forest,0.8165732143962887,1.1237417996028671,68.49833250045776
371.4563607270865,564.7761182491771,193.31975752209064,0.6185520256392546,61.85520256392545,0.4398068647306321,0.5211611196861524,0.4243760571536575,0.40044309492508473,Tokyo,533946454,random_forest,1.7224267780330498,1.69725289982393,52.8841667175293
669.6028595750128,566.7438155694714,-102.85904400554136,0.032414599313326194,3.2414599313326193,-0.09951572006482534,-0.2772925811147347,-0.09204362561896477,-0.5231962793191258,Tokyo,533946461,random_forest,1.2525281887800044,1.3061343804236618,56.727916876475014
367.271318026596,589.4012696663405,222.12995163974435,0.8960715081561145,89.60715081561143,0.5410340198327709,0.5988290891538675,0.5046864524862988,0.8377601978085909,Tokyo,533946463,random_forest,4.792430088125205,4.215356232526668,49.43208312988281
650.842843582817,600.2860818267878,-50.5567617560291,0.10644356463987868,10.644356463987867,0.002419127368155046,-0.13629345961427333,0.0007035655479503411,-0.4065409283056896,Tokyo,533946472,random_forest,0.7291434976988715,0.6121342791081514,53.59541702270508
313.8199115427832,551.2988092210347,237.47889767825154,1.027377727691847,102.73777276918469,0.6193889578503988,0.6402075494104021,0.5771880398856422,1.0446734386275078,Tokyo,533946473,random_forest,1.947341245556158,1.9412414008421814,54.73208347956339
353.6303102278546,645.9419795800155,292.311669352161,1.1329607952883693,113.29607952883693,0.6627522309874597,0.7880284914980433,0.6136044569653755,1.2110519602942145,Tokyo,533946474,random_forest,0.7850007777443093,0.9621228000364059,45.97375011444092
523.8478735269249,665.5557207115224,141.70784718459754,0.4132505244177595,41.325052441775945,0.29008499230406926,0.3820231374881582,0.2796020407339305,0.07692758200478218,Tokyo,533946481,random_forest,0.19117503747630368,-0.04373292768462409,27.853749990463257
212.02701774691357,690.8678013956766,478.8407836487631,2.4829405994997344,248.29405994997344,1.2145351911788465,1.290883053840307,1.072289401132361,3.3383593895774575,Tokyo,533946482,random_forest,-0.3267627561284453,-0.3241363206335467,26.201249996821087
462.5049093844229,616.7703811366587,154.26547175223584,0.5142421499650903,51.42421499650903,0.3394778165480547,0.41587661301572226,0.32583931357456636,0.2360708778170734,Tokyo,533946491,random_forest,0.04989676726770853,0.037087008433030186,41.721250216166176
389.58934724923444,654.9660486124299,265.37670136319537,1.1125275627517694,111.25275627517696,0.6187033356330432,0.7154158508876497,0.5661752937575808,1.1788531323978413,Tokyo,533946492,random_forest,-0.5396281455515567,-0.4588578470906543,42.753333727518715
469.222916779667,661.2186826430587,191.99576586339182,0.7111137381388968,71.11137381388967,0.4096923277575772,0.5175918364212292,0.3789294141595807,0.5463024759716761,Tokyo,533946493,random_forest,0.01727718022668215,0.13302089777437187,37.90625
505.654098692746,652.274197988313,146.62009929556697,0.4284540659158796,42.84540659158796,0.2984663794581304,0.39526583364683177,0.28750878775442146,0.10088542691436655,Tokyo,533946494,random_forest,0.644534012867726,0.6131470344886274,40.31916666030884
331.7365048486244,584.1579833836857,252.4214785350613,0.9280511581382518,92.80511581382517,0.6028860269801429,0.6804905099838757,0.5712619342146037,0.8881539494637284,Tokyo,533946501,random_forest,-0.4864824541920418,0.08319780514477872,54.19416650136312
775.6708887399137,624.8057847477844,-150.8651039921294,-0.1135226796691498,-11.35226796691498,-0.18328459515618134,-0.4067097306860708,-0.17660939823825142,-0.7531652439068325,Tokyo,533946502,random_forest,0.20139203054233656,0.5153731725767251,47.68749984105428
849.5284791026626,620.0947920747291,-229.43368702793342,-0.2061123793783892,-20.61123793783892,-0.277940725870772,-0.6185188661409146,-0.27138522073337124,-0.8990687273901532,Tokyo,533946503,random_forest,0.035182790870988544,0.37002817458799175,47.24791653951009
595.6478073489444,667.1944933867734,71.5466860378291,0.2117618028610421,21.17618028610421,0.13438426783493881,0.19287915256694754,0.13013401767716698,-0.2405797265840193,Tokyo,533946504,random_forest,0.8227085279312627,0.9656429991173447,43.12583335240682
488.3567277265745,649.8908356988985,161.53410797232397,0.5273159497354946,52.731594973549456,0.3326296180302634,0.4354717679011177,0.3152103531423182,0.25667266111322407,Tokyo,533946513,random_forest,-0.1264116413506243,0.3333453364091884,40.38500006993612
412.3008845005197,461.8632418438527,49.56235734333294,0.19241909525920445,19.241909525920445,0.1265818169173476,0.1336126942140666,0.12255815265087455,-0.27106009781289153,Tokyo,533946522,random_forest,0.9600107461422847,1.0924399975116281,107.76125081380208
557.1770383704558,526.5965786082614,-30.580459762194295,0.15636667365611415,15.636667365611414,0.011974805888687453,-0.08244034057595667,0.0098982479795515,-0.32787175090625714,Tokyo,533946551,random_forest,-0.0033622050238577396,0.2743644469938041,63.65749963124593
406.5875227534562,606.7678827671758,200.1803600137196,0.6361996589193475,63.619965891934754,0.43149612933309256,0.5396562767362557,0.41520880188104353,0.42825235641839954,Tokyo,533946552,random_forest,2.583265375481574,2.198817913166637,48.30791632334391
437.8063359833459,563.5073786923745,125.70104270902857,0.47133862335546356,47.133862335546354,0.296894273043504,0.33887118938926,0.2823156479820426,0.16846320649162858,Tokyo,533946553,random_forest,0.2812686786230197,0.45566511366506723,55.69333299001058
396.2729884472606,583.0066440161253,186.7336555688647,0.6874391960397958,68.74391960397958,0.44851031445253264,0.503405974985445,0.42663526326967666,0.5089959702482681,Tokyo,533946554,random_forest,-0.05990248355059317,-0.1621135596325106,54.08708397547404
650.3605579281212,615.1122742236538,-35.24828370446733,0.054466429399816586,5.4466429399816585,-0.006878163851676426,-0.09502409499109894,-0.00858269299473387,-0.48844685430851437,Tokyo,533946561,random_forest,-0.3353072429182873,0.0444359337133562,47.42541662851969
864.2030708809808,603.4801024314321,-260.72296844954866,-0.22525996268904594,-22.525996268904596,-0.3157240447610165,-0.7028700837757741,-0.3051269586478982,-0.9292416204234496,Tokyo,533946562,random_forest,1.5649128270768278,1.4358275391733655,43.17416683832804
589.9880091481717,617.4395092401504,27.451500091978787,0.2403343737927046,24.033437379270456,0.11327759139925424,0.07400513381755798,0.10833420508550119,-0.19555487345137837,Tokyo,533946563,random_forest,-0.2908968756351048,-0.08088522309417684,43.7329166730245
534.8676597001519,630.7830398589871,95.91538015883519,0.25278092434504984,25.278092434504984,0.18979046722529627,0.2585735030884749,0.18640526896853524,-0.1759415137726969,Tokyo,533946571,random_forest,0.6963425045841628,0.7379709326831565,39.36291686693827
446.1439679659498,648.4881735290161,202.34420556306625,0.5670571932355088,56.70571932355088,0.3976137410723055,0.5454896803354535,0.38271224535647264,0.31929718503780435,Tokyo,533946572,random_forest,0.836495640693873,0.7045868454533817,32.52999997138977
380.6164837429596,686.1869540972216,305.57047035426206,0.9860785958213656,98.60785958213656,0.6181124466285819,0.823772233702775,0.58119345643471,0.9795939835297722,Tokyo,533946573,random_forest,0.2790444931345251,0.2739062957824104,29.330000003178913
778.4776768896658,612.8884553319318,-165.58922155773396,-0.11015536679021938,-11.01553667902194,-0.1869425449195398,-0.4464037469378972,-0.18216439346391222,-0.7478590091900438,Tokyo,533946582,random_forest,1.1703971356692906,0.9157569798768126,49.91791598002116
326.34443420158203,492.53993058383224,166.19549638225024,0.7615589936706099,76.155899367061,0.4499008856104816,0.4480381730846728,0.4183064774252913,0.6257944554293948,Tokyo,533946584,random_forest,2.370120936800709,2.1784750323381705,82.76791699727376
228.15507061871116,593.6289288602585,365.4738582415473,1.9906142254070769,199.0614225407077,1.0082755541061215,0.9852627978566435,0.8992807848701467,2.5625481144960327,Tokyo,533946591,random_forest,1.0016136841338183,1.0468236026382953,46.56416686375936
379.3093868407578,655.646957476149,276.3375706353912,0.9916270157997952,99.16270157997951,0.5968777555157471,0.7449647132276946,0.5566154928462005,0.9883372217649484,Tokyo,533946592,random_forest,-0.9773656250475214,-0.6300076505445831,38.34874979654948
559.0498589129014,569.0572258592675,10.007366946366055,0.167066065064569,16.706606506456897,0.060799344729570014,0.026978362841585685,0.057223203303045735,-0.3110115765828999,Tokyo,533946593,random_forest,1.5700125260419484,1.355309730517198,51.46999994913737
754.6794745583717,629.3025981290912,-125.37687642928057,-0.0819993874607266,-8.199938746072661,-0.14930985428409482,-0.3379972856378617,-0.1449924593269523,-0.7034906239597434,Tokyo,533946601,random_forest,0.26974316265845705,0.5753648921382993,46.885416666666664
333.0104858602445,621.5546495515696,288.5441636913251,1.1950228541150432,119.50228541150432,0.6856860218993747,0.7778718603611519,0.6319778741570335,1.3088497780146977,Tokyo,533946602,random_forest,0.20890655450952528,0.45794500247788317,42.09166669845581
501.1542420401484,671.4783491705917,170.3241071304433,0.4027022738173198,40.27022738173198,0.3018582707914433,0.45916828946727134,0.2942869391903689,0.060305576402731376,Tokyo,533946603,random_forest,-0.3639538842104461,0.14445833178535092,43.21583334604899
875.8115328131345,669.3855753691967,-206.42595744393785,-0.10267191969145133,-10.26719196914513,-0.2157817668046478,-0.5564934722281317,-0.20428259383559003,-0.7360665419544637,Tokyo,533946604,random_forest,-0.17887633372684944,0.059983044223932074,39.75249973932902
645.2524785795946,634.1484849636411,-11.103993615953513,0.2408180626081673,24.08180626081673,0.07738806561143492,-0.029934704140196045,0.06955512061118505,-0.19479267330039454,Tokyo,533946611,random_forest,-0.14336597527060907,0.1769897910097277,39.21916675567627
326.806186756126,615.8235114225149,289.01732466638884,1.0012060430739833,100.12060430739832,0.6509119250086027,0.7791474315015089,0.6169459683143943,1.003431918605685,Tokyo,533946612,random_forest,-0.11022808998454107,0.19305370425812277,43.65791686375936
404.56853740112473,624.2618281237284,219.69329072260368,0.8391541760780069,83.91541760780068,0.5109432251027491,0.5922602161729078,0.4778031020790488,0.7480694757644394,Tokyo,533946613,random_forest,0.2927181254986963,0.39581313722341044,42.615833123524986
273.25204640655386,528.8070500447062,255.55500363815244,1.1777152207204622,117.77152207204621,0.6963046055789907,0.6889380244657052,0.6464096413250674,1.281576290671595,Tokyo,533946614,random_forest,0.0316770841042467,-0.11873893071926726,60.384583473205566
428.95681652453345,428.23340289363955,-0.7234136308938872,0.06751998762064194,6.751998762064194,0.021770988080402415,-0.001950214829075617,0.02077369220845016,-0.46787696778494137,Tokyo,533946623,random_forest,2.3439870537889145,2.1810370515434045,137.32083415985107
343.7367747648279,466.84233655842576,123.10556179359787,0.810574310251531,81.05743102515311,0.4069504264393296,0.3318741614737075,0.3639550331448637,0.7030331272865467,Tokyo,533946624,random_forest,1.0613039629874934,1.1933681399101614,102.92499955495198
280.1832965067006,501.28863758784775,221.1053410811472,0.9229093835434199,92.29093835434198,0.6028813311373779,0.5960668925072069,0.5720175950271232,0.8800515058114875,Tokyo,533946632,random_forest,0.5464001000048652,0.6590291288828168,77.09166653951009
266.4459313943748,482.5705304710729,216.12459907669813,0.9155130373981537,91.55130373981537,0.5922008284041048,0.5826395578509966,0.5607029455319107,0.868396292855493,Tokyo,533946633,random_forest,0.7949810250591497,1.003481628075353,70.01583353678386
234.90211274475345,475.0854188147586,240.1833060700052,1.0984204201942775,109.84204201942777,0.70625838437525,0.6474982294919447,0.6679914958016727,1.1566230004544662,Tokyo,533946634,random_forest,0.9784915515747191,1.0129088034682148,66.63208389282227
264.36262696266965,514.5496807852152,250.1870538225455,1.1902867757357407,119.02867757357406,0.6956290816593361,0.6744668355288935,0.6438084061916608,1.3013866332398443,Tokyo,533946643,random_forest,0.6962885602015311,0.6990140396354317,61.56500005722046
348.59198196091234,554.9764390985495,206.38445713763713,0.815157621066791,81.5157621066791,0.5075707241234434,0.5563815936163631,0.47831636098506264,0.7102555398867949,Tokyo,533946651,random_forest,0.18504530127945318,0.3621548440032206,55.53750022252401
558.9622096487394,568.4041156580363,9.44190600929683,0.09183631085761955,9.183631085761954,0.042919623526158045,0.025453964824129535,0.042485461111897944,-0.4295591389452025,Tokyo,533946652,random_forest,0.03678553132813862,0.24171753286173567,55.209583123524986
526.9993600616647,559.8862218007955,32.88686173913086,0.2074769160476265,20.74769160476265,0.09068921008646454,0.0886580549583537,0.08957641833035969,-0.24733188059653194,Tokyo,533946653,random_forest,-0.07869146344786303,0.07381601985066519,55.743749936421715
607.87400531234,605.3600411281656,-2.5139641841744385,0.12714470158127675,12.714470158127675,0.05209151103336137,-0.006777271013934101,0.04980918047863734,-0.3739199348118114,Tokyo,533946654,random_forest,-0.028878703181158705,0.06772797132912643,49.297916889190674
801.027807219662,631.8614910617918,-169.16631615787026,-0.15510701088252674,-15.510701088252674,-0.22026987066756554,-0.4560470583662042,-0.21349085969815348,-0.81869411808408,Tokyo,533946661,random_forest,0.1488542535028522,0.08304997804152771,41.23249991734823
222.82493975550145,624.2775102313798,401.4525704758783,2.2412053167755857,224.12053167755855,1.0980900808970582,1.0822560187940697,0.9710282863502172,2.9574312740199216,Tokyo,533946662,random_forest,1.1612555925141441,1.1175691827936896,42.47249968846639
764.4705292862268,627.8275155380812,-136.6430137481456,-0.12031703632392372,-12.031703632392373,-0.16381594428323887,-0.36836910492263764,-0.16062782551774488,-0.7638718376972071,Tokyo,533946663,random_forest,0.3816565952049676,0.3703690845494264,42.14833354949951
777.7471048067076,655.9017721674728,-121.84533263923483,-0.09145794398447965,-9.145794398447965,-0.14500186158066145,-0.32847677237304135,-0.14135464969806397,-0.7183954821661444,Tokyo,533946674,random_forest,0.9728888427590977,0.6415058388449077,28.739166657129925
283.87877137736814,572.5509508138194,288.6721794364513,1.4401881040619362,144.01881040619364,0.7600050515063583,0.7782169716416676,0.6867109947781084,1.6951828594334857,Tokyo,533946681,random_forest,2.7762608231119823,2.501242684012518,51.24625047047933
386.0853274427495,646.6682597806724,260.58293233792295,1.0449276942081964,104.49276942081964,0.585761935535957,0.7024925673870367,0.5370756014628756,1.072328796165032,Tokyo,533946683,random_forest,0.7053986712602333,0.7947548958918261,40.03291670481364
429.34698731455546,647.2000893180475,217.85310200349195,0.6175368454622049,61.75368454622049,0.4381742885784199,0.5872993429255032,0.4227752492804236,0.3988433670432587,Tokyo,533946684,random_forest,3.154538999393998,2.821980670588526,43.34250005086263
663.9289455479634,648.6517110333363,-15.277234514627144,0.16063035940480283,16.063035940480287,0.046262137291076165,-0.041185136725826944,0.04190666540061536,-0.3211530056768697,Tokyo,533946691,random_forest,1.3244733419765602,1.2018883755162675,43.584999879201256
507.02036219918074,627.578533490663,120.55817129148222,0.33893858760770884,33.893858760770875,0.23947460072719137,0.3250067781116694,0.23099021771998154,-0.04017367741205615,Tokyo,533946692,random_forest,0.08035403471443385,-0.012981199301551642,35.35166645050049
285.921728078597,655.3595077398774,369.43777966128033,1.7520497287027776,175.20497287027777,0.9120422098359623,0.9959489364693508,0.8195627640899802,2.186616545283598,Tokyo,533946693,random_forest,0.824435675840187,0.9691493238937072,40.39958302179972
711.1783307411674,636.3847952808194,-74.79353546034805,-0.01787359330462202,-1.787359330462202,-0.0685821788394095,-0.20163217244541987,-0.06804436995834402,-0.602440757960703,Tokyo,533946694,random_forest,0.13014003965415413,-0.15357126335433047,36.90249991416931
684.74138562468,622.8058684818201,-61.93551714285993,0.03873048880067212,3.8730488800672123,-0.04350502626999975,-0.16696888034750054,-0.04335886385739742,-0.5132436573709687,Tokyo,533946701,random_forest,-0.5071518898825143,-0.18619905775304565,42.015833695729576
784.0800787250383,631.265683827849,-152.81439489718937,-0.03050794465861033,-3.0507944658610335,-0.13149527909053463,-0.41196472709045534,-0.12668814534043862,-0.6223500554299457,Tokyo,533946702,random_forest,-0.32436505405819027,-0.24135740816336676,42.25666697820028
636.6888708717357,570.2373296064903,-66.45154126524541,0.028945933711256606,2.894593371125661,-0.07092880909113852,-0.17914340517786173,-0.0684913182864976,-0.5286622263517873,Tokyo,533946703,random_forest,0.46298265432672453,0.6293994742906445,48.55250040690104
621.5056743592969,649.5351168623673,28.029442503070452,0.18929060664141306,18.929060664141307,0.0966406577968703,0.07556318002007419,0.09193180772208663,-0.27598999162189086,Tokyo,533946704,random_forest,0.23813355948474646,0.47643856136153623,46.14166657129923
396.72305734767025,571.3057576542332,174.58270030656286,0.6692626619395304,66.92626619395304,0.4266724830307418,0.47064881901273514,0.4044196908215194,0.4803532632170298,Tokyo,533946711,random_forest,0.27908766351142145,0.39238371702295216,56.37833340962728
287.4751797235023,534.5721703427598,247.09699061925753,1.1852373584359666,118.52373584359667,0.6761145526148987,0.6661364878211973,0.6227764414238145,1.2934297268462438,Tokyo,533946713,random_forest,0.7443954568020894,0.9050799622607049,60.69041681289673
427.98315894914595,502.27288745838837,74.2897285092424,0.23965897587883234,23.965897587883234,0.17575142499476926,0.20027398434240673,0.17180549899104838,-0.1966191701137586,Tokyo,533946714,random_forest,1.9392255650189631,2.0469726223374893,67.47791687647502
259.0709874336257,528.8529376719501,269.7819502383245,1.3325051692070262,133.25051692070264,0.7447550352768251,0.7272917422382589,0.6814685953447972,1.5254953525468957,Tokyo,533946721,random_forest,2.3188195428792167,2.222276903487832,77.5420838991801
610.0895837074262,547.3250146293708,-62.764569078055466,-0.021770199417501867,-2.1770199417501863,-0.09395309473489481,-0.16920388022729868,-0.08948597767361861,-0.6085810565837347,Tokyo,533946722,random_forest,1.1762771449381921,1.1875477236986696,58.75624974568685
386.17838779873955,561.1356221087367,174.95723430999715,1.0839328624013473,108.39328624013473,0.5033300857679887,0.47165850660541714,0.44177946047473937,1.1337934075754268,Tokyo,533946723,random_forest,2.9817719155645492,2.5788200166460875,55.06416686375936
454.9970667729478,577.9863849791373,122.98931820618942,0.5391110546025998,53.91110546025998,0.3143278114668369,0.3315607861677034,0.29198211031949234,0.27525946821559116,Tokyo,533946724,random_forest,1.8199059761774325,1.6684994329361174,49.58500003814697
321.95552336984224,501.9585666189671,180.0030432491249,0.634059156076792,63.4059156076792,0.4446084601959434,0.48526125197477094,0.42801684854209426,0.4248793373664365,Tokyo,533946731,random_forest,0.89435906038673,1.1128922367745737,67.55249977111816
249.09055671841926,544.3313016013229,295.2407448829037,1.3796040873791104,137.96040873791105,0.8006069148154649,0.7959248405459296,0.7393029946313772,1.5997141506549235,Tokyo,533946732,random_forest,1.3111287656788686,1.2230907231702612,68.36958265304565
307.6502530930494,564.4409554022026,256.79070230915323,0.9985946456271716,99.85946456271716,0.6290612691018894,0.6922692830562808,0.592040832307003,0.9993168606084587,Tokyo,533946733,random_forest,1.5351287650298506,1.568764856967576,57.080833435058594
369.24289503438564,519.483085824145,150.24019078975928,0.6661233598076723,66.61233598076724,0.3868767766185111,0.4050250582634052,0.35792296391235157,0.47540632939844,Tokyo,533946734,random_forest,1.315104713915132,1.2277736779993598,65.65250031153361
311.5602929137407,508.9858088644798,197.42551595073908,0.782166847062827,78.2166847062827,0.5153134006376995,0.532229629637034,0.48999551352462417,0.6582684520670361,Tokyo,533946741,random_forest,2.063094695672487,1.7227064300591728,67.97208309173584
421.67829295741586,612.0607209218856,190.38242796446968,1.1313665899411076,113.13665899411075,0.5181104894632965,0.513242519017713,0.4527704647375055,1.2085398005800814,Tokyo,533946751,random_forest,1.2224499751409514,1.205138194152323,50.701250076293945
625.3080958328919,645.3359759274794,20.027880094587434,0.2530385567426008,25.30385567426008,0.10811133725721407,0.05399216587493636,0.10144746422304822,-0.17553553487462417,Tokyo,533946752,random_forest,-0.3746711148416602,-0.0915824489186125,43.330000241597496
839.9605053156506,641.1374929505104,-198.82301236514022,-0.1897101365019825,-18.971013650198252,-0.24670178207991098,-0.5359970707171494,-0.2407158859364272,-0.8732219606318373,Tokyo,533946754,random_forest,0.19643259465594473,0.13395951406324813,38.820833603541054
313.6122025089606,641.3607779955283,327.7485754865678,1.2660499315094602,126.60499315094603,0.7520975023622022,0.8835610843170166,0.6985839268929844,1.4207747334474103,Tokyo,533946761,random_forest,0.046699608664898265,0.13036080722775187,40.696666876475014
382.8559475100199,587.3018179034375,204.44587039341755,0.7576916028403078,75.76916028403078,0.474805732234916,0.5511554540268245,0.4465294414390351,0.6197001944489132,Tokyo,533946764,random_forest,0.4529688804589335,0.10173115392479416,42.53250010808309
295.1034768164166,676.081383859465,380.97790704304833,1.5715852862125608,157.15852862125607,0.8666104543396793,1.0270593919380102,0.7914881619959391,1.9022394397644775,Tokyo,533946771,random_forest,-0.0564336839058436,0.023303978260312767,35.3529167175293
974.6664446066617,627.6368873325482,-347.0295572741136,-0.2782093383865029,-27.82093383865029,-0.40015793203881533,-0.9355397241924438,-0.3820791082830668,-1.0126796096035262,Tokyo,533946773,random_forest,0.33815949914021015,0.13698174281520983,45.30958334604899
400.86549325639595,635.6245698900165,234.75907663362045,0.9337301644629444,93.37301644629444,0.5444701847777454,0.6328753191245042,0.503569528111101,0.8971029665584859,Tokyo,533946774,random_forest,0.9511777127596408,1.042759577386736,42.485833168029785
531.3792467413086,702.6567846761556,171.2775379348469,0.5439093238845504,54.390932388455035,0.3472456526430679,0.4617385961546747,0.3288887936693123,0.2828206138411422,Tokyo,533946781,random_forest,0.0711408887686966,0.07755005854798647,31.8420832157135
830.0001161994368,666.9650595148196,-163.03505668461722,-0.08522361206549212,-8.522361206549212,-0.18125792030328547,-0.4395181008859956,-0.1741866367154711,-0.7085713791932651,Tokyo,533946782,random_forest,0.6568878654440587,0.3820791565259792,31.763749996821087
654.599495359703,672.1876564184008,17.588161058697825,0.18587491139611576,18.587491139611576,0.078410147979324,0.04741504866373481,0.07381970188332622,-0.2813724676032506,Tokyo,533946784,random_forest,0.08031899369408219,-0.1083481199787063,31.517083247502644
559.5998622891175,642.25551626766,82.65565397854256,0.46638475871775703,46.638475871775704,0.2280168834425349,0.2228272667418695,0.20981961295371843,0.1606568726379062,Tokyo,533946791,random_forest,0.3279405032121597,0.33227819356116056,38.56041685740153
592.152712047778,644.8245040965014,52.671792048723454,0.2778246065441636,27.782460654416354,0.1494216155728236,0.14199526459085346,0.14042108241711643,-0.13647750769454237,Tokyo,533946792,random_forest,0.30370537112036106,0.19994780066362058,38.105416774749756
724.6422235961032,629.8842243502544,-94.75799924584881,-0.014513327730626005,-1.4513327730625998,-0.08482528625866188,-0.25545337744665353,-0.08271053332798962,-0.5971456284353377,Tokyo,533946793,random_forest,1.404286420644273,1.140121966567903,39.06249984105428
256.3532960722819,667.4801629681498,411.12686689586786,2.4909655559932693,249.09655559932693,1.082276379427749,1.1083364733686178,0.9320215879460393,3.351005171029236,Tokyo,533946794,random_forest,0.26729015904084213,-0.0007430147300391895,36.16583283742269
636.0092026060703,632.3624365705515,-3.646766035518714,0.08723464890868803,8.723464890868803,0.02498056066219645,-0.009831135185896286,0.024717391301744867,-0.43681046938768325,Tokyo,533946801,random_forest,0.7261681950822128,0.951196343621962,47.259583155314125
980.7186891850733,627.3350022913006,-353.3836868937728,-0.30293460463862615,-30.293460463862615,-0.4099146646449931,-0.9526695062160639,-0.39610858169834606,-1.0516418536497436,Tokyo,533946802,random_forest,1.4099893831541246,1.3865210382418856,47.32916704813639
591.6613565800625,619.172351652641,27.5109950725786,0.32155804252411396,32.1558042524114,0.12482693144519379,0.07416552337681741,0.11598219535744914,-0.06756205949450009,Tokyo,533946803,random_forest,0.9670613941882352,0.9621195315572391,45.84500010808309
363.60889540627153,593.3328826779325,229.72398727166095,0.8782060422134323,87.82060422134323,0.5289910775009542,0.619301472130108,0.49445664539199297,0.8096076741123743,Tokyo,533946804,random_forest,1.2939001455270134,1.3741186214695946,52.91458320617676
247.5933894329237,550.8454246388729,303.2520352059492,1.582160653615811,158.2160653615811,0.8460357089230682,0.8175220796921256,0.7667109055236793,1.918904176210277,Tokyo,533946811,random_forest,0.6084458999326321,0.8871419341518157,57.08000008265177
281.1186232718894,573.9059028960759,292.78727962418645,1.492137368870978,149.2137368870978,0.7946046217532263,0.7893106655762655,0.7187534240596073,1.7770448670200634,Tokyo,533946812,random_forest,2.6775138293891856,2.4244235567491246,56.31541649500529
368.01820552046365,630.9916481980841,262.97344267762054,0.9822237799209151,98.2223779920915,0.5906435803361149,0.7089370253215327,0.5520879075365345,0.973519538209949,Tokyo,533946813,random_forest,1.5256038048113318,1.6319792823823496,51.87291638056437
363.72454061059904,624.1441957847138,260.4196551741147,1.0611122000975952,106.11122000975955,0.6227957653432262,0.702052396601597,0.5769903882658886,1.097832451486683,Tokyo,533946814,random_forest,1.0305803106788625,1.0397276503255446,47.56249968210856
357.3894076255363,596.4417925087354,239.05238488319912,0.9188149097951871,91.88149097951869,0.55490706732271,0.6444494353099776,0.5175007018978338,0.8735994060123283,Tokyo,533946821,random_forest,2.4218705174239785,2.155114605198039,51.00541671117147
483.588744249563,611.8704507014976,128.28170645193458,0.4534133858991596,45.34133858991596,0.2903158689347855,0.34582827242632447,0.27609690774606915,0.1402164944345263,Tokyo,533946822,random_forest,0.6303689631877263,0.648348157664411,47.259583473205566
612.3031969086022,612.9976847462173,0.6944878376151161,0.24753352119905367,24.75335211990536,0.08306748160582766,0.0018722352215786813,0.07715184531434194,-0.1842104076199223,Tokyo,533946823,random_forest,0.39698455425330775,0.5576785383875457,50.315416971842446
346.75693559422285,582.4490190857776,235.69208349155483,1.4555661984199197,145.55661984199196,0.6752011781808682,0.6353905659103914,0.5905795371087416,1.7194157659361633,Tokyo,533946824,random_forest,1.5560095381652592,1.2379847998339457,50.2954166730245
428.03163190802826,655.4276474986304,227.39601559060216,0.7259747029750202,72.59747029750201,0.4825369059740825,0.6130256090551214,0.4596194276687396,0.5697204862290005,Tokyo,533946831,random_forest,0.28252964147633725,0.11856282364112099,48.48166672388712
559.2227836981567,542.2412166209571,-16.981567077199596,0.09843531696726177,9.843531696726176,0.011129293173185265,-0.045779762117524596,0.009412815768126647,-0.4191603798829303,Tokyo,533946832,random_forest,0.5626843572948674,0.7376335838939696,58.565000216166176
279.2719272369913,578.3315890053459,299.0596617683546,1.2306507791025612,123.06507791025611,0.7425661886516881,0.8062200686463608,0.6921193094437736,1.364992506431416,Tokyo,533946834,random_forest,-0.3074487193152025,0.20074888288963103,53.242916425069176
274.371090628971,618.8268791698696,344.45578854089854,1.4545426221458764,145.45426221458766,0.848744978741769,0.9286012290690869,0.7850443884623246,1.7178028074271414,Tokyo,533946852,random_forest,0.1020062097017278,-0.12890814946559873,37.75333333015442
619.589659472827,632.8772683059642,13.287608833137233,0.17930419680812873,17.93041968081287,0.0767235147577684,0.03582140380368567,0.07108809619367228,-0.29172664469176657,Tokyo,533946862,random_forest,-0.1482952250789821,-0.07418730013620271,44.201666831970215
446.80004169866874,650.955949032017,204.1559073333482,0.6293417866634219,62.934178666342184,0.4225155299224044,0.5503737570342857,0.40352722091875654,0.41744567430834495,Tokyo,533946863,random_forest,-0.1480467773661378,-0.19588684534135742,36.78125007947286
900.2066050494818,637.9830022056888,-262.223602843793,-0.1577298800728064,-15.77298800728064,-0.26786765598112117,-0.7069155694062563,-0.2578967129298146,-0.8228272533332991,Tokyo,533946864,random_forest,-0.3335347427544024,-0.45137860810263264,41.46291653315226
634.0313480447239,566.8646945828197,-67.16665346190423,0.1572750799327712,15.72750799327712,-0.02027738498637736,-0.18107124058324878,-0.02238266752064529,-0.3264402780685809,Tokyo,533946871,random_forest,0.7220432761936182,0.7139584586144235,53.115833123524986
720.207132876918,607.6613592326,-112.54577364431793,-0.05988199478850121,-5.98819947885012,-0.1288647060037277,-0.3034065537854534,-0.12232389726320485,-0.668637884977114,Tokyo,533946872,random_forest,-0.1133308337946774,-0.17894775834287202,48.3641668955485
313.75738015846986,612.983200065457,299.22581990698717,1.2805150872856805,128.05150872856805,0.7212515686658304,0.8066680061085459,0.6615484980641948,1.4435690250749575,Tokyo,533946873,random_forest,-0.0862056185584838,0.15647060828775997,52.95583311716715
840.5092215181771,604.9753294766438,-235.5338920415334,-0.21354907147686053,-21.354907147686053,-0.29038341256975253,-0.6349641054478156,-0.2828232009753577,-0.9107875177757708,Tokyo,533946874,random_forest,-0.12874370438996338,-0.06848893963298902,50.78916708628336
451.2860644366442,682.6318048768568,231.34574044021255,0.7879872050828339,78.7987205082834,0.4810644243795395,0.6236734758404909,0.4500713859219245,0.667440212132204,Tokyo,533946881,random_forest,-0.3446134123169572,-0.2203779603820516,39.857916514078774
308.73977550168985,626.1227396005077,317.3829640988178,1.296784034505486,129.6784034505486,0.7600755945926535,0.8556169481029309,0.7038087340079252,1.4692057436238897,Tokyo,533946882,random_forest,-0.6267357975973396,-0.49922854917111487,36.026249726613365
407.00309153468584,591.2232182496189,184.22012671493303,0.6662665851141084,66.62665851141085,0.40764502229655547,0.49662987755666155,0.38407152408979844,0.47563202481809913,Tokyo,533946883,random_forest,0.13407326732280525,0.15127313114979232,51.051249980926514
229.828752755266,632.2180233938425,402.3892706385764,2.2834058659158005,228.34058659158006,1.0793589193416502,1.0847812221765858,0.9497985606540164,3.023931188630315,Tokyo,533946884,random_forest,-0.3036251508695016,-0.12002223202614085,46.49666659037272
605.0449439434468,680.2442937225603,75.19934977911346,0.24539472672453552,24.539472672453552,0.15561547153641866,0.2027261870844993,0.15072128333068918,-0.18758073461382158,Tokyo,533946891,random_forest,-0.2310031237185507,-0.07946898023599958,38.829166889190674
346.9602809382559,638.5021751097889,291.5418941715331,1.022834837187952,102.2834837187952,0.6416867322957902,0.7859532928727977,0.603109103000259,1.0375147206309807,Tokyo,533946892,random_forest,0.6874971774665276,0.5787746464157284,35.77125024795532
312.06722441423886,621.0688537953558,309.00162938111697,1.418988400148291,141.89884001482912,0.7687388500069295,0.8330221246770725,0.6984156607172757,1.6617762206871765,Tokyo,533946893,random_forest,-0.676857802145013,-0.6580649354546743,37.15333318710327
721.5286145000176,636.2383656684459,-85.29024883157172,0.03941134038717029,3.941134038717029,-0.0526676136454118,-0.22992973997649038,-0.04738445215121396,-0.5121707667738808,Tokyo,533946894,random_forest,0.4339722035114885,0.21452154928143763,35.92833344141642
287.07060259213125,602.181289297325,315.11068670519364,1.179138914899833,117.9138914899833,0.7474826523149601,0.8494912284875243,0.704843177492463,1.28381975771855,Tokyo,533946903,random_forest,0.4371823006631792,0.7550294107344274,52.575416564941406
656.7062866964176,581.1845583902176,-75.52172830619986,0.2161356562619361,21.61356562619361,-0.004386079764153283,-0.20359527132240976,-0.012914076834044655,-0.2336873784131123,Tokyo,533946904,random_forest,0.34471667341711476,0.33419392710331514,48.59083318710327
523.3592848060897,610.7730313059486,87.41374649985896,0.2694473760065323,26.944737600653227,0.19139609684041958,0.23565437172981255,0.18735616561576177,-0.149678404999767,Tokyo,533946911,random_forest,1.0674863717667276,1.0114580519943162,45.74958356221517
829.6146724951328,609.1273741376397,-220.4872983574932,-0.15869425241254356,-15.869425241254355,-0.2564442718490399,-0.5944007418664138,-0.24766812333065605,-0.8243469178768119,Tokyo,533946912,random_forest,0.3534337676561107,0.36014277112683013,44.144583543141685
736.4582022849462,624.3255847651508,-112.13261751979546,-0.0639531859712126,-6.3953185971212605,-0.12619496676643696,-0.30229274673737283,-0.12277551546424648,-0.6750532959499277,Tokyo,533946913,random_forest,0.14721119700666363,0.0179964778983504,40.854166666666664
481.07457994111627,622.5293722565186,141.45479231540241,0.5065640450340472,50.65640450340472,0.3155796967389018,0.38134093945179504,0.2997228579920352,0.22397166743505864,Tokyo,533946921,random_forest,0.5463612088916705,0.5182943213506432,47.881666819254555
299.9161699948797,611.510384638322,311.5942146434423,1.2343431159852638,123.43431159852638,0.7366377803624732,0.8400113463454315,0.6849357413816745,1.3708109162013151,Tokyo,533946922,random_forest,1.1003494982479847,1.1424574291522467,50.081666787465416
937.2996466819394,641.8543988446244,-295.44524783731504,-0.23032452751674612,-23.03245275167461,-0.3280007999941392,-0.7964761498899214,-0.3162531276793395,-0.9372223963953887,Tokyo,533946923,random_forest,0.6290726642287469,0.44419379607942233,38.32416661580404
383.9246675947261,599.1722085452006,215.2475409504746,0.8050733205340291,80.50733205340292,0.5018911631063548,0.5802751404683592,0.47117215271891677,0.6943646299816638,Tokyo,533946924,random_forest,1.3633337335172866,1.3675138531554965,41.36999988555908
314.60978678266184,616.0776604700715,301.4678736874096,1.3650085262144727,136.50085262144728,0.7603049966763914,0.8127122473882714,0.6950454009963991,1.5767143653224087,Tokyo,533946931,random_forest,0.23733724002470868,0.36095608597990936,38.65541648864746
332.4643577840016,649.5227989375932,317.05844115359156,1.2828050344625568,128.2805034462557,0.7172239391193381,0.8547420828348082,0.656378080690145,1.4471775395333504,Tokyo,533946932,random_forest,-0.5359134568825201,-0.07627202288521004,47.609166304270424
501.75107874600525,638.3385971348604,136.58751838885516,0.4277687935581056,42.776879355810564,0.2903623695988102,0.36821949774354784,0.2793644283176756,0.0998055700355989,Tokyo,533946933,random_forest,0.7423023724075686,0.7806665861550558,34.947500228881836
747.5293842165898,618.3953030739026,-129.13408114268725,-0.037478427960017574,-3.7478427960017577,-0.13201199641823713,-0.34812614696288874,-0.12711035231926604,-0.6333341907973936,Tokyo,533946934,random_forest,-0.10878331799802805,0.15161258500687771,43.2991669178009
504.8505562499142,516.9841133066191,12.133557056704918,0.1101776826503972,11.01776826503972,0.05264772991416914,0.03271025301552823,0.05074426301563998,-0.4006566795481781,Tokyo,533946941,random_forest,-0.1970189253326385,0.08344348646773866,70.5404167175293
476.97580085125446,498.05236343075745,21.076562579502955,0.14813195242476299,14.813195242476297,0.05934921275072402,0.05681925683055881,0.054532878524198906,-0.34084808106977643,Tokyo,533946944,random_forest,0.7074506014898961,0.612554791095002,70.51541662216187
286.6092335151442,693.900628156743,407.29139464159874,1.5137193890888552,151.37193890888548,0.8993357952489727,1.0979966144727589,0.8358006660499219,1.8110539624192734,Tokyo,533946953,random_forest,0.7046462893586528,0.47581206663124886,25.69416658083598
150.31338701204845,642.1806959847896,491.8673089727411,4.254538396089513,425.45383960895134,1.527651066717631,1.326000615596449,1.2393080561164647,6.130055341346817,Tokyo,533946954,random_forest,1.3370964019535014,0.9959352537403199,30.361250082651775
662.8844608592881,626.0840799920956,-36.80038086719253,0.061321880622058726,6.132188062205873,-0.016007254164302154,-0.09920831653966534,-0.01754679621425705,-0.47764398727993385,Tokyo,533946961,random_forest,0.17576890746597693,-0.007522334577513216,45.8445831934611
653.1222780017921,645.1150009542927,-8.007277047499391,0.11434269549614796,11.434269549614797,0.037552850010438475,-0.021586419956248673,0.03546933692221285,-0.3940934237556207,Tokyo,533946962,random_forest,0.383396564190645,0.46882323560528755,42.98791662851969
798.0976223990059,634.7299528037548,-163.3676695952511,-0.11144494103438231,-11.144494103438232,-0.1953590165012228,-0.440414775489512,-0.1874987187326426,-0.7498911291237362,Tokyo,533946963,random_forest,0.6087262218605677,0.564807552213075,44.66208299001058
674.2102018391246,655.5298089092615,-18.6803929298631,0.07842906323753095,7.842906323753095,0.0077046137763036775,-0.05035954224385092,0.005476420465494808,-0.4506863716485956,Tokyo,533946964,random_forest,0.6259946100000352,0.44275669360671843,41.50500011444092
490.90645112735496,588.2857735271142,97.3793223997592,0.3644565421374,36.44565421373999,0.21964232965431388,0.2625200721676785,0.20771911731529613,3.769025565205286e-05,Tokyo,533946971,random_forest,0.21591675187453316,0.34427630733585557,52.387499968210854
256.859256656426,543.1407963878561,286.2815397314301,1.3903652975185998,139.03652975185997,0.7804665020642458,0.7717721649576292,0.7160067401104785,1.6166717393583985,Tokyo,533946972,random_forest,0.6264384017401826,0.795595303099051,54.989166259765625
424.82371567033346,618.7773616067616,193.95364593642816,0.7394748476118211,73.94748476118212,0.44429978027871037,0.5228699879363853,0.41432191732242135,0.5909941066881169,Tokyo,533946973,random_forest,0.5764793672708982,0.774099853183265,49.39208364486694
435.07114096902205,580.3676177054015,145.2964767363795,0.4982737155444501,49.827371554445016,0.325600955106302,0.39169754541892426,0.31193378744487615,0.2109077093970134,Tokyo,533946974,random_forest,1.5668248825744127,1.5578244250163558,53.98791694641113
603.9744389831294,528.7583775263729,-75.21606145675649,0.04786242656540259,4.786242656540257,-0.07753785881933017,-0.202771239265114,-0.07470055053286861,-0.4988534872439334,Tokyo,533946981,random_forest,0.0024031093326194533,0.09358935226807408,59.55583333969116
388.1366371453291,561.2691137536741,173.1324766083451,0.5596409952089069,55.96409952089068,0.39768011982065277,0.4667392330705316,0.38410224775830953,0.30761068935112074,Tokyo,533946982,random_forest,0.47854244071471197,0.6878293167471379,54.01083358128866
475.22745631277326,550.3951338602558,75.16767754748254,0.23016731146780747,23.016731146780753,0.15319573744671625,0.20264080349044092,0.14976593510174493,-0.2115761999558696,Tokyo,533946983,random_forest,2.092499342956909,2.0163619373964585,55.62750005722046
589.8200833333334,622.6024285886987,32.78234525536539,0.2784803001864754,27.848030018647545,0.12359910707822845,0.08837629416782176,0.11373500383274447,-0.13544426115835542,Tokyo,533946984,random_forest,0.2613886678774273,0.3303090851994101,46.75333340962728
434.7097304787506,635.0450528390435,200.33532236029285,0.6830977576204694,68.30977576204693,0.44410479602142877,0.5400740320194428,0.42149280165258823,0.5021547018275129,Tokyo,533946991,random_forest,-0.9829721359919683,-0.6510653149273232,34.652916431427
903.3180013308438,653.4286390098914,-249.8893623209524,-0.12366666293960789,-12.36666629396079,-0.24376273616919575,-0.6736643038152192,-0.2322104659477632,-0.7691502022791369,Tokyo,533946992,random_forest,1.3258336387630623,1.06375105835946,36.41833384831747
656.8169799170595,638.8651599050737,-17.95182001198581,0.06598345209878596,6.598345209878598,0.005107041018868608,-0.04839541874959013,0.0038569523027508156,-0.4702982509928863,Tokyo,533946993,random_forest,-0.016734867759501476,0.12119365497336179,36.57750026384989
552.1702096972828,639.0832493065938,86.91303960931107,0.2475759229029136,24.75759229029136,0.1763147529234196,0.2343045409258779,0.17339295327640822,-0.1841435907243257,Tokyo,533946994,random_forest,2.2313516603729653,1.9604925683785768,39.5425001780192
600.9567542010965,658.9834670158883,58.02671281479193,0.30047728038653737,30.04772803865374,0.16669977331252972,0.1564313291610047,0.15836957829574785,-0.10078126897476147,Tokyo,533947001,random_forest,0.45568055741603736,0.5882615334000388,42.02958329518636
388.5754647569168,652.6178621675068,264.04239741059,0.8410559457931609,84.10559457931609,0.5593774555232062,0.7118187672224584,0.5325571461196901,0.7510662975177813,Tokyo,533947002,random_forest,-0.29937627274568285,-0.47428951179665996,40.14375019073486
502.49073338978445,630.5100388245197,128.01930543473523,0.5935164728778842,59.35164728778842,0.322396712425196,0.3451208785743807,0.29651614414237126,0.3609918992706516,Tokyo,533947003,random_forest,-0.002512216631057292,0.21227122781143026,39.112916787465416
873.3160728686636,650.7398163163278,-222.57625655233574,-0.1733873519761482,-17.33873519761482,-0.25760810131313955,-0.6000322603710722,-0.24988460585090091,-0.8475004048870225,Tokyo,533947101,random_forest,-0.37040870710507373,-0.6640197919550813,42.00041675567627
291.3935232728741,613.7292103718536,322.3356870989796,1.486321087227818,148.63210872278182,0.8097745458372199,0.8689687477189877,0.7372078329888749,1.7678795305374735,Tokyo,533947102,random_forest,0.9132683043861418,0.5793831364298234,44.18666696548462
611.9507011556785,612.4904536079348,0.5397524522562259,0.09211810118140949,9.21181011814095,0.03647803241693045,0.001455091791841591,0.03399339298041582,-0.4291150918213652,Tokyo,533947201,random_forest,-0.5546700894480725,-0.24328670067113692,43.899166901906334
267.0386368164804,570.2698283100503,303.23119149356995,1.4319404629248347,143.19404629248348,0.8042652255749859,0.8174658881645693,0.7371164301366996,1.682186169993922,Tokyo,533947202,random_forest,0.5362646516962515,0.7876633140507724,53.11916653315226
528.8982746559228,606.123323549556,77.22504889363326,0.2293226125247726,22.93226125247726,0.16125837244162985,0.20818716858065986,0.15702036167954742,-0.2129072823405246,Tokyo,533947203,random_forest,0.4391446799536204,0.30790660336085296,42.79499959945679
356.42750437986655,610.883786550961,254.45628217109444,0.9009098145754503,90.09098145754503,0.5807839654804798,0.6859760359067772,0.5493771275655073,0.8453844342296791,Tokyo,533947204,random_forest,-0.21383054082305644,0.007611585058258331,46.64208300908407
533.4281975199516,633.6934400227913,100.26524250283967,0.32452211732659636,32.452211732659634,0.22211369495442476,0.270300080644434,0.2139253154245281,-0.06289125010268432,Tokyo,533947211,random_forest,-0.1208285204416888,-0.0717053182629305,32.35583345095316
359.20746810636643,641.4638413658671,282.2563732595006,0.9892346367804826,98.92346367804826,0.6285817723270767,0.7609209188546839,0.5930114825776865,0.9845672945070973,Tokyo,533947212,random_forest,0.20183918159534467,0.13051349441025756,32.992499907811485
777.3824884894397,648.2177968981526,-129.16469159128695,-0.053907235254220705,-5.390723525422071,-0.12460119951287603,-0.3482086681488803,-0.12110738186386993,-0.6592228179473661,Tokyo,533947213,random_forest,-0.32889972672576767,-0.4887067850923277,34.590833266576134
791.4745886026361,624.09684578681,-167.37774281582605,-0.13742983074748838,-13.742983074748837,-0.20776231611980958,-0.4512253324467827,-0.20008159300635686,-0.790838296454205,Tokyo,533947214,random_forest,-0.6548572196909742,-0.44053492116159954,41.230833530426025
601.0084288991737,655.7460213782041,54.737592479030326,0.1828846245647239,18.28846245647239,0.1035428653373952,0.1475643532298346,0.09975033850108113,-0.28608458208989945,Tokyo,533947221,random_forest,0.3444754491631105,0.30253767508597507,32.90208315849304
632.8005550755248,672.437431227718,39.63687615219314,0.23488173091504183,23.488173091504184,0.11722560369983932,0.10685508310746682,0.11082904002865578,-0.20414718547463603,Tokyo,533947223,random_forest,-0.37259555667670713,-0.43337043270837644,39.424166440963745
301.5248433813634,662.9054360585175,361.3805926771541,1.4705268858134557,147.05268858134556,0.8492261891052486,0.9742279667971842,0.783195487795438,1.742990919683034,Tokyo,533947224,random_forest,1.3306624337257689,1.1230594861657344,31.68458318710327
743.5760111514052,665.477368939158,-78.09864221224716,0.03220759268743221,3.2207592687432225,-0.04732718144770479,-0.21054224536078223,-0.04565025069326528,-0.5235224817791932,Tokyo,533947301,random_forest,-0.8541713525786377,-0.7407671718004478,40.99458312988281
486.54927741692705,649.1339914827896,162.58471406586256,0.5088545257810129,50.88545257810128,0.34651735720571003,0.43830404461755773,0.3319462013445978,0.22758102269685593,Tokyo,533947302,random_forest,-0.6646642202509455,-0.659924159401798,40.366250356038414
627.9284707442425,635.1775036865719,7.24903294232936,0.12754246026736468,12.75424602673647,0.06284956316258257,0.019542307383840333,0.06065562383388132,-0.373293143947728,Tokyo,533947303,random_forest,-0.6979976777569239,-0.9670357332036053,42.07833290100098
538.4183935700161,640.9038720526186,102.48547848260256,0.3444383144900505,34.44383144900505,0.21789729998896948,0.2762855044004538,0.20801963941865784,-0.0315071700914752,Tokyo,533947304,random_forest,1.174973678463445,0.767620375458534,40.044583320617676
886.4193033860374,607.4866326311075,-278.9326707549299,-0.24621965164628487,-24.621965164628488,-0.3389628641945237,-0.7519607145745405,-0.32643269452072204,-0.9622700419562055,Tokyo,533947311,random_forest,-0.41624894924407213,-0.6873372629525837,34.482916514078774
515.1797050922984,650.5877029677896,135.40799787549133,0.4586595435080217,45.86595435080216,0.2829885392521046,0.36503968705416595,0.26823784857796074,0.14848342555579797,Tokyo,533947312,random_forest,-0.24503823726459462,0.1666969467710793,41.815416971842446
581.4672613485884,655.7676943680726,74.3004330194842,0.2730071519780945,27.300715197809453,0.181109304432888,0.20030284209918658,0.1749487677249686,-0.14406888562231815,Tokyo,533947313,random_forest,-0.7588949958771696,-0.5962877253248187,33.70166691144308
619.4386594923225,640.8793924791149,21.440732986792412,0.09632573911991739,9.63257391199174,0.06089821873484843,0.05780100571981989,0.06023951081441279,-0.4224846671154558,Tokyo,533947314,random_forest,-0.2694423568626499,0.009171154414224322,41.22874983151754
581.4657133509112,640.9263898504024,59.46067649949128,0.2189796256574833,21.89796256574833,0.13473313658849226,0.16029708054144387,0.13115201894624479,-0.22920583194484048,Tokyo,533947321,random_forest,-0.6999028091195884,-0.30293326324974335,37.97124981880188
533.2693657944453,623.6499367422151,90.3805709477697,0.5294419714319293,52.94419714319292,0.2591822720821333,0.2436524862060773,0.233058028000571,0.260022860675865,Tokyo,533947323,random_forest,-0.9941182259983319,-0.8117091765259279,37.19833366076151
508.9776929360567,641.2807706063703,132.30307767031357,0.433069036355443,43.3069036355443,0.286273606345192,0.35666928709397716,0.27479639985147425,0.10815772896761174,Tokyo,533947324,random_forest,0.017953513900070172,-0.0615741555857469,32.97999986012777
497.0386742246676,669.2418333152012,172.20315909053366,0.42967775898726485,42.96777589872648,0.31662030853189266,0.46423393219319525,0.3083622978727113,0.10281373084439535,Tokyo,533947333,random_forest,3.791615483084695,3.267483973466042,27.84583330154419
589.0538867259919,644.2812845702675,55.22739784427559,0.2580939837137992,25.809398371379924,0.1448178962130985,0.14888479515388542,0.1388225945170487,-0.1675691583995984,Tokyo,533947401,random_forest,-0.8885876090098791,-0.9276112809670889,41.14666668574015
595.0557089093702,659.5093634561678,64.4536545467976,0.23256222155297482,23.256222155297483,0.15170586059296345,0.17375740173704227,0.14712279028831188,-0.2078022842270946,Tokyo,533947403,random_forest,-0.6762166359441727,-0.7458300187482287,36.96874992052714
532.0395687006727,667.1697148661423,135.13014616546957,0.42606686131774624,42.60668613177462,0.28056855830292177,0.3642906404478712,0.26758992699177836,0.09712365354487909,Tokyo,533947404,random_forest,-0.8763145907940698,-0.9878753703188771,34.291249672571816
440.80352005645597,649.9672237374446,209.16370368098853,0.6305497058466029,63.05497058466028,0.4171221835024807,0.563874026148777,0.3980623632015596,0.419349121637215,Tokyo,533947411,random_forest,0.7220619721655296,0.8703010757873095,31.336666584014893
467.8552682054587,619.2553350318975,151.40006682643886,0.525520877059977,52.5520877059977,0.345953330574808,0.40815191038509785,0.3310992866151947,0.2538439732863253,Tokyo,533947412,random_forest,-0.8246963975890647,-0.49400884951045165,37.04625018437704
606.0634216163168,644.6634896642466,38.60006804792976,0.15682069211254082,15.682069211254081,0.09150339046793161,0.10406000370408076,0.08901450055275,-0.3271563055104259,Tokyo,533947413,random_forest,-0.5481603649787573,-0.41554563697035923,30.027916590372723
449.04784388407757,673.9112569266105,224.8634130425329,0.7510685250444838,75.10685250444838,0.46748464849460997,0.6061980918029287,0.43964518928817303,0.6092635030585499,Tokyo,533947414,random_forest,-0.5041991713011024,-0.4970946284836421,30.490416685740154
555.8120697208999,659.656369007744,103.84429928684415,0.3104171596769081,31.041715967690806,0.21280100458535525,0.27994868182664345,0.20632899173508926,-0.08511793905336541,Tokyo,533947421,random_forest,-0.4848310272184697,-0.5333561345416169,43.176666259765625
597.7467412527735,606.0657370151538,8.31899576238034,0.16109710155611287,16.109710155611285,0.07839708523770654,0.02242676693659246,0.07834680445396397,-0.3204175101954232,Tokyo,533947422,random_forest,-0.5605217088120411,-0.47648092659071195,38.836666663487755
439.2509493622151,649.6660656765984,210.41511631438323,0.6320312317987794,63.20312317987794,0.4293553841798777,0.5672476472290481,0.4113170215850846,0.4216837203881809,Tokyo,533947423,random_forest,-0.5529048711014747,-0.030152656880240623,34.78249979019165
820.6341715729118,678.0939345000049,-142.54023707290676,-0.08934693835956897,-8.934693835956898,-0.15613806524345838,-0.3842671359897449,-0.15272287847109675,-0.7150689450319428,Tokyo,533947424,random_forest,-0.8375841089147051,-0.4450332813930332,34.11999988555908
236.2374733422939,686.1298411582407,449.89236781594667,2.386412937689595,238.64129376895949,1.1277834201108854,1.2128424593250415,0.9891220806438771,3.1862504384216965,Tokyo,533947431,random_forest,0.0445078459132477,0.02126499899665635,23.796250025431316
913.5560878864522,676.2309110819327,-237.32517680451966,-0.15359777907236402,-15.359777907236404,-0.2404442888740936,-0.6397931409521044,-0.23217329328424333,-0.816315860252182,Tokyo,533947501,random_forest,-0.5342202662967026,-0.7400049747345794,33.054166316986084
308.1212940077207,661.6726665663851,353.5513725586645,1.3975816512911627,139.75816512911626,0.8077465757194048,0.9531215616603209,0.7452713384532109,1.6280433190996801,Tokyo,533947502,random_forest,-0.5796981864978039,-0.7546864141043111,30.141250133514404
580.5199418754524,646.2594884323672,65.73954655691483,0.2793300935747375,27.933009357473747,0.17009508167924034,0.17722397405421267,0.1623060172323521,-0.1341051509119901,Tokyo,533947503,random_forest,-0.34994543756906615,-0.6217295282422702,31.261250098546345
453.5602913009115,664.9784029969034,211.41811169599188,0.7283351067436187,72.83351067436188,0.45460498083241574,0.5699515725950803,0.42749427194356965,0.5734400266675932,Tokyo,533947504,random_forest,-0.3642734994233437,-0.5533580140793222,27.764166514078777
429.23534654686864,675.5058344480375,246.27048790116882,0.7632549674673377,76.32549674673378,0.5052893844779777,0.663908360249014,0.48081069949320593,0.6284669825637962,Tokyo,533947511,random_forest,-0.21551206363189732,-0.09588379856408943,29.224166711171467
508.96199566758474,665.8497193591045,156.88772369151965,0.4315769338563629,43.15769338563629,0.30386119950853957,0.42294581160304295,0.2927644736952157,0.10580646362153533,Tokyo,533947512,random_forest,-0.369376963859048,-0.6492004753338202,27.177500009536743
647.699236040486,633.1260318912626,-14.573204149223299,0.0813082627147908,8.13082627147908,0.027668254465661273,-0.03928717627817331,0.02644659525388801,-0.4461493093760667,Tokyo,533947513,random_forest,-0.11576723551334106,-0.26566580273040286,27.84416667620341
304.10533634907125,663.3245443457907,359.21920799671943,1.3223271685208122,132.2327168520812,0.7907667304422986,0.9684011973320966,0.7356261664150812,1.5094567892976614,Tokyo,533947514,random_forest,-0.5011610752986273,-0.7525306678515726,25.660416682561237
694.600688023068,694.6551467712505,0.054458748182587634,0.22612928227018322,22.61292822701832,0.08901995748241609,0.0001468126307591818,0.08128382564565671,-0.21793935404526496,Tokyo,533947521,random_forest,-0.4155564813811305,-0.23096609094439585,22.976249933242798
346.0623822225312,712.777889160372,366.7155069378407,1.5301827555271383,153.01827555271385,0.8161487553632486,0.9886100968244853,0.7378970249340662,1.8369970481053823,Tokyo,533947523,random_forest,-0.16141561953436603,-0.337299741888131,16.334166685740154
628.495650808938,676.1985076610761,47.70285685213806,0.2130798755134361,21.307987551343608,0.1240432038170215,0.1285997593207599,0.11981630703030562,-0.2385026986632862,Tokyo,533947602,random_forest,-0.17415454666743516,-0.39284670176026454,27.847916920979817
422.2144945177181,650.1300033345848,227.9155088168666,0.7202314467888072,72.02314467888071,0.469256034521367,0.6144260850071896,0.4455195938978056,0.5606702237620407,Tokyo,533947603,random_forest,-0.005738986778540606,-0.2331904716574744,30.28125
629.1949350314281,680.0544375012247,50.85950246979646,0.21047157887072673,21.047157887072675,0.1299970015559518,0.13710960324792934,0.12560406929484288,-0.2426128703921526,Tokyo,533947604,random_forest,0.24010000454665237,0.048310293018963064,32.46666653951009
847.8285967995745,701.0143127435189,-146.81428405605567,-0.08056495525423088,-8.056495525423088,-0.14742238657758922,-0.3957893266849953,-0.13943742759510244,-0.7012302358560383,Tokyo,533947611,random_forest,0.205181905362291,-0.12767089309949942,26.429166475931805
738.5576011761304,679.0181660966906,-59.539435079439876,0.09122888471914165,9.122888471914164,-0.015113539421784394,-0.16050940188012658,-0.017143509086074083,-0.43051632521798516,Tokyo,533947612,random_forest,-0.996601968463873,-1.115147696048183,23.269999901453655
723.3811099590374,640.5034484758365,-82.87766148320077,0.01819698656740316,1.8196986567403162,-0.06146126990657841,-0.22342576573229564,-0.05962176816335949,-0.5456004909426789,Tokyo,533947613,random_forest,0.18580520595118494,-0.019930843902650493,27.71791688601176
499.6310760357628,599.027231297239,99.39615526147617,0.28821028350357175,28.821028350357178,0.20381791207955238,0.2679571515738645,0.19862526537573502,-0.12011168675043464,Tokyo,533947701,random_forest,0.9296583902883442,0.6484442283729386,45.15958340962728
649.8267716830429,572.082804887369,-77.74396679567381,0.05666596233802343,5.666596233802342,-0.06029281316074427,-0.2095860935447663,-0.05680157690753777,-0.48498081522718606,Tokyo,533947702,random_forest,0.8154199959968631,0.8170055417350011,52.5683331489563
414.8903259728623,528.5635393727558,113.67321339989358,0.46962581971497935,46.96258197149793,0.27374168540150184,0.30644596255011286,0.2569716885009696,0.16576415877407105,Tokyo,533947703,random_forest,1.669702982138853,1.4974413561343332,60.619166215260826
566.5495349142345,485.3924716279855,-81.157063286249,-0.032164149265437036,-3.216414926543704,-0.11165966366166076,-0.21878729062583432,-0.10894565362446046,-0.6249599140022921,Tokyo,533947704,random_forest,1.5495027076889232,1.5048797841476582,79.60958290100098
653.5216192076293,688.7081340224148,35.18651481478548,0.21678085155121296,21.678085155121295,0.11551284087085567,0.09485757531343648,0.11121060787611457,-0.2326706752536017,Tokyo,533947711,random_forest,0.3476247614239212,0.10778781131335033,31.800833225250244
861.0613143605328,619.1616527195356,-241.89966164099732,-0.186562665092488,-18.656266509248805,-0.28466922523931065,-0.6521252671140854,-0.27325661645879357,-0.8682621536095495,Tokyo,533947713,random_forest,0.36670893791155046,0.27342768016992125,40.00166686375936
362.5276586236078,570.1335527291304,207.60589410552265,0.803253715870872,80.3253715870872,0.4927580090549098,0.5596744047908058,0.4622386038747881,0.6914972844804814,Tokyo,533947801,random_forest,1.9632102326582914,1.8445663145032887,53.139999866485596
421.91089644799337,505.5753186501773,83.66442220218391,0.3028494791608553,30.28494791608553,0.20404162113888466,0.2255467548256297,0.19912956521290878,-0.0970431418853039,Tokyo,533947802,random_forest,1.698137610538901,1.7415898191907515,67.399999777476
722.2972384340184,650.596877059097,-71.70036137492148,0.04367456836270459,4.36745683627046,-0.04787207969230763,-0.19329343826528367,-0.04898866810929727,-0.5054527429065679,Tokyo,533947803,random_forest,0.8988822493623101,0.8668238545166106,40.62166659037272
602.897880376344,591.7783733866344,-11.11950698970963,0.12112881605475163,12.112881605475165,0.03667724655975361,-0.029976525872958803,0.036085788531319114,-0.3833998084620477,Tokyo,533947804,random_forest,0.49835541243925924,0.6759255522538394,45.388333320617676
686.6001040243127,596.9780521094658,-89.62205191484692,-0.04549259545968589,-4.549259545968589,-0.10764954729793293,-0.24160763246961361,-0.10488964015079207,-0.6459629708786809,Tokyo,533947811,random_forest,0.851236836376336,0.8557101201038037,39.69875009854635
256.91295307322656,629.9702704099773,373.0573173367507,1.934938292532655,193.49382925326552,0.9596469595806997,1.0057066680735753,0.8556212785832112,2.4748135978265604,Tokyo,533947812,random_forest,0.16183029015982417,0.09176409124177445,28.74666666984558
1110.61115730993,680.2969825642886,-430.31417474564137,-0.3239020555452732,-32.39020555452732,-0.44743613919673625,-1.16006258233401,-0.4290498303411028,-1.0846825065155832,Tokyo,533947813,random_forest,0.5224779887920881,0.4494595799354513,31.293333292007446
378.2813421658986,705.7785036468514,327.49716148095285,1.254770063644371,125.47700636443712,0.6993460952530542,0.8828833098031721,0.6403820475201937,1.4029998403446537,Tokyo,533947814,random_forest,0.24627742243700096,0.18600147903965117,21.817499955495197
695.4399837241998,662.8274265838596,-32.612557140340094,0.22182277013311177,22.182277013311175,0.05373958015561583,-0.08791857083281356,0.044981330956969746,-0.2247255853910312,Tokyo,533947901,random_forest,0.8397547326485215,0.6570666727115284,37.28250010808309
738.1196343125961,652.9564637178415,-85.16317059475445,-0.004587430261481948,-0.4587430261481953,-0.06978629432154675,-0.22958715607799848,-0.06745460514588554,-0.5815043311636728,Tokyo,533947902,random_forest,0.7988238326338805,0.7817369687412001,37.43541638056437
765.4232025255133,630.2850105610268,-135.13819196448654,-0.07125025383794825,-7.125025383794825,-0.15616040992029886,-0.3643123307172891,-0.1516577892510041,-0.6865520655140835,Tokyo,533947903,random_forest,-0.3952225737575148,-0.4012084482991581,36.81250007947286
758.5826317524321,628.1077869951486,-130.47484475728368,-0.06000572457018261,-6.000572457018261,-0.15095235047980604,-0.35174064490957524,-0.1460064112766118,-0.6688328592152273,Tokyo,533947904,random_forest,-0.35797030403990115,-0.47870499598228977,31.423750003178913
1127.2093041949167,707.202879729627,-420.0064244652897,-0.2939686602325742,-29.396866023257417,-0.41334637626221965,-1.1322744310016792,-0.3946264367384,-1.0375132569951608,Tokyo,533947911,random_forest,-0.14206157956111887,-0.2597883030936558,22.600833415985107
158.9761977182395,690.7868973852554,531.8106996670159,3.7366442045256094,373.66442045256093,1.5017892928285272,1.4336820160136359,1.2507781878878623,5.313954124232582,Tokyo,533947912,random_forest,-0.09294690870572092,-0.22426588767579705,14.775000015894571
489.998039874552,494.3237808935669,4.325741019014913,0.06372946195874193,6.372946195874195,0.02632680825951032,0.011661550075576316,0.025479584973101377,-0.47385010410616163,Tokyo,533951383,random_forest,0.36330457102701863,-0.2836499521371859,4.330000013113022
454.05905059965215,511.8591314773134,57.80008087766123,0.20129178048466848,20.12917804846685,0.14541129599503463,0.1558203633930687,0.1430390711395308,-0.25707845961435,Tokyo,533951384,random_forest,-1.003805904486822,-1.570299431539232,4.734999974568685
337.3707591400792,517.716525667393,180.3457665273137,0.71234281985257,71.234281985257,0.4685953699886709,0.486185182615347,0.4458251237526936,0.5482392713611602,Tokyo,533951393,random_forest,-0.6079645645792814,-1.2705475045914179,4.692083348830541
521.4472465117768,472.5158847426478,-48.9313617691289,0.02949805082319788,2.9498050823197874,-0.06269132610233057,-0.13191162462767625,-0.06074494320293076,-0.5277921964221519,Tokyo,533951472,random_forest,-0.7001142581712959,-1.2206011601825397,3.512500007947286
767.9636204501916,499.6720343208611,-268.2915861293305,-0.2549337246449798,-25.49337246449798,-0.36675978139357895,-0.7232739437589978,-0.35165410351908033,-0.9760017379205534,Tokyo,533951474,random_forest,-1.0077163153856226,-1.437694095095657,4.225000023841858
452.2445804410103,501.27128443469616,49.02670399368586,0.2912235838337384,29.12235838337384,0.1840434936885558,0.1321686529890831,0.17701822188436647,-0.11536330743466411,Tokyo,533951481,random_forest,-0.6521377398914211,-1.2443047051332314,4.447916696468989
248.39168250549233,508.0965250298147,259.7048425243224,1.200242531768191,120.02425317681912,0.7192176272942192,0.7001253687297094,0.6696631651944175,1.3170749818402407,Tokyo,533951482,random_forest,-0.5571361639538349,-1.2266081549404564,4.2162500123182935
323.86147076741645,533.8115216332247,209.9500508658083,0.8081196611705939,80.81196611705938,0.5383866803637902,0.5659939004159269,0.5128127637613721,0.6991650744387402,Tokyo,533951491,random_forest,0.47992391420273783,-0.10171550272856035,4.817083328962326
507.03413156041984,588.9858177096136,81.95168614919366,0.3022025974636773,30.22025974636773,0.17425257517527148,0.22092947488205616,0.16554116362576352,-0.09806250249794511,Tokyo,533951492,random_forest,-0.15081617278692566,-0.4870700289176341,5.625833352406819
250.98916544617475,454.860120654906,203.8709552087312,0.9790648805915958,97.90648805915959,0.6257750678178705,0.5496055687734176,0.5907013542559463,0.9685417229932655,Tokyo,533951493,random_forest,0.049355100521685805,-0.6957757871476237,3.208333353201548
320.05429994808554,479.8633678969749,159.80906794888935,0.6335274105136827,63.35274105136826,0.43612877426163327,0.43082131829555226,0.4191567504495699,0.424041409063093,Tokyo,533951494,random_forest,-0.14316300268053408,-0.5126953002785652,4.0416666467984514
336.65716116587015,475.69841755633547,139.0412563904653,0.5341104422875529,53.41104422875529,0.36527498522594753,0.3748344079872124,0.35074396497165905,0.2673794690514711,Tokyo,533951571,random_forest,-0.6591668742636041,-1.3028381589418876,3.758333375056585
352.3802833757557,571.1420723622099,218.76178898645415,0.7823639048866581,78.2363904886658,0.5021351910713991,0.5897490269699843,0.47501229143590634,0.658578977136616,Tokyo,533951573,random_forest,0.07435758421763976,-0.6255820791316027,4.533750007549922
361.4400904073139,548.5379770503802,187.09788664306623,0.6669409464695483,66.69409464695482,0.4310991678828639,0.5043878874236172,0.40885881512156425,0.4766946880645962,Tokyo,533951574,random_forest,-0.5653072333735679,-1.0400511258525245,4.262500017881393
409.46691814317495,475.81150701514304,66.3445888719681,0.27618739319683433,27.61873931968343,0.18815208110028878,0.17885507754002497,0.18204119675500274,-0.1390574397099919,Tokyo,533951662,random_forest,-0.22417006234183046,-0.9734700361770903,3.927499999602636
274.28449916096724,604.3341423678509,330.0496432068837,1.5182562317552966,151.82562317552967,0.8401706747830815,0.8897644183422853,0.7668309104999115,1.8182031501920846,Tokyo,533952042,random_forest,-0.31661659047739665,-0.9455308834591251,6.6112499833106995
900.4762729134665,602.229818962966,-298.2464539505005,-0.24467175434126198,-24.467175434126194,-0.3454175220845357,-0.8040277821345078,-0.33277231240190847,-0.9598308547724637,Tokyo,533952044,random_forest,-0.7494419187418326,-1.1741712221329805,8.988750020662943
800.9110705645161,689.2398522983354,-111.67121826618059,0.05139675119499115,5.139675119499117,-0.06911899285373402,-0.3010488834369091,-0.06754454617027732,-0.4932840742656298,Tokyo,533952051,random_forest,-0.8086825065736001,-1.138759156958403,17.8737500111262
724.5249011776754,714.9640799255685,-9.560821252106853,0.10580236521909102,10.580236521909102,0.029864209349281468,-0.02577454251305789,0.031309406029192265,-0.4075513347482442,Tokyo,533952052,random_forest,2.8066814956185646,2.322831366952991,21.55916674931844
563.907424245365,683.3930603298078,119.48563608444283,0.7447611235397694,74.47611235397693,0.34015175605383785,0.32211538378877097,0.3002168444838381,0.5993242565316067,Tokyo,533952053,random_forest,-0.10604888547609524,-0.24344052140162903,24.018333355585735
497.8393674155146,662.5904280000225,164.75106058450794,0.5507088426701076,55.07088426701076,0.35964269814163546,0.44414419045550396,0.342128715304954,0.29353534215259036,Tokyo,533952054,random_forest,-0.530886666797628,-0.09858719906794507,25.63208333651225
444.97111698526487,668.2917793297047,223.32066234443982,0.6242692066473959,62.426920664739605,0.43180398973277256,0.6020390669235244,0.41481676598088707,0.40945226794769973,Tokyo,533952061,random_forest,1.6538756564320902,1.638636394129141,24.109583258628845
212.01500341778754,698.6053526876835,486.59034926989597,2.6986985467209217,269.8698546720922,1.2217684382117688,1.3117747223793048,1.0575752598177366,3.678352241780653,Tokyo,533952063,random_forest,0.5709578361329112,0.5669388779668622,22.53333330154419
341.47343487938787,693.653803276069,352.1803683966811,1.3829377333113648,138.2937733311365,0.7845762940208886,0.9494255397259256,0.7204878956777813,1.6049673327663607,Tokyo,533952064,random_forest,-0.23120920184331395,-0.7278017157723741,21.78208335240682
251.9834821457988,638.479184017127,386.4957018713281,1.8288123596890404,182.88123596890406,0.9592989483183665,1.0419345405920537,0.8634624155700927,2.307579625382267,Tokyo,533952073,random_forest,-0.1493204867826983,-0.9132090552531414,32.170833349227905
1513.5940514835709,674.3015312998548,-839.292520183716,-0.5142759718924054,-51.42759718924054,-0.7752664822093692,-2.262606963559716,-0.721091167408641,-1.3846750288656384,Tokyo,533952084,random_forest,-1.0600732887187987,-1.5114771459312977,21.37166666984558
953.957226766513,714.553596409222,-239.40363035729112,-0.15932715123101285,-15.932715123101282,-0.24075751218600558,-0.6453963405146438,-0.23220050553015767,-0.8253442441733344,Tokyo,533952091,random_forest,-1.344344804076505,-1.397333873724962,15.839583357175192
1366.1716285344485,662.8047105856018,-703.3669179488465,-0.4778617559392156,-47.78617559392156,-0.687836054773204,-1.8961718926557796,-0.650716822367143,-1.3272932577553673,Tokyo,533952092,random_forest,-1.2837308093574762,-1.533073554112019,16.835833430290222
1148.1552201232066,723.4993895555249,-424.65583056768173,-0.28558907283274126,-28.558907283274127,-0.4059822134897885,-1.1448085336782843,-0.3854352861544677,-1.0243086457303232,Tokyo,533952093,random_forest,-1.068393482194036,-1.4672848094321407,18.31541669368744
588.338559826551,711.094686205925,122.75612637937398,0.4329151081717429,43.29151081717429,0.2582268599053291,0.3309321359194177,0.24329993228450444,0.1079151678805941,Tokyo,533952094,random_forest,-0.6333512412582836,-0.8600181697281425,16.99374993642171
492.5277325165162,643.7142073495036,151.1864748329874,0.6210114789801079,62.101147898010794,0.34326292802762093,0.40757609835279457,0.3218896895730348,0.40431871835859906,Tokyo,533952134,random_forest,-1.2975096412923377,-1.6926448431477945,6.965416610240936
258.4088161206455,687.4892429124966,429.0804267918511,2.1550360747499315,215.50360747499315,1.0424165716134148,1.1567365825849445,0.9172794390994078,2.821645191765183,Tokyo,533952141,random_forest,-0.7445454942933722,-1.1892244859638346,8.166666607062021
810.3688129160265,662.1910645553897,-148.17774836063685,-0.012287136956576052,-1.2287136956576055,-0.13265482834246092,-0.3994650222928094,-0.13050257909963806,-0.5936375817535543,Tokyo,533952142,random_forest,-0.6924356597399695,-0.9297963731325055,12.008750041325888
938.182398937532,632.403052618185,-305.7793463193469,-0.2349466583392947,-23.49466583392947,-0.35349261678414373,-0.824335332028753,-0.33591757465693123,-0.9445059818292247,Tokyo,533952143,random_forest,-0.6861416998856033,-1.040154801703748,12.424166719118753
926.9744334070484,710.3220248384179,-216.65240856863048,-0.11193520977544567,-11.193520977544567,-0.2066566833966179,-0.5840624532100755,-0.19531788435251937,-0.7506636979665855,Tokyo,533952144,random_forest,0.05560910321938088,-0.29140063085731455,18.102083206176758
662.8201246601162,644.8440402347029,-17.976084425413315,0.13908945741138384,13.908945741138384,0.03390490675698458,-0.04846083197497638,0.03186540601700657,-0.35509730669612244,Tokyo,533952151,random_forest,-0.006163838559512858,0.011190529122258869,21.514166712760925
657.1310004800307,699.5226593789271,42.391658898896395,0.2130163515741902,21.30163515741902,0.11648549200194847,0.11428156490718618,0.11115923561021317,-0.23860280012219215,Tokyo,533952152,random_forest,-0.24198593879422745,0.012163889835863924,23.323333342870075
919.668889720942,737.0041726638805,-182.66471705706178,-0.06495913544736696,-6.495913544736697,-0.17061216426614656,-0.49243672601717553,-0.16309255210582074,-0.6766384780300084,Tokyo,533952153,random_forest,-0.0368045582085146,-0.14212009755316912,19.944583137830097
1129.162986623144,629.9501382398579,-499.212848383286,-0.3319048316625881,-33.19048316625881,-0.5097525832162567,-1.3458030899682722,-0.4744874753246901,-1.0972933359784727,Tokyo,533952154,random_forest,0.017905264258705048,-0.1622814831740973,22.489999890327454
824.5468387692675,682.676147131233,-141.8706916380344,-0.07841251348454832,-7.841251348454833,-0.1514527391850715,-0.3824621417512281,-0.14494796705909627,-0.6978384033608698,Tokyo,533952161,random_forest,0.17474439792459512,0.13591054955035053,21.179166714350384
1364.68011788451,708.8297269072326,-655.8503909772776,-0.4431784696278675,-44.317846962786746,-0.6290871369369011,-1.7680744507930646,-0.5970614556171443,-1.2726390974398427,Tokyo,533952162,random_forest,0.07803346739489188,-0.45105477573900987,19.02583336830139
534.5551565860216,711.2826966124888,176.72754002646727,0.5143382604835453,51.43382604835452,0.3414683823292985,0.47643098574158055,0.32600956992742836,0.2362223294308706,Tokyo,533952163,random_forest,3.591367228350344,3.0533379642897223,21.09125010172526
701.4280248098024,648.6733730116654,-52.75465179813704,-0.005236177708645345,-0.5236177708645346,-0.05445238672551459,-0.14221864206832813,-0.05239851723802567,-0.5825266318379302,Tokyo,533952171,random_forest,2.721869964947411,2.168722500731293,22.77999973297119
627.7043991615463,691.9849535250518,64.2805543635054,0.3226599378027997,32.26599378027998,0.17623774373428325,0.17329074956191667,0.1656997887707058,-0.06582568536110354,Tokyo,533952173,random_forest,0.9728235506637681,0.7535741808493218,22.204583326975506
255.11272745357618,694.2310111033786,439.1182836498024,1.87900416336524,187.900416336524,1.0162321145241944,1.1837971416627793,0.9218844470328733,2.386672213668712,Tokyo,533952181,random_forest,-0.540074640523728,-0.6398682464236142,20.694583376248676
720.1322347225165,735.7694201188109,15.637185396294308,0.09361495760200579,9.361495760200578,0.05065068231575657,0.04215551040581794,0.049747816592646675,-0.4267563352131766,Tokyo,533952182,random_forest,-1.5772868283982198,-1.6317743874405062,21.445000012715656
306.1075451381532,691.2450957858367,385.13755064768355,1.560018159130139,156.0018159130139,0.8659831419810168,1.0382731682548942,0.7911343950550486,1.884011881617951,Tokyo,533952183,random_forest,-0.34998707341996294,-0.7228170278418774,23.11833318074544
995.889174155146,710.572060729055,-285.31711342609094,-0.18541393593009045,-18.541393593009044,-0.28271619725928593,-0.769172216046107,-0.270646129292875,-0.8664519783211642,Tokyo,533952184,random_forest,-0.8664937577867787,-1.146348779321314,18.883333166440327
734.3550871559228,696.7792802452283,-37.57580691069442,0.18673652995356557,18.67365299535656,0.05259431896655894,-0.10129874904509133,0.04781531193938806,-0.2800147231742204,Tokyo,533952191,random_forest,-0.3007320574779172,-0.25748398159155,15.684999942779541
1057.581384601718,695.2561811541458,-362.32520344757216,-0.19533866101557892,-19.533866101557894,-0.3570077016362987,-0.9767744959936241,-0.3349311521312712,-0.8820914281426281,Tokyo,533952192,random_forest,-0.8050586423148379,-1.1655411430041365,12.245833277702332
726.7542866776577,679.2178661296076,-47.536420548050096,0.032728908008361444,3.272890800836144,-0.0341056323785656,-0.1281510719661578,-0.0321373526297568,-0.5227009895229742,Tokyo,533952193,random_forest,-0.5187252050526687,-0.722707477393243,9.694999972979227
330.13182261193896,572.2788326243133,242.1470100123743,1.0854527760180457,108.54527760180457,0.6223732794309537,0.6527920812867891,0.5739411001406377,1.136188497871285,Tokyo,533952194,random_forest,-0.6833841858720109,-1.1361324968975681,6.8891666531562805
431.1907979397831,620.5728184841892,189.38202054440603,0.6957695570264336,69.57695570264336,0.4227601190627792,0.5105455704084995,0.3984669503369302,0.5221230101937572,Tokyo,533952223,random_forest,-1.3558811364765029,-1.69483286890742,6.32583334048589
721.0437831081703,591.892848758887,-129.15093434928323,-0.043108704962216825,-4.310870496221683,-0.13080519536895294,-0.348171580684369,-0.12477255787025199,-0.6422064198917377,Tokyo,533952224,random_forest,-0.22263335806347181,-0.6024681875412634,6.776666680971782
499.726821762815,679.4156629710666,179.68884120825155,0.5899249839102059,58.99249839102058,0.38090772975873505,0.48441421031939064,0.3615621653818654,0.3553324063365375,Tokyo,533952232,random_forest,-1.1456998000325451,-1.433004666732815,10.79583336909612
801.0582339527508,683.1686917478874,-117.88954220486335,-0.06549108037576956,-6.549108037576957,-0.13331642042174788,-0.31781255367938177,-0.12663922611454378,-0.6774767204945477,Tokyo,533952233,random_forest,-0.1066978206747173,-0.39444976889462374,11.365416705608368
1079.7562631098046,714.6262635920924,-365.1299995177121,-0.25050870429425004,-25.050870429425007,-0.3672207873122158,-0.98433580622462,-0.34771297724233735,-0.9690287605193573,Tokyo,533952234,random_forest,-0.609118346358808,-0.7990531946224206,16.738333423932392
1235.1341914119746,696.2441734239054,-538.8900179880692,-0.37161397384271777,-37.16139738427177,-0.5309880641372096,-1.452766798190611,-0.5019368457277918,-1.1598672744231315,Tokyo,533952241,random_forest,-0.898318963355513,-1.2354062623830016,21.015416463216145
720.0100961021504,689.9043017367597,-30.105794365390775,0.10645734005326347,10.645734005326348,0.015517080023680352,-0.0811607137398526,0.01698998564967334,-0.40651922091485054,Tokyo,533952242,random_forest,0.10549857847285102,0.2271699450976302,26.75333336989085
1078.3703357974912,648.2578165799106,-430.1125192175805,-0.30157600432383985,-30.157600432383987,-0.45666630250532037,-1.1595189492251017,-0.42972450806946655,-1.0495009619608047,Tokyo,533952243,random_forest,0.17956914311274372,0.12183644804241947,31.34500002861023
418.09541570660525,633.1706465175846,215.0752308109794,0.655944039663635,65.59440396636349,0.45597180924268527,0.5798106181330137,0.4389618550095637,0.4593656869385231,Tokyo,533952244,random_forest,-0.027759024536101733,-0.053893466605003194,32.21625010172526
828.882020867316,638.1506796714992,-190.73134119581678,-0.1438773605592408,-14.38773605592408,-0.2167856045219357,-0.5141831368451556,-0.20879048524136354,-0.8009983581279266,Tokyo,533952251,random_forest,-0.3813779751843382,-0.5689774343340741,25.039583285649616
325.6753051251832,682.1590428025535,356.4837376773703,1.3123856404147045,131.23856404147043,0.7704815479654589,0.9610267789447918,0.7135153880526705,1.4937908611611246,Tokyo,533952261,random_forest,-0.2168778486539465,-0.61020682372323,23.923333128293354
946.3968174923194,670.3620157245485,-276.03480176777106,-0.24279406179714932,-24.27940617971493,-0.31806767068568603,-0.7441484936954671,-0.30856272152738723,-0.9568719739902922,Tokyo,533952262,random_forest,0.09972442119189222,-0.2536853030109632,22.667916695276897
804.6734443992001,686.3695461931189,-118.30389820608116,-0.07163415168738589,-7.163415168738588,-0.12445076176852587,-0.3189295954153703,-0.11958799746858866,-0.6871570143767605,Tokyo,533952264,random_forest,-0.10655037459044951,-0.6391654993723178,24.141250054041546
389.55726920604474,658.1146995893117,268.5574303832669,0.8321500555317644,83.21500555317643,0.5511968157443069,0.7239906200616142,0.5244586180743471,0.7370323345960043,Tokyo,533952271,random_forest,-0.07492618240829617,-0.22284228123978733,25.43916654586792
661.714808336178,690.879445144003,29.164636807825,0.10771279042736286,10.771279042736284,0.05452611375604329,0.07862349388819821,0.05456125936419667,-0.4045408736095156,Tokyo,533952272,random_forest,0.37399972927551217,0.037230497984040094,24.775416533152264
705.6630697431302,685.9309044501643,-19.732165292965803,0.055000185623916044,5.500018562391605,-0.004033804684587065,-0.05319496304840535,-0.0038528773328385204,-0.48760575759179997,Tokyo,533952273,random_forest,-0.1692291453754316,-0.3395092147266852,24.99750010172526
1418.067853014593,707.9508527814313,-710.1170002331618,-0.45944853934441565,-45.94485393444157,-0.6578880447689901,-1.9143691037756276,-0.6220326331297562,-1.2982775848268362,Tokyo,533952274,random_forest,-0.27130691062959766,-0.5437768140131003,21.919166564941406
857.4141891001024,715.5987479593527,-141.8154411407497,-0.06672005164279055,-6.672005164279056,-0.1327667220281986,-0.38231319468344155,-0.12875904835553334,-0.6794133418414401,Tokyo,533952281,random_forest,-0.4610374854350551,-0.7679190145958188,19.113749821980793
768.303844520808,667.1703939436383,-101.1334505771697,-0.0022184000118836192,-0.22184000118836078,-0.09808217777650645,-0.2726406396123227,-0.0931737144258973,-0.5777711970571879,Tokyo,533952282,random_forest,-0.7661030646467396,-1.213745711141782,12.605416774749756
947.4144029697901,710.4337379491864,-236.98066502060374,-0.21323352916083546,-21.323352916083547,-0.27731766596029045,-0.6388643887678885,-0.27035176879952666,-0.910290284031207,Tokyo,533952283,random_forest,-0.46194391725939166,-0.7625521094976919,13.412916541099548
233.3084004636648,624.6513828032835,391.34298233961863,2.0267159935567767,202.67159935567767,1.002369886898727,1.0550020829305466,0.8891541072884893,2.619437528215805,Tokyo,533952303,random_forest,0.3391365421640776,-0.3550044059835134,6.523333350817363
655.4527903545827,668.6510512956834,13.198260941100665,0.16015176081056623,16.015176081056623,0.07845975157699066,0.035580535265196785,0.07687599040425254,-0.3219071846223531,Tokyo,533952304,random_forest,-0.5079048776384806,-1.0411233623518041,8.320833325386047
432.0175691602465,565.466183300124,133.44861413987752,0.5260537389790324,52.60537389790324,0.3294346866926496,0.35975748188985085,0.31200580208139467,0.25468366075102106,Tokyo,533952311,random_forest,3.6018180471339294,2.145588136924339,6.3695833285649615
840.6101323295725,691.9940054831087,-148.61612684646374,-0.07380143553634215,-7.380143553634216,-0.16166276471981797,-0.40064682505031474,-0.153588044939179,-0.6905722351221876,Tokyo,533952312,random_forest,-0.7857208475278681,-1.0399546682606418,7.467083374659221
525.0533271889401,651.7107433805712,126.65741619163113,0.40158318555358763,40.15831855535877,0.2710681185712032,0.3414494290964681,0.2616994871973796,0.05854210944564463,Tokyo,533952313,random_forest,-0.42068033244129927,-0.5328073512027409,10.662916680177053
405.4973059715822,679.3457968318355,273.8484908602533,0.8325370940607234,83.25370940607233,0.5448418531813036,0.7382545268544742,0.5174393417204544,0.7376422325629998,Tokyo,533952314,random_forest,-0.47592339654266763,-0.5139224677947998,11.693749944368998
990.1063014735165,676.4148506861006,-313.69145078741593,-0.20537115717036256,-20.537115717036254,-0.3224211759186031,-0.8456651809614543,-0.3079038450368014,-0.8979007043538337,Tokyo,533952321,random_forest,-0.7122695356783587,-1.1352367965041323,9.526249965031942
242.90614992471842,657.0491062287036,414.14295630398533,1.8597843724972156,185.97843724972157,1.0083443771739349,1.1164673988009466,0.915459229629068,2.3563855354715493,Tokyo,533952322,random_forest,-1.561186203714145,-1.1927058286029055,12.356249968210856
627.8663929123188,712.4873115573331,84.62091864501429,0.2978803288108403,29.788032881084032,0.19267341562313264,0.2281253260152006,0.18566412189354445,-0.10487356306926203,Tokyo,533952324,random_forest,-0.04721384062295362,0.04009720281309663,24.43375011285146
354.4828888425411,695.2691646604579,340.78627581791676,1.12095873421987,112.09587342198698,0.7006667266383761,0.918708772219749,0.6582080484235783,1.1921390301910522,Tokyo,533952331,random_forest,-1.0571144178335266,-0.5296082172892692,17.527083198229473
815.8265511712749,698.521110460467,-117.30544071080801,0.0017379082773454901,0.1737908277345488,-0.08491774516482371,-0.3162379035114214,-0.08374522251354227,-0.57153681933542,Tokyo,533952332,random_forest,-0.14608735401744852,-0.04470227438982793,19.357916514078777
846.0022757616488,700.1805127717063,-145.8217629899425,-0.029835286681152994,-2.9835286681152997,-0.13077783149579006,-0.3931136385051747,-0.12252465101412997,-0.6212900763781497,Tokyo,533952333,random_forest,0.26856438207687716,0.15955008420730724,26.080000082651775
648.2646068154799,648.1978747817492,-0.06673203373065206,0.11256634496383122,11.256634496383121,0.05182996871762372,-0.00017989957086526434,0.05256905261616957,-0.3968926091009275,Tokyo,533952334,random_forest,1.8996654380395295,1.6828343522182094,20.984166781107586
391.5182978501735,648.8276361515815,257.3093383014079,1.0621793935623616,106.21793935623613,0.5967347890900752,0.693667448033816,0.546767509886175,1.0995141422638322,Tokyo,533952341,random_forest,0.4706383421419741,0.6734019377215679,33.33124999205271
578.7214413722478,663.9293860262629,85.20794465401514,0.2717654179011013,27.176541790110132,0.18199769171904145,0.22970786023755407,0.17637403384050912,-0.14602561869265096,Tokyo,533952342,random_forest,-0.05486195078979238,0.015127309426794678,38.22000018755595
555.8886402720885,668.262771934452,112.37413166236342,0.3410819023497644,34.10819023497643,0.23078701822663802,0.30294383270279146,0.2240250695096185,-0.036796227349586055,Tokyo,533952343,random_forest,-0.7021182192306603,-0.3584147456063178,25.928750038146973
646.6072026738753,631.776826952614,-14.830375721261376,0.01526451250652941,1.5264512506529408,-0.012975438405756656,-0.039980472328989526,-0.012816019403294453,-0.5502215036692518,Tokyo,533952353,random_forest,1.228918819060316,0.9402088251103686,28.797083536783855
215.443023937532,733.2227440075732,517.7797200700412,2.698388108189825,269.8388108189825,1.2449343480824313,1.3958565959387255,1.0816521422323302,3.677863050615365,Tokyo,533952354,random_forest,-0.9530343572269632,-0.42544764991293504,23.631249984105427
1040.481799076796,695.565359052001,-344.9164400247951,-0.231654757107131,-23.1654757107131,-0.34654009060623797,-0.929843076494357,-0.33117128748350927,-0.9393185813023409,Tokyo,533952361,random_forest,-0.5143862892059898,-0.9391519737067391,18.9900000890096
825.1301983166923,711.7716343724483,-113.35856394424394,-0.04816166175763841,-4.816166175763841,-0.11106331870783581,-0.305597714731489,-0.10612270405940438,-0.6501689038468418,Tokyo,533952362,random_forest,-0.1636609435708791,-0.5967034235236784,16.646666685740154
392.86306150438077,687.181638156644,294.3185766522632,1.0018128271612248,100.1812827161225,0.602202559044582,0.7934388130763127,0.5606777725611357,1.0043880931297282,Tokyo,533952363,random_forest,-0.23795878485455,-0.7116560808439178,13.160416762034098
343.38001004040916,720.9671194466891,377.58710940628,1.4213240960041922,142.1324096004192,0.8092049540635772,1.0179183092279025,0.7434955998703323,1.6654568262275735,Tokyo,533952371,random_forest,1.0837312924162248,0.6114409251986268,22.077916701634724
1005.1658113728167,696.5383460248008,-308.62746534801596,-0.23378344594845665,-23.378344594845668,-0.3259830131155111,-0.8320134344690118,-0.31379480686926603,-0.9426729837701836,Tokyo,533952372,random_forest,-0.6135699712591763,-1.0465286426018487,20.072083353996277
595.4884140638334,709.9525601571382,114.4641460933048,0.331304383603016,33.130438360301596,0.21829105571996577,0.3085781986618174,0.21150247967922686,-0.05220370841339714,Tokyo,533952381,random_forest,-0.8184133319245506,-1.2258099825332227,14.05791668097178
726.2676039924332,683.3964459219525,-42.8711580704807,0.20366546279846323,20.36654627984632,0.05453320688774962,-0.11557422287631747,0.049170145206519945,-0.2533379947532155,Tokyo,533952383,random_forest,-0.24366682023652877,-0.6253946896631322,27.87458332379659
616.0103484427142,663.7813124048944,47.77096396218025,0.3148427919085364,31.48427919085364,0.17440572704870194,0.128783365891465,0.16648138370464902,-0.07814399744605505,Tokyo,533952384,random_forest,-1.4456652629171685,-1.892971074604223,23.420000116030376
255.17684130580426,684.0570737391782,428.88023243337403,2.0681583511706005,206.81583511706003,1.0392791227727465,1.1561968885704472,0.926759091385422,2.6847426794216798,Tokyo,533952402,random_forest,-0.7304363265066525,-0.4662620722374577,15.43541661898295
609.5401375056892,677.2383160951351,67.69817858944587,0.21029319819732165,21.029319819732166,0.12922462687868308,0.18250415273957235,0.12548028396316438,-0.2428939638800636,Tokyo,533952403,random_forest,-0.6666043233474239,-0.7872500506484664,9.487916549046835
398.655928219406,721.1951991369059,322.5392709174998,1.017646017130012,101.76460171300118,0.6294174313130044,0.8695175792102431,0.5899811193177359,1.029338142415488,Tokyo,533952404,random_forest,-0.40874481935619017,-0.26100403036333947,13.340833385785421
746.3032506454359,673.8986396652666,-72.40461098016928,-0.03350657129325522,-3.350657129325521,-0.0736641181529295,-0.1951919897507289,-0.07163618328188852,-0.6270753118357282,Tokyo,533952411,random_forest,-0.6990814083964257,-0.679420387620294,14.59083354473114
611.1432828020993,662.8957606545795,51.75247785248019,0.22199031292947055,22.199031292947055,0.1281491146406545,0.13951693117062475,0.12358745738980126,-0.224461570304061,Tokyo,533952412,random_forest,-0.44578422523590955,-0.4005357820140571,17.603333353996277
543.8210884109916,674.2509500743348,130.42986166334313,0.3138666538016066,31.38666538016066,0.22935380273837447,0.35161937722382247,0.22334855108599339,-0.07968220256616153,Tokyo,533952413,random_forest,-0.5604407736027248,-0.8351146524341375,10.671249985694885
622.2644859927894,651.6557987653345,29.39131277254508,0.18161585454189821,18.161585454189822,0.10338179800512526,0.0792345783479227,0.10110238630628031,-0.2880839185890004,Tokyo,533952414,random_forest,-0.3734483124824049,-0.09774834426096321,14.295000116030375
637.217640328981,655.6705121378521,18.452871808871063,0.1772524967419539,17.72524967419539,0.09719063587004677,0.049746179369366074,0.09442655266165338,-0.2949597277199859,Tokyo,533952421,random_forest,0.3293444942126644,0.3049219190467561,21.55375011761983
329.65468000502227,680.2198652735742,350.56518526855194,1.4302022351934458,143.02022351934457,0.7846537465368986,0.9450712478607614,0.7147948148775076,1.6794470588196404,Tokyo,533952422,random_forest,-0.09812371840203862,0.3954245396398924,27.081666549046833
746.929550435228,656.04569069267,-90.88385974255787,0.023078435913450435,2.307843591345043,-0.0850737884780209,-0.2450092774372443,-0.0825254297028606,-0.5379082696019437,Tokyo,533952423,random_forest,-0.392941086204884,-0.2099670550032719,14.491250038146973
668.1197777679309,684.4964281174742,16.376650349543166,0.21304896696345468,21.30489669634547,0.09850183122555034,0.04414899719652946,0.0961935920614796,-0.23855140456821802,Tokyo,533952424,random_forest,0.5152264436123316,0.5760844475151526,15.641249934832254
579.8242119937055,692.8882961670373,113.06408417333171,0.39352355635918995,39.352355635919004,0.25118052800073426,0.30480384136282407,0.23886272120488353,0.04584169051417306,Tokyo,533952431,random_forest,1.8193992749296142,1.7153357430286411,26.726250012715656
968.6107229902714,692.0050196748238,-276.6057033154477,-0.19357246926180807,-19.357246926180807,-0.29225192605011097,-0.745687558784475,-0.28192884719108396,-0.8793082510701902,Tokyo,533952432,random_forest,-0.804732065956353,-0.7624021249163028,20.78374977906545
863.6855004800308,721.9749913321804,-141.71050914785036,-0.04109184987327933,-4.109184987327933,-0.12092352150683912,-0.3820303137425007,-0.11534028185363147,-0.6390282458175034,Tokyo,533952433,random_forest,0.878187265711505,0.9214734196105283,19.600416620572407
877.8874315338768,713.3285222387639,-164.55890929511304,-0.07512010763102149,-7.5120107631021495,-0.16595512897238565,-0.4436261793509291,-0.1606263965417244,-0.692650207648183,Tokyo,533952434,random_forest,-0.8131458763573836,-1.0610813840004372,16.511250058809917
993.852495999744,721.537602615368,-272.31489338437603,-0.20234558389635238,-20.234558389635236,-0.28020885973548204,-0.7341201776916128,-0.26976029844622756,-0.8931329852490263,Tokyo,533952441,random_forest,-0.09390415755018622,-0.12511476475544292,19.18999985853831
1205.0923934971838,632.6665625638026,-572.4258309333812,-0.4158343396506959,-41.583433965069595,-0.6082938516618864,-1.5431743284305923,-0.5702769751599034,-1.2295500299839741,Tokyo,533952442,random_forest,-1.209881993583743,-1.1999937307221342,22.74583347638448
1028.3418998584798,719.3129416564033,-309.02895820207664,-0.2333765812326549,-23.337658123265488,-0.32207831321919184,-0.8330957990863186,-0.31156220392152156,-0.9420318435620574,Tokyo,533952443,random_forest,-0.7451441944824353,-0.8476618500363914,17.325833479563396
513.922643363658,737.0732462361966,223.15060287253857,0.5777971919340773,57.779719193407736,0.40042225123483083,0.60158061205101,0.3855779497757023,0.3362213486072764,Tokyo,533952444,random_forest,-0.8607872191350648,-0.8536405479218184,19.956249912579853
918.1330129608295,662.751639465443,-255.38137349538658,-0.20312123145609065,-20.312123145609068,-0.2836252287780856,-0.6884699435991917,-0.2732908651530232,-0.8943552559905511,Tokyo,533952451,random_forest,-1.2249190918164197,-1.390696078248794,22.059999982515972
945.6651107910907,677.9760618565987,-267.689048934492,-0.1995156471750553,-19.95156471750553,-0.29682052511727575,-0.7216495937021822,-0.2839962988770253,-0.8886735515650287,Tokyo,533952453,random_forest,-0.08844264650463168,-0.37369079015237683,23.77916665871938
312.7022052931388,721.4535458428107,408.75134054967197,1.5908926643034615,159.08926643034616,0.8842443939599739,1.1019324100369847,0.8075769376876442,1.9326641385078398,Tokyo,533952481,random_forest,-0.4825821180521144,-1.0387495702921759,26.0604168176651
393.1742447305746,655.9409975446584,262.7667528140839,0.8024581469977646,80.24581469977646,0.5325661594172463,0.7083798203979943,0.5065876810575258,0.6902436215967936,Tokyo,533952483,random_forest,-0.6393206112047337,-1.1910611936907116,13.021666566530863
503.7723628999247,670.6157019536171,166.8433390536924,0.4294214067308697,42.942140673086975,0.3156017642902835,0.44978465992262934,0.3065782998262665,0.102409769201531,Tokyo,533952491,random_forest,-1.4011436683515133,-1.755921136547047,15.411249935626984
309.2742136776754,719.0484813389181,409.77426766124285,1.5879103460256567,158.79103460256565,0.8825551526218948,1.104690068362532,0.8061780199560892,1.927964580922556,Tokyo,533952493,random_forest,0.06188959315059883,-0.7439516396785992,20.41499988238017
357.60725297245546,507.9764618533597,150.36920888090415,0.5494139993300752,54.94139993300752,0.37496881117303554,0.40537287171870157,0.36150561664332415,0.29149491914150844,Tokyo,533952511,random_forest,-0.5170582589189254,-1.1122778154130275,4.805833359559377
711.939936859959,609.5951138958415,-102.34482296411761,-0.08809014747520898,-8.809014747520898,-0.1251355155796995,-0.2759063181835702,-0.12248799909625523,-0.7130884853413504,Tokyo,533952512,random_forest,-0.7273058551763438,-0.912496987752491,6.59250005086263
951.6675812852022,566.8773604075943,-384.79022087760796,-0.31141597628601103,-31.141597628601104,-0.45791831424208435,-1.0373368192019414,-0.4348552811437494,-1.0650068572295819,Tokyo,533952521,random_forest,-0.6738445069284172,-0.869094082805635,6.6420833468437195
883.6145345782555,672.7188261224231,-210.8957084558323,-0.15387565334380984,-15.387565334380986,-0.2336521193131422,-0.5685432516812796,-0.22275881627014438,-0.8167537364338918,Tokyo,533952522,random_forest,-0.8514044517770474,-0.8588773975731189,7.695833325386047
438.6135424347158,467.2865923435432,28.67304990882738,0.1556264177387405,15.56264177387405,0.08138947523113726,0.07729824921590768,0.08111964044756388,-0.32903825125514186,Tokyo,533952523,random_forest,-0.6526382734269618,-1.0850684535774435,3.669583330551783
884.085228507866,541.8947025223417,-342.1905259855242,-0.19021566894377842,-19.021566894377845,-0.3662645333157842,-0.9224944204072402,-0.34113987752524194,-0.8740185821189302,Tokyo,533952524,random_forest,0.8521821100963215,0.2990635060872839,4.987083385388057
856.3384924475166,650.156143010384,-206.18234943713267,-0.11765329596075419,-11.765329596075418,-0.236312098957007,-0.5558367415182528,-0.22600986724512975,-0.7596742973735854,Tokyo,533952531,random_forest,-0.5315662079760992,-0.7156022229617941,12.299583355585733
1410.6527977790577,652.3001671075639,-758.3526306714939,-0.4788330428370667,-47.88330428370667,-0.7166381256896566,-2.0444051409103015,-0.6679255430681579,-1.3288238183069536,Tokyo,533952532,random_forest,-1.144583117812237,-1.387594897555745,11.53125
859.900266196592,678.2494397195836,-181.65082647700845,-0.12349883538762357,-12.349883538762358,-0.20851239076119257,-0.4897034288275209,-0.19880512556370408,-0.7688857384723,Tokyo,533952533,random_forest,0.8994340370051883,0.27713344275942736,7.393750011920929
1343.3727556853294,649.4522450008652,-693.9205106844641,-0.41219277656093983,-41.219277656093986,-0.675361075223624,-1.870705793121931,-0.6170659289585372,-1.2238116299050432,Tokyo,533952534,random_forest,-1.1910629621725486,-1.5231456194564135,7.305833299954732
678.6888183563748,702.2736415343317,23.584823177956864,0.09840001482961853,9.840001482961853,0.053569763329163855,0.06358115183141265,0.05228629148978472,-0.41921600923341673,Tokyo,533952541,random_forest,-1.3243550229005059,-1.3893786748418957,15.737499992052713
367.1327505426766,696.9007823104995,329.76803176782283,1.205231957323723,120.5231957323723,0.7166232722632762,0.8890052360694615,0.6653892318539701,1.3249373528320343,Tokyo,533952542,random_forest,-0.08454076311844529,-0.5545811592603321,18.357083400090534
1325.9817423835125,734.1965370537824,-591.78520532973,-0.36150449769839293,-36.15044976983929,-0.5588386048261339,-1.5953643030412923,-0.5180670933419426,-1.1439366926167265,Tokyo,533952543,random_forest,-1.0940845414676854,-1.3337894598978277,9.996249854564667
694.7416503430792,643.3760704192993,-51.365579923779954,0.02942653043284653,2.9426530432846527,-0.03562306163950394,-0.1384739122867291,-0.0332831509905521,-0.5279048987435236,Tokyo,533952544,random_forest,-0.5555796906799871,-0.9250862798887008,10.702916741371155
489.9578497018292,691.2747761419338,201.31692644010468,0.5798977584271854,57.98977584271854,0.387683151650091,0.542720289638842,0.3710459211143557,0.3395314356860255,Tokyo,533952572,random_forest,-0.6757539676189385,-1.346199049242634,13.514166593551636
459.88308998975936,656.7906671887596,196.90757719900023,0.5473579913210208,54.73579913210207,0.3846043036463594,0.5308333443155288,0.3717886924186678,0.28825504762736953,Tokyo,533952581,random_forest,-1.802844214045829,-2.1722235917100146,7.92125004529953
754.7380386617847,463.9618513185363,-290.7761873432484,-0.30887895127534154,-30.887895127534154,-0.4377946036371787,-0.7838890619162977,-0.41610945716903175,-1.0610089958270348,Tokyo,533952622,random_forest,-1.4031163773942428,-1.8114938653245813,3.3904166519641876
1999.553407482079,458.76455015063385,-1540.788857331445,-0.7445591905153618,-74.45591905153617,-1.4393533284235887,-4.1537360504657395,-1.2045705403130713,-1.7475569033112002,Tokyo,533952631,random_forest,-1.142995348372691,-1.4406228324379688,4.356666684150696
981.4177081478573,490.78805094744666,-490.6296572004106,-0.4349227313012167,-43.492273130121674,-0.6399230135308107,-1.3226640917371346,-0.598802796509713,-1.2596296483934828,Tokyo,533952632,random_forest,-1.309395591730976,-1.719575897265038,4.445833375056584
428.3214190460986,423.7092739223156,-4.612145123783013,0.08833220214759196,8.833220214759196,0.01886881095238239,-0.01243365265752062,0.020294229802270806,-0.4350809374703386,Tokyo,533952634,random_forest,-1.1283392670332897,-1.5437959576880664,3.1437499721844993
1077.3337674411162,643.6732196419282,-433.660547799188,-0.33514115218471013,-33.51411521847101,-0.47958204669019916,-1.1690839030196345,-0.45567688322793426,-1.1023931520414798,Tokyo,533952641,random_forest,-0.9188213760517709,-1.2768958790521547,6.791249990463257
712.2305536781022,602.296438575137,-109.93411510296512,-0.07965261612617602,-7.965261612617603,-0.13904795499496272,-0.2963659134127599,-0.13413457956747168,-0.6997925656041706,Tokyo,533952642,random_forest,-0.5246291200262506,-0.9929654602841123,7.358750065167745
614.9428847072879,533.4216223701344,-81.52126233715352,-0.07844821969703598,-7.844821969703599,-0.13948128883231337,-0.2197691167339927,-0.13375777540205155,-0.6978946694552659,Tokyo,533952643,random_forest,-0.6622611043144101,-1.1482443515344543,5.179166674613953
631.7730402788077,522.7097550264956,-109.06328525231207,-0.07304691535670282,-7.304691535670282,-0.13975296075739052,-0.29401828652847417,-0.1346771579027384,-0.6893832570510463,Tokyo,533952644,random_forest,-0.5579543562432663,-1.1477403364062604,5.156250019868215
419.9587009389965,575.4436417864043,155.48494084740784,0.45009122739867213,45.009122739867216,0.3213970908187883,0.41916411909998724,0.3113879126558043,0.1349814142968112,Tokyo,533952653,random_forest,-1.0717181716588282,-1.296834051894138,4.938750048478444
285.2423064323343,438.86526189012125,153.6229554577869,0.8427439561473787,84.27439561473787,0.4933263628975871,0.41414448529259823,0.45824846923969725,0.7537262758048879,Tokyo,533952741,random_forest,1.1037297193217612,0.4267369616003346,2.9995833287636438
575.0183531845348,441.6328005317075,-133.3855526528273,-0.1233168781086703,-12.33168781086703,-0.2127539539387886,-0.35958747756322945,-0.2036498397970217,-0.7685990089448493,Tokyo,533952742,random_forest,-0.8963353842906172,-1.4409413966927522,2.8333333333333335
580.4036174033005,456.17883720485867,-124.22478019844175,-0.12922009291820163,-12.922009291820165,-0.20357315314146388,-0.33489140670781214,-0.19590313506582982,-0.7779013353069145,Tokyo,533952751,random_forest,-0.09389306115122456,-0.733307607486352,3.945416659116745
1108.2319052938008,716.2088911916727,-392.0230141021281,-0.27039235957862756,-27.039235957862758,-0.3821021957579922,-1.0568353467382103,-0.3665167417194888,-1.0003615608144503,Tokyo,533953001,random_forest,-0.06407323923071094,-0.5758182443116544,17.881666898727417
1036.1623417265755,690.438214582949,-345.7241271436265,-0.2585766211681509,-25.85766211681509,-0.3548033417968253,-0.9320204800282826,-0.3422032833239692,-0.9817422392330001,Tokyo,533953002,random_forest,-0.3943290296997388,-0.6981529657153476,17.74208339055379
1277.7631047272541,680.0104307684861,-597.7526739587682,-0.39780872766952086,-39.780872766952086,-0.5795811546075783,-1.6114517049306005,-0.5447956228215114,-1.2011451470625354,Tokyo,533953003,random_forest,-1.1232943829590545,-1.3464859936905207,12.832500020662943
982.8085924211982,646.4604698144016,-336.3481226067967,-0.29874847249994946,-29.874847249994946,-0.3967416288057666,-0.9067441757062151,-0.38328130961864204,-1.0450453179306256,Tokyo,533953004,random_forest,-0.512480229898497,-0.682911614720285,11.834166646003723
864.8353247263764,668.6218821789594,-196.213442547417,-0.15090099441305574,-15.090099441305574,-0.2279269750453644,-0.528962061230608,-0.22212587754351168,-0.8120662485001937,Tokyo,533953011,random_forest,-1.1903064807281105,-1.3878567050552457,15.224583188692728
852.3650432546305,700.6828319263883,-151.682211328242,-0.05874070174710125,-5.874070174710126,-0.1581213644832514,-0.40891252971525716,-0.1500642421913566,-0.6668394275791697,Tokyo,533953012,random_forest,-0.8516941735781042,-1.2373065994287826,12.505833268165588
646.5991100870456,699.3139522183504,52.71484213130484,0.3513141715821815,35.13141715821815,0.16779431900504818,0.14211132116742003,0.15356852687225162,-0.020672147353246215,Tokyo,533953013,random_forest,-0.863779994284885,-1.2625171219022746,8.421666701634726
555.037042592519,659.0900500272295,104.05300743471054,0.28226399615560355,28.226399615560357,0.18737334135633565,0.2805113277425284,0.17996991796916725,-0.1294818871138211,Tokyo,533953014,random_forest,-1.157550737754719,-1.5094968767124828,7.222916642824809
1364.5649060099847,665.1410521307881,-699.4238538791965,-0.44552179393364383,-44.55217939336438,-0.669176276273844,-1.885541982335836,-0.6224017367919447,-1.2763317239438445,Tokyo,533953021,random_forest,-0.9888082585973867,-1.034420956284609,12.587916652361551
1047.1713485663083,699.7614938912393,-347.409854675069,-0.2557669893415237,-25.576698934152372,-0.3668695842965682,-0.9365649490418647,-0.350962501574011,-0.9773148021412087,Tokyo,533953022,random_forest,-1.2424746414896313,-1.452434172195436,13.648749947547913
1047.946072805763,723.5479917034932,-324.39808110226994,-0.24053672846923854,-24.053672846923856,-0.3520956692301258,-0.8745286531407913,-0.33437237551837584,-0.9533148526586597,Tokyo,533953023,random_forest,-1.3706660773440433,-1.776584840412703,8.161666631698608
1352.6016332743072,622.1594798377554,-730.442153436552,-0.4714289034639357,-47.142890346393564,-0.716689485076544,-1.9691626734399235,-0.6628800861381049,-1.317156324729069,Tokyo,533953024,random_forest,-1.3579549352444193,-1.725399936724065,9.066249986489614
911.6596109422727,653.2723943862424,-258.38721655603035,-0.15162243550904628,-15.162243550904629,-0.26302496576890316,-0.696573246412961,-0.2517485123141541,-0.8132031003245714,Tokyo,533953031,random_forest,-0.5807165057053822,-0.8672937898624844,14.418749968210856
780.9825031290892,670.4507463388173,-110.53175679027186,0.08325004855485017,8.325004855485014,-0.07388599708937364,-0.2979770659142951,-0.07035763226717034,-0.44308942993879735,Tokyo,533953032,random_forest,-0.8146373239558216,-1.178613783770618,11.759583274523417
623.1331680427547,625.5712211630938,2.4380531203390916,0.13972264374426188,13.972264374426187,0.05408141630353095,0.006572626152322,0.05137269856896512,-0.3540995273324238,Tokyo,533953033,random_forest,-1.2758234976662275,-1.4217304113475109,9.3612499833107
621.0852595686124,677.3951817615346,56.309922192922166,0.2987712050042182,29.87712050042182,0.14674621095566787,0.15180311870683993,0.13610970896106464,-0.10346971425698182,Tokyo,533953041,random_forest,-0.6768236110954374,-0.9493407523714968,10.60791665315628
768.7011774579779,650.2922642987812,-118.4089131591968,-0.0696691985102423,-6.96691985102423,-0.1444314243076479,-0.31921270000463237,-0.13900099664495544,-0.6840606276909069,Tokyo,533953042,random_forest,-0.7714051626292024,-1.0087288258281495,10.296250025431315
525.7051328405017,621.2541122520031,95.54897941150132,0.3106962407764854,31.06962407764854,0.19819720827212087,0.2575857415364124,0.1903722149044512,-0.08467816114361353,Tokyo,533953043,random_forest,-0.7168193874454584,-1.3081849438429725,6.784166693687439
493.5140505002128,621.7812172200895,128.26716671987666,0.4234724906329011,42.347249063290114,0.24953490852116214,0.34578907548579246,0.23549945238745526,0.09303542643587442,Tokyo,533953044,random_forest,-1.189702551062197,-1.6941615565416355,7.419166723887126
906.9544611815155,677.2507914730801,-229.7036697084355,-0.15510313820772206,-15.510313820772206,-0.249235583747249,-0.6192466990218878,-0.24051932316511435,-0.8186880154965765,Tokyo,533953051,random_forest,-0.749437999959406,-0.9533157073338873,14.480000019073486
968.1417967549922,703.3340347889899,-264.8077619660024,-0.1661015033974488,-16.61015033974488,-0.269906856486446,-0.7138820754625445,-0.254677407852462,-0.8360193147538598,Tokyo,533953052,random_forest,-0.3425935266228478,-0.6261214230489753,17.900416652361553
306.30731282627374,703.169482762679,396.8621699364053,1.944447538197757,194.44475381977568,0.9316131803267664,1.0698809862799397,0.8211672780472877,2.4897983323293618,Tokyo,533953053,random_forest,-0.1885823757509176,-0.5309220960156745,11.629166622956594
739.1732045101024,756.545925025709,17.37272051560657,0.18941256126699077,18.941256126699077,0.09457196673856039,0.046834253218393955,0.09000881689949558,-0.27579781468693404,Tokyo,533953054,random_forest,-0.6738075554212187,-0.8250311333285699,14.589583357175192
406.0227709227184,728.9597520763067,322.9369811535883,1.0649531148309745,106.49531148309745,0.6375405653203196,0.8705897464558845,0.5934419881374681,1.103884991252146,Tokyo,533953061,random_forest,-1.0156068432592555,-1.2985232778825984,19.698749979337055
1042.2847673539382,734.9293908411365,-307.3553765128017,-0.16686282741662506,-16.686282741662506,-0.282227626294325,-0.8285840734445714,-0.26785394198044354,-0.837219014361982,Tokyo,533953063,random_forest,-1.0830451556514458,-1.1962942707101152,18.30958342552185
231.9703317723445,716.8885638864086,484.9182321140641,2.342404245481433,234.2404245481433,1.1646194759538815,1.3072669449004293,1.0334356537599885,3.1169012395704194,Tokyo,533953064,random_forest,0.812645842004227,0.7595853784726997,19.516666730244953
260.842101734511,694.6987161961624,433.85661446165136,1.8920308001791533,189.20308001791534,1.007216920936913,1.1696124693837364,0.9109334450590011,2.407199677254733,Tokyo,533953071,random_forest,0.025525803481317128,0.47707401519351217,34.20791641871134
241.87587857564645,640.3077967239068,398.43191814826037,1.9600630315692484,196.00630315692487,1.0138633115014561,1.074112792413993,0.9085544160079455,2.5144053338248415,Tokyo,533953072,random_forest,2.7655544003125896,2.7192463509140588,39.58958339691162
368.12398928613305,624.5726132135261,256.4486239273931,1.0366050642770213,103.66050642770212,0.595568089564721,0.6913470909599134,0.5493266983489462,1.059213938869736,Tokyo,533953073,random_forest,-0.14473718754810633,0.14769099631338417,37.801250060399376
987.7077905896322,641.3365231969597,-346.3712673926725,-0.24405701939124716,-24.40570193912472,-0.3770875876818443,-0.9337650732406356,-0.35441187813614433,-0.958862151224361,Tokyo,533953074,random_forest,2.5305629271798202,2.073881481804796,36.85208344459534
655.2005734126984,690.9259785518592,35.725405139160706,0.2327407176673794,23.274071766737944,0.10819902287588341,0.096310342937601,0.10238485769836249,-0.2075210088264653,Tokyo,533953081,random_forest,-0.643725575797891,-0.45265748083943896,25.63249969482422
981.6729794475735,666.9836254172028,-314.6893540303707,-0.24332982214822463,-24.332982214822465,-0.35186425340523647,-0.8483553786841435,-0.33735126801372567,-0.9577162288240331,Tokyo,533953082,random_forest,-1.254664386136608,-1.569428526534873,19.069999933242798
471.73295607136487,724.9326576902222,253.1997016188573,0.7171818974718794,71.71818974718794,0.47754654987061124,0.6825884828911217,0.45521891494895605,0.5558647230444533,Tokyo,533953083,random_forest,-0.6818322263808453,-0.8931491676748912,18.664999961853027
1402.4888509443915,682.3715360230268,-720.1173149213647,-0.45460043362067676,-45.46004336206767,-0.6722778017157857,-1.9413284547851706,-0.6286081408339056,-1.2906379065946976,Tokyo,533953091,random_forest,-1.3911873332530122,-1.7734557333682328,21.890833536783855
441.83288461693263,730.5380773871296,288.7051927701969,0.8044780247767843,80.44780247767842,0.5345249722548875,0.7783059706462182,0.508997693866143,0.6934265588467793,Tokyo,533953092,random_forest,5.13750354548827,4.535335702237455,23.12291646003723
372.70127993181376,695.7613229874969,323.06004305568314,1.1888100634585281,118.88100634585281,0.7013179614397634,0.8709215029173477,0.6502227394710519,1.299059619910883,Tokyo,533953094,random_forest,3.2816634116788013,2.8919355158286812,22.924166639645893
902.7641049567861,669.0898698715346,-233.67423508525164,-0.18240152976530022,-18.240152976530023,-0.28070578425612885,-0.6299507487480628,-0.2687025819803674,-0.8617050080373232,Tokyo,533953101,random_forest,-0.9380874845015291,-1.4866954346649526,7.279999991257985
251.23041861535842,573.3489975987449,322.11857898338644,1.5202744624414286,152.02744624414285,0.852626750724154,0.8683834567478746,0.7804756274291552,1.8213834919418075,Tokyo,533953141,random_forest,-0.4950405293849299,-1.1986410772744371,4.909583369890849
807.7284115088192,551.9039466869477,-255.82446482187163,-0.27111883404424786,-27.111883404424788,-0.35811701191329953,-0.6896644514694378,-0.34729262228420077,-1.0015063442571932,Tokyo,533953142,random_forest,-1.0700060638192574,-1.5160950763014174,5.3108333349227905
889.2303066948775,629.2878679839972,-259.9424387108803,-0.21019012431558162,-21.019012431558163,-0.3056194848064328,-0.7007658924723774,-0.2923785031291698,-0.9054944658142026,Tokyo,533953152,random_forest,-0.7451130159311079,-1.145106224700402,12.31333331267039
938.1025894137225,679.58599717945,-258.5165922342724,-0.19037886702677054,-19.037886702677053,-0.2874467223383514,-0.6969220238695285,-0.2755334146106526,-0.8742757507767951,Tokyo,533953154,random_forest,-0.22198015894931414,-0.6108011838527576,12.921249985694885
764.788482225621,696.8927391382272,-67.89574308739388,0.022791674634607278,2.2791674634607273,-0.038301085137409485,-0.18303675704386366,-0.036991419139441734,-0.5383601499908286,Tokyo,533953161,random_forest,-0.5660829841816156,-0.760739898784042,15.056666692097982
598.337924155146,710.279405124107,111.94148096896102,0.328913199224402,32.891319922440196,0.2220390147611806,0.3017774712160158,0.21408053427775386,-0.055971753148246525,Tokyo,533953162,random_forest,-0.06442781731244622,-0.08116938863690687,15.49874989191691
687.5507877304148,699.6565776201815,12.105789889766678,0.10178026306794895,10.178026306794894,0.047876075874290026,0.0326353968911593,0.046158842284546114,-0.4138893908886166,Tokyo,533953163,random_forest,0.9182332255446353,0.5401003486093333,12.46750009059906
620.6977290905239,680.1071503544098,59.40942126388586,0.2756890667549624,27.568906675496237,0.161438031864648,0.16015890410091715,0.1547430035307653,-0.13984270593300901,Tokyo,533953164,random_forest,-0.9863547790575506,-1.344075373648279,11.520416617393494
453.9195574756784,618.6755591487005,164.75600167302204,0.5664991769264419,56.64991769264419,0.3661590444396376,0.4441575108902878,0.3478665063044102,0.31841785911290077,Tokyo,533953171,random_forest,-0.2894133493390707,0.15956200321815897,39.293750047683716
721.2366244283772,652.3047014783061,-68.9319229500711,0.001573119008745974,0.15731190087459743,-0.06662995147903354,-0.18583014280200272,-0.06449517468840042,-0.5717964953944724,Tokyo,533953172,random_forest,-0.48781223839625903,-0.26448359637204,34.74791697661082
642.7108325135414,731.4209933258829,88.71016081234158,0.23042285348262234,23.04228534826223,0.16488799134616816,0.23914931059861075,0.16092994627335033,-0.21117351509724147,Tokyo,533953173,random_forest,0.22986190416387126,0.325531271498945,22.71999990940094
1170.9350597147184,707.808487063389,-463.12657265132924,-0.3310801342425385,-33.10801342425385,-0.4608872760409417,-1.2485198939471893,-0.4381698121909304,-1.095993772130844,Tokyo,533953174,random_forest,-0.9483038711646772,-1.012457442381733,21.720416863759358
991.6511841309567,763.2261762387913,-228.4250078921655,-0.13352018086721482,-13.352018086721484,-0.2186630184643079,-0.6157996182247217,-0.21132602607202164,-0.7846774433731021,Tokyo,533953182,random_forest,-0.9053491715777382,-1.422653962434138,16.340833346048992
946.0016520097287,692.9961551740968,-253.0054968356318,-0.2007123663522039,-20.07123663522039,-0.28800770730994363,-0.6820649358746579,-0.27508383380410933,-0.8905593498476194,Tokyo,533953183,random_forest,-1.0969975508421905,-1.4336165037107724,15.43749992052714
502.20213158469727,714.1538683616967,211.95173677699947,0.5854788474282723,58.54788474282723,0.3888275547106527,0.571390145911513,0.3718804785826404,0.3483261539910441,Tokyo,533953184,random_forest,-1.0901373794654121,-1.5217186637186269,16.245833198229473
469.42945688269646,677.9517403693598,208.52228348666335,0.6417201391817892,64.17201391817892,0.4200192571345403,0.562144853347463,0.39971923896884953,0.4369515670576018,Tokyo,533953191,random_forest,0.21418932490350187,-0.324703882835016,21.006250103314716
1013.5639815205951,689.7034722860876,-323.86050923450756,-0.277539190327906,-27.753919032790602,-0.36181443765174864,-0.8730794398782368,-0.35206690874853175,-1.0116235856990754,Tokyo,533953192,random_forest,-1.6433362871818975,-1.9601222290585854,19.90208327770233
652.7788065997673,687.0816390509813,34.30283245121389,0.3012888323181635,30.12888323181635,0.14456508306177793,0.092475299978784,0.13639554294256348,-0.09950241987789964,Tokyo,533953193,random_forest,-0.5893980677000852,-0.5113605105851955,20.050416549046833
362.591195794048,643.4584214900541,280.867225696006,1.0819584839323302,108.19584839323302,0.6368261377350991,0.7571759850265035,0.5899816996423627,1.1306821684500308,Tokyo,533953262,random_forest,-0.379113544773593,-0.7533638895413176,10.110833326975504
615.6028186763953,642.6146101876104,27.011791511215176,0.2546726108765903,25.46726108765903,0.10291170972737329,0.0728197453232641,0.09730490195948348,-0.17296058116921104,Tokyo,533953271,random_forest,-0.032387939340888676,-0.48328289846486544,12.676250020662943
1069.778088453661,711.3040753767432,-358.4740130769178,-0.2528255033300649,-25.282550333006494,-0.3615058733694915,-0.9663922634095313,-0.3447763867573111,-0.9726795883211291,Tokyo,533953272,random_forest,-0.9791373817056743,-1.2454907679415992,14.981249928474426
409.8279038018433,670.8606339615658,261.03273015972246,0.9185529743659041,91.85529743659042,0.5582002970408365,0.703705154964458,0.5224804505197388,0.8731866463673559,Tokyo,533953273,random_forest,-0.29243352301832737,-0.9558272126411186,12.104583382606506
684.5551512736815,718.4550731473136,33.899921873631975,0.18115738076956764,18.115738076956763,0.08862031266877979,0.09138911339114568,0.08504434914079967,-0.2888063847021732,Tokyo,533953274,random_forest,-1.3864630636483997,-1.7173011176033455,14.490833322207132
1134.5039766022867,666.1607627146855,-468.3432138876014,-0.3331946351794628,-33.31946351794628,-0.48167471017718605,-1.2625831776101946,-0.4563852032685509,-1.099325817201676,Tokyo,533953281,random_forest,-0.9205400380453016,-1.150089411189199,19.414999922116596
973.9608797683051,697.3434050638094,-276.6174747044957,-0.19276297483980356,-19.276297483980358,-0.27728361080047853,-0.745719292686768,-0.2681455995619989,-0.8780326442110938,Tokyo,533953282,random_forest,-1.198542154589269,-1.0795896496046913,19.762500127156574
830.1196613620513,728.1283805232064,-101.991280838845,0.012920445796735987,1.2920445796735995,-0.07177926480310474,-0.2749532215512085,-0.06577199241287328,-0.5539153000585927,Tokyo,533953283,random_forest,-0.03311508882177503,-0.3184550751857384,19.768749992052715
702.1681574180748,749.1418495430429,46.973692124968146,0.24779257909456878,24.779257909456877,0.13054163890716075,0.1266340403972603,0.12444396802198333,-0.18380218241238616,Tokyo,533953284,random_forest,-1.106095857821162,-1.324817705259578,18.518333315849304
682.9997970750128,724.1227122329109,41.122915157898014,0.1923883726106814,19.238837261068138,0.10659099693320984,0.1108612217558766,0.103645635176657,-0.271108510773031,Tokyo,533953291,random_forest,-0.5293387608042357,-0.882251211757964,19.56416650613149
562.9844439809665,692.5567473796322,129.57230339866567,0.38215133685616126,38.215133685616124,0.250174307762366,0.34930752854811553,0.2393581026466797,0.02792126906730157,Tokyo,533953292,random_forest,-0.5555028067895776,-1.0253325493348568,17.59125014146169
791.8272813620073,678.0015243549605,-113.8257570070467,-0.011148609300853013,-1.114860930085301,-0.0847411864270707,-0.3068571972739915,-0.08439164901018292,-0.5918434820693157,Tokyo,533953293,random_forest,-0.8612445713329347,-0.9684744455821792,23.475416739781696
743.0234053059395,672.6226736240278,-70.4007316819118,0.07748642826190023,7.748642826190024,-0.02143399719325308,-0.18978983121203719,-0.023925905333277393,-0.4521717823047446,Tokyo,533953294,random_forest,-0.0814471018472402,-0.3228501712340426,27.93833335240682
772.8845348182284,655.7745269907966,-117.11000782743174,-0.05158610060728199,-5.1586100607282,-0.12325030909877115,-0.31571104572083974,-0.11949372712889761,-0.6555651580598658,Tokyo,533953381,random_forest,-0.7990931430417201,-1.095526489064817,20.328750054041546
1170.0285420506914,704.1250594349252,-465.9034826157662,-0.2962762997474106,-29.62762997474106,-0.44441854685536225,-1.2560060274127158,-0.4219177530115325,-1.0411496511609883,Tokyo,533953382,random_forest,-1.311740062295419,-1.5820114761779458,15.674166520436605
675.176807053889,661.2853656125988,-13.891441441290263,0.0403395896529169,4.033958965291691,-0.009229165634505857,-0.03744924610082948,-0.009479895363339479,-0.5107080252179781,Tokyo,533953384,random_forest,-2.16070286371165,-2.4429585953233426,21.358750025431316
773.7651089349719,665.1612818503388,-108.60382708463301,-0.0014338203263395434,-0.143382032633955,-0.09585576632967759,-0.29277965610504625,-0.09046334419553888,-0.5765348510105909,Tokyo,533953391,random_forest,-0.12056274633217633,-0.24218461883085138,23.515833536783855
436.2198788722478,668.1757677529203,231.95588888067243,0.7991050435032032,79.91050435032032,0.48828840966610515,0.6253183446758375,0.4566008912889367,0.6849597781252958,Tokyo,533953392,random_forest,0.22332309772068742,0.4539377255210644,29.707500060399372
328.90495657322066,709.2707304231539,380.3657738499332,1.3160438151315488,131.6043815131549,0.7915477143775395,1.0254091725066905,0.7372015581671576,1.4995554379558902,Tokyo,533953394,random_forest,-0.02232896175417802,-0.08658408702788874,16.46833344300588
552.6063944925579,690.4254227783568,137.819028285799,0.4448987415479418,44.48987415479417,0.2820856904480263,0.37153946402646904,0.268212745077186,0.12679905949991135,Tokyo,533954001,random_forest,-0.8452827620320587,-1.0315853018295453,24.200833241144817
1475.667326612903,650.9841490354415,-824.6831775774617,-0.46297545666512124,-46.29754566651212,-0.7341095765197414,-2.2232223634125527,-0.675184307376179,-1.3038353253170267,Tokyo,533954002,random_forest,-0.3342694033005332,-0.6486788476359967,24.231250047683716
1116.5371565092657,691.1194619730977,-425.41769453616797,-0.1814865156046248,-18.148651560462483,-0.37457307307666693,-1.1468624048601754,-0.352709731635227,-0.8602631224507151,Tokyo,533954003,random_forest,-1.6992747678825741,-1.9497168238626843,20.84583346048991
560.6041444892473,676.4892065938587,115.88506210461144,0.3618497170996542,36.18497170996542,0.238518276702983,0.3124087754684738,0.22876589259937988,-0.004070162508025236,Tokyo,533954004,random_forest,1.2239996036719323,0.8046704248420032,20.81041653951009
457.85211249396747,684.2213799670025,226.36926747303497,0.7771093904362659,77.7109390436266,0.47950924572020587,0.6102576498695435,0.44976481263479484,0.6502988772471769,Tokyo,533954011,random_forest,-0.7933372955878307,-1.1462977774941572,22.68916654586792
399.2618889455079,728.0268163117559,328.764927366248,1.0772937704042242,107.72937704042243,0.6565868863554817,0.8863010168019243,0.6133249744707887,1.1233314808968826,Tokyo,533954012,random_forest,0.540670418241582,0.008880406766116067,21.33541663487752
437.1851522545092,677.8820539156455,240.6969016611363,0.9020895001644907,90.20895001644907,0.5254757840458434,0.6488828063027716,0.48652111187969155,0.8472433908673677,Tokyo,533954013,random_forest,-0.22277649844769684,-0.40164418685426667,25.577500025431316
601.5276675914155,663.1178078111349,61.59014021971944,0.3441556440683548,34.41556440683548,0.1775220508589566,0.16603779587747636,0.16558301786302962,-0.03195260407962528,Tokyo,533954014,random_forest,0.20648956423135073,-0.08460714424870008,23.445416847864788
398.4706267921147,695.5054321071352,297.0348053150205,0.9399508323243962,93.99508323243964,0.5959246413863594,0.8007613588385815,0.5615625077137089,0.9069055376158364,Tokyo,533954021,random_forest,-0.27505964982609,-0.6092567560987587,18.793750127156574
812.8793678817183,682.559786131014,-130.31958175070437,-0.04012021862513474,-4.012021862513475,-0.10720227704198837,-0.3513220790920309,-0.1028190641286519,-0.6374971426363643,Tokyo,533954022,random_forest,-0.762957016876976,-1.137927338833067,18.358333388964336
397.8651836917563,661.8019878218649,263.93680413010867,1.1041794595029701,110.417945950297,0.6095919698459986,0.7115341035492139,0.5566398885915119,1.1656981340740191,Tokyo,533954023,random_forest,-0.27754557486184817,-0.29274316820175567,27.08458336194356
335.1496110826776,655.1680971020954,320.01848601941776,1.2605935813150935,126.05935813150934,0.7298876369965788,0.8627219205729088,0.673957552219352,1.4121765794090777,Tokyo,533954024,random_forest,-0.9096785256515024,-1.0061726205846635,32.427916526794434
643.3133881095592,688.5942121632947,45.280824053735444,0.17079373366857287,17.079373366857286,0.09257859353876385,0.12207032155758736,0.09053826324737263,-0.30513749084438335,Tokyo,533954031,random_forest,0.19614346514699807,0.1707250509633313,23.072499831517536
363.23285128648234,667.1253038733622,303.89245258687987,1.0341112371893957,103.41112371893956,0.6419455985160449,0.8192485490586837,0.6022782863901676,1.0552841490504334,Tokyo,533954032,random_forest,-0.19337683143042847,0.18920450676511769,30.652083317438763
1081.4819487967231,689.9405840283534,-391.54136476836965,-0.2685200269921637,-26.85200269921637,-0.39481450880753205,-1.0555368922538106,-0.37896935725694125,-0.997411126290283,Tokyo,533954033,random_forest,-0.39731222514938336,-0.5556348021362915,22.03375005722046
635.1494258611862,686.7164113554778,51.56698549429171,0.28332713261261844,28.332713261261844,0.14639595106184886,0.139016871547512,0.13697375639153703,-0.1278065893972965,Tokyo,533954041,random_forest,-0.48727043760762534,-0.554669190207143,24.175833384195965
399.72536904761904,700.6527281426839,300.9273590950649,1.1207775001987914,112.07775001987915,0.6447933393693316,0.8112551009808696,0.594775058564812,1.1918534403783183,Tokyo,533954042,random_forest,0.1648480133539568,0.21173301139073397,22.71333332856496
628.7507237263185,746.8996667086627,118.1489429823443,0.48685525770271626,48.685525770271624,0.250323102522854,0.31851185933428355,0.22925819642779707,0.19291442525905694,Tokyo,533954044,random_forest,-0.7076743350289677,-0.9576216792475181,18.488333463668823
593.0629599903283,639.8746778135593,46.81171782323097,0.27013262367735363,27.01326236773536,0.14814040762822364,0.1261973819328813,0.13875158325817147,-0.14859858702286857,Tokyo,533954051,random_forest,-0.5752456488086869,-0.5097380051181298,24.87791657447815
632.0233737839222,720.290495426149,88.26712164222694,0.2811831630570707,28.118316305707072,0.1612562809326238,0.2379549433341299,0.1532765070742588,-0.1311850713193562,Tokyo,533954052,random_forest,-0.7276620616231766,-0.6021683645508797,23.15916673342387
546.9978414110917,703.8499264666066,156.85208505551492,0.453835332427931,45.383533242793106,0.2950660060187667,0.4228497351766994,0.2818081286704622,0.14088140066691257,Tokyo,533954053,random_forest,-0.6014514001122717,-0.861725687752223,20.34666657447815
1023.983901593702,693.2279850771671,-330.75591651653485,-0.254941550486255,-25.494155048625498,-0.3457526229058549,-0.8916684254317842,-0.334432510032852,-0.9760140699348793,Tokyo,533954054,random_forest,-0.7864130821991812,-1.0145549899185908,20.53750006357829
730.4254772145417,717.6714622480519,-12.7540149664899,0.15805147811872536,15.805147811872537,0.05196958032017921,-0.03438291463649434,0.05255478790840638,-0.32521682448511996,Tokyo,533954061,random_forest,-0.5730989676474052,-0.6830947015860656,23.422083298365276
606.6920374401892,651.4358571973581,44.74381975716886,0.23367065243412025,23.367065243412025,0.1269910374621068,0.12062263838199196,0.12104231994563504,-0.206055611246542,Tokyo,533954062,random_forest,-0.3228237462593047,0.022909865096833626,33.327916542689
717.3800422427036,704.2814024648055,-13.098639777898063,0.12966123269982757,12.96612326998276,0.02869062577004929,-0.03531197152590503,0.026795901164251897,-0.369954367824946,Tokyo,533954063,random_forest,-0.5716278174074189,-0.7639568524825364,20.86875017484029
590.0752412701469,709.4998207232193,119.42457945307244,0.38959224183144386,38.95922418314438,0.2393450605759594,0.32195078425286666,0.22752099024219996,0.039646698133076676,Tokyo,533954064,random_forest,-0.13548504908388917,-0.11616641880765358,22.737083236376446
1168.7610019477108,679.4004986250192,-489.3605033226916,-0.34576224122171323,-34.57622412217132,-0.4936846851277307,-1.319242642918638,-0.46957006067797785,-1.1191299369511583,Tokyo,533954071,random_forest,-0.04533522858206097,0.0531481074409597,36.57583340009054
590.6272950097159,660.2612749952665,69.63397998555058,0.2195686579875279,21.95686579875279,0.14161495837746316,0.18772278344765536,0.1373077934047366,-0.22827763076147248,Tokyo,533954072,random_forest,0.19724152822934904,0.442238169022411,34.13458323478699
584.6093911822464,687.8140711370933,103.20467995484684,0.35906715159633057,35.90671515963306,0.2184961575057708,0.2782243638805146,0.20835315985133152,-0.008454948302021316,Tokyo,533954073,random_forest,0.18693095570871893,0.2927601926446391,28.50000015894572
486.0212643893049,688.9598604233569,202.93859603405187,0.5849251692380729,58.492516923807294,0.39488762378571,0.5470920680446054,0.3775096624455079,0.3474536641035889,Tokyo,533954074,random_forest,-0.5338437378669522,-0.4558615939683196,32.848750034968056
1056.5753835015096,623.9864273385925,-432.5889561629171,-0.3313307424278727,-33.133074242787266,-0.4676082322521811,-1.1661950524222429,-0.44465092661163363,-1.096388682227156,Tokyo,533954081,random_forest,-0.5323947300343538,-0.7410298141987974,32.574583212534584
871.9684645858714,664.8845550101908,-207.08390957568068,0.1520413757731853,15.204137577318528,-0.1235554061475858,-0.5582672126573262,-0.12235967084770993,-0.33468758495911755,Tokyo,533954082,random_forest,-1.160148316221004,-0.8286201634796357,34.827083349227905
942.9752810717818,646.1756657175816,-296.79961535420017,-0.22751580379609093,-22.75158037960909,-0.32539614787441595,-0.8001273219202076,-0.3117356916969691,-0.9327963903032128,Tokyo,533954083,random_forest,-0.9696428452935283,-0.86721072828019,35.83583331108093
1242.564890296979,638.9798173190992,-603.5850729778798,-0.4130208930384198,-41.30208930384199,-0.610945354240306,-1.6271749793760968,-0.5721753027500908,-1.2251165815268077,Tokyo,533954084,random_forest,-0.9001737614924521,-1.0500190951112707,32.740833123524986
1098.721632264465,658.9224451715579,-439.799187092907,-0.3294408084965885,-32.94408084965885,-0.4714719284945463,-1.185632755390807,-0.44768804522155375,-1.0934105113831678,Tokyo,533954091,random_forest,-0.6398752518551933,-0.7661715485591323,32.29166650772095
750.3042188940093,620.7120281499518,-129.59219074405735,-0.07391450620855193,-7.391450620855193,-0.15525305830674188,-0.34936114185347433,-0.15026471325100746,-0.6907504126625297,Tokyo,533954092,random_forest,-0.9377937815650045,-0.5655782205024401,41.18791675567627
690.7707617833748,663.5018170352835,-27.268944748091332,0.06321968959619052,6.321968959619054,0.00666528777100998,-0.07351299194522916,0.005572748235572136,-0.47465340688944463,Tokyo,533954093,random_forest,-0.8064694001151762,-0.9380409160100374,32.427500089009605
228.48282292435638,639.1146654932292,410.6318425688728,2.053047640740975,205.3047640740975,1.059247253437827,1.1070019619051468,0.9493488523846848,2.6609311183461646,Tokyo,533954094,random_forest,2.252653207096493,2.3462279990385255,43.82666619618734
1150.3208436352954,717.5600945249552,-432.7607491103402,-0.3209630733317766,-32.09630733317766,-0.4402985126171237,-1.1666581804852034,-0.4245270707472719,-1.0800512381974954,Tokyo,533954101,random_forest,2.4389696700300254,1.9058063859651064,17.38333324591319
635.9167279572099,733.6824593624865,97.76573140527654,0.28678933344988183,28.67893334498818,0.18214392443543068,0.2635617729878816,0.1748941255106475,-0.12235082958533124,Tokyo,533954102,random_forest,1.4846733245292525,1.1084494544102408,19.90916681289673
1120.9571286162316,699.2508718602925,-421.706256755939,-0.33476146791172595,-33.476146791172596,-0.45704437476850684,-1.136856924334117,-0.43903004188784084,-1.1017948429614612,Tokyo,533954103,random_forest,-1.036142273769047,-1.3356271255718177,16.858749866485596
233.19151808582592,683.3293172399981,450.1377991541722,2.150483288843256,215.04832888432557,1.102161555427879,1.2135041054634146,0.9859135057057066,2.8144708805251235,Tokyo,533954104,random_forest,3.9042306989035214,3.413165846873781,21.0304168065389
604.993748226645,732.1538596990313,127.16011147238623,0.46802696548543277,46.80269654854328,0.24120678543235938,0.3428046203026713,0.21961842388734165,0.1632446733193665,Tokyo,533954112,random_forest,0.6769424486540291,0.2295174257195624,20.540416717529297
667.893140939227,679.1584286223324,11.265287683105399,0.09288164452896071,9.288164452896071,0.045586377128123155,0.03036952879398759,0.04448946328405303,-0.4279118949803767,Tokyo,533954113,random_forest,0.6459801431979981,0.3698762470220306,25.248333136240642
854.3971457748468,676.8900139291619,-177.50713184568494,-0.10877891274621883,-10.877891274621886,-0.18446280797268477,-0.47853264855457706,-0.17773733364209135,-0.7456899834722258,Tokyo,533954114,random_forest,-1.1063028226965135,-1.4523557077672933,26.074166536331177
291.7528491174546,695.1920108507167,403.43916173326215,1.8813003216000581,188.1300321600058,0.9449107491343159,1.0876115713631784,0.843423043340978,2.3902905155547853,Tokyo,533954121,random_forest,0.29358722241039553,0.4605577723386609,24.927917003631592
297.1545554577668,683.0061083904469,385.85155293268014,1.4983319718934114,149.83319718934115,0.8610893200653374,1.0401980115046319,0.7933097806656565,1.7868063649254198,Tokyo,533954122,random_forest,-0.28280581443095515,0.2793289703448969,32.88750020662943
838.2668611751152,740.4418350538593,-97.8250261212559,0.0008220585548128883,0.0822058554812884,-0.05895093038580982,-0.2637216226637107,-0.058136074389357695,-0.57298002160613,Tokyo,533954123,random_forest,-0.27176489217678285,-0.6023842048350936,18.53541672229767
604.4862835061443,680.638587189709,76.15230368356468,0.24997095504508882,24.99709550450888,0.15819479601840866,0.20529520812103944,0.15305472179481341,-0.18036948265728103,Tokyo,533954124,random_forest,0.15809821081434164,0.3333411749853531,19.570833285649616
838.3955334375329,687.3555952744991,-151.03993816303387,-0.027699781873190197,-2.7699781873190203,-0.13561371535382497,-0.40718105743216165,-0.13145863497381757,-0.6179249332633584,Tokyo,533954131,random_forest,0.1606459515573285,0.03585924354875575,23.87708330154419
310.70616241039426,678.6003698246599,367.89420741426557,1.440384151467302,144.03841514673022,0.8199793327962248,0.9917876968170676,0.7534241979478832,1.6954917922787218,Tokyo,533954134,random_forest,-0.7712812462089856,-1.1723841444139913,22.678749958674114
852.5244440482811,708.1108154588704,-144.41362858941073,0.0241595570998952,2.4159557099895195,-0.11500009992149611,-0.3893175190073222,-0.11451037152664108,-0.5362046314255022,Tokyo,533954151,random_forest,-1.0723790826357436,-1.3529518740950648,18.02291675408681
1041.603633032514,680.5083263066581,-361.0953067258559,-0.30893751415917103,-30.893751415917105,-0.4027068004596208,-0.9734588785895689,-0.39129293532770215,-1.0611012796208086,Tokyo,533954152,random_forest,-0.963222603410323,-1.1766843355488945,19.088750044504803
649.8000360872751,727.2361842213055,77.4361481340305,0.387046464100639,38.704646410063894,0.19666426729903744,0.20875626052397953,0.18062175713554895,0.03563504413414237,Tokyo,533954161,random_forest,-0.7051926737912119,-0.8902527308691975,19.660000165303547
700.4420132797596,688.698200117954,-11.74381316180561,0.07369281964221312,7.369281964221312,0.019401587530003022,-0.031659561832898565,0.019343428443799066,-0.45814977677197866,Tokyo,533954162,random_forest,-0.6794868276480454,-0.8583569736543896,21.37291677792867
943.7062877126358,736.9633682079178,-206.74291950471806,-0.11095894486969345,-11.095894486969348,-0.19493885729192628,-0.5573479544839113,-0.18650797805653588,-0.7491252930360255,Tokyo,533954163,random_forest,-1.1516127387746928,-1.4995070070559129,18.06208312511444
798.4456838979917,717.2138211662701,-81.2318627317216,-0.012164145934977952,-1.2164145934977946,-0.06681808964202163,-0.21898893873078784,-0.06405195851313254,-0.5934437716586443,Tokyo,533954164,random_forest,-1.1839017207191094,-1.296997384354395,21.044583400090534
1031.1054331113053,649.6322083533868,-381.4732247579186,-0.31120516364578943,-31.120516364578943,-0.42698945255129833,-1.0283946943312623,-0.41150634918912105,-1.0646746572260477,Tokyo,533954171,random_forest,-0.7620464208206331,-0.8269239506603288,26.572083314259846
621.8724832563078,629.8259041601332,7.9534209038254415,0.1029593787448504,10.29593787448504,0.03890019211447263,0.02144123185701424,0.039029106046716285,-0.41203133232238337,Tokyo,533954172,random_forest,-0.9983206145052476,-1.034653313702231,29.604166746139526
532.9185727120016,683.2711683657545,150.35259565375296,0.4409500458370031,44.09500458370031,0.2896684091357271,0.4053280849458714,0.27699694469127983,0.12057667773119597,Tokyo,533954173,random_forest,-0.715941191933623,-0.8271924754389033,24.543333093325298
973.7657167587003,691.4878653307173,-282.27785142798274,-0.21220275292026836,-21.220275292026834,-0.30735088562252394,-0.760978820780894,-0.2972699685759494,-0.9086659797655828,Tokyo,533954174,random_forest,-0.7699957523658727,-1.0900144391739621,23.5641667842865
819.8443135880697,640.2060688507521,-179.63824473731745,-0.09380960904410751,-9.38096090441075,-0.1837094616174542,-0.4842778098097782,-0.17653960427775808,-0.7221012520872393,Tokyo,533954181,random_forest,-0.6115285128231849,-1.0145247785118112,30.881666660308838
1404.0857426770488,712.9141077651299,-691.1716349119188,-0.4046104941648639,-40.46104941648639,-0.6171602284129006,-1.863295235640065,-0.572872752146025,-1.2118634173304716,Tokyo,533954182,random_forest,-0.8019965604227194,-1.074685268311054,29.294166882832844
926.4818095171885,688.2809721853674,-238.20083733182096,-0.18101528145979295,-18.101528145979294,-0.25361933649617335,-0.6421537906173159,-0.24476555218186677,-0.8595205484550854,Tokyo,533954183,random_forest,-0.8257776456357473,-1.3022645166466005,24.49541648228963
693.0311019943284,666.5799529780509,-26.451149016277526,0.043665002969850784,4.366500296985078,-0.006236793120383388,-0.07130833710430873,-0.00616131344938127,-0.5054678161181957,Tokyo,533954184,random_forest,-0.16796131917110807,-0.4152158546925614,24.46833340326945
1047.270962685612,658.7057990647528,-388.5651636208591,-0.18384610528091908,-18.384610528091912,-0.3661698342715011,-1.0475134995994382,-0.3428443281641351,-0.8639813800370746,Tokyo,533954191,random_forest,-0.5286877802702877,-0.4532682285921514,32.339166720708214
434.20431835318686,638.0840118091054,203.87969345591844,0.5861921517625223,58.619215176252226,0.41064998329066055,0.5496291257794191,0.3953852202232531,0.34945018385049553,Tokyo,533954192,random_forest,-0.34848905072590175,0.1055227660159367,39.56166656812032
785.071708141321,690.1109473361934,-94.96076080512772,0.050952341511303144,5.095234151130313,-0.06137718674604031,-0.25599999225011466,-0.059584359797772345,-0.4939843780915135,Tokyo,533954193,random_forest,-0.8039083078697441,-0.7161720721510295,27.65708335240682
802.5381092285079,684.720684652356,-117.8174245761518,0.052208403561168897,5.220840356116889,-0.0786860744660434,-0.3176181353508562,-0.07707369976721533,-0.4920050669033131,Tokyo,533954194,random_forest,0.36757047564346257,0.18733536606732815,33.079583406448364
602.046206765233,691.3765636455213,89.33035688028832,0.3435640458565836,34.35640458565837,0.19538228123808757,0.24082126633318768,0.1834936232836234,-0.03288484859700658,Tokyo,533954201,random_forest,1.339823846044823,1.1592098665605828,18.432916522026062
561.5438378136201,679.9847916439561,118.44095383033601,0.30154596829837793,30.154596829837796,0.21240582650598303,0.3192990768564371,0.2058504061685922,-0.0990972232376686,Tokyo,533954203,random_forest,0.9346188489897456,0.6026542825735747,20.574583490689594
360.92615962266035,654.3265135381415,293.4003539154812,1.0526491260756015,105.26491260756013,0.6440413912109354,0.7909634220673626,0.6023412389406744,1.0844962814303623,Tokyo,533954211,random_forest,1.5289864229532382,1.4790793703206244,31.238750219345093
309.6754324306794,695.1334940179158,385.4580615872365,1.4355246952641705,143.55246952641704,0.8424358398200713,1.0391372177564564,0.7804960123428458,1.6878342278833514,Tokyo,533954212,random_forest,-0.336733286582035,-0.4447815332390944,37.39249984423319
570.709009312596,681.7086329166101,110.99962360401402,0.42834543582269463,42.83454358226947,0.2535059578913744,0.29923836478844673,0.2388713567929689,0.10071424686889091,Tokyo,533954213,random_forest,-0.08509672960875131,0.1677472184470307,26.943333466847736
380.5202604966718,721.7294569040026,341.2091964073308,1.0818789289881312,108.18789289881312,0.6693412609832917,0.9198489028031022,0.6276058334344731,1.1305568052236308,Tokyo,533954221,random_forest,-0.830845100930313,-1.2055041797803319,19.124583164850872
590.7371744652347,734.5253067891205,143.78813232388578,0.35671278157699166,35.67127815769916,0.2507488257223913,0.3876312747336958,0.2428775730202238,-0.012164980717170863,Tokyo,533954222,random_forest,0.9313109108912505,0.35652978860985535,15.516666730244955
1004.1406960577891,659.9827198012068,-344.15797625658223,-0.2674938214274601,-26.749382142746015,-0.37901439550050825,-0.9277983717432763,-0.3668489546476785,-0.9957940245270154,Tokyo,533954231,random_forest,2.5023342058875824,2.029116377024446,25.681666374206543
316.03795054095724,643.4530780146891,327.41512747373196,1.3416480033512663,134.16480033512664,0.7589765323452573,0.882662158403007,0.6966961661910118,1.5399026932634545,Tokyo,533954232,random_forest,-0.31530823306796146,-0.7740647293839723,28.395416498184204
578.6052055491551,716.5214660804891,137.91626053133393,0.39402051263201016,39.40205126320101,0.26537233224438633,0.37180158760143156,0.25513128798893775,0.04662479761540626,Tokyo,533954261,random_forest,-0.9027616901439078,-1.3474899131819145,17.27916689713796
1017.4475966781874,660.7361777159728,-356.7114189622146,-0.2743977186588672,-27.439771865886723,-0.39226223746060995,-0.9616405735970402,-0.3744912405859064,-1.0066732331089248,Tokyo,533954262,random_forest,-0.6759521249435979,-0.9639600645593314,21.06625008583069
852.5594564132106,694.3118190333803,-158.2476373798302,-0.09079298297393786,-9.079298297393786,-0.15599795988072604,-0.4266119352810403,-0.15070372042331975,-0.7173476320475749,Tokyo,533954264,random_forest,-0.27076089970889716,-0.6465959779636793,20.688750108083088
1183.4603638952892,710.9710472435569,-472.48931665173245,-0.30805961141185834,-30.805961141185833,-0.4518241135509635,-1.2737604498486075,-0.428550885527617,-1.0597178744537679,Tokyo,533954271,random_forest,-0.9361967702822589,-1.1585397202718783,24.52708339691162
725.4448238680839,659.0739339358372,-66.37088993224664,0.0349759592111781,3.49759592111781,-0.04685980684193732,-0.17892598126036577,-0.0456655478647179,-0.5191600708345466,Tokyo,533954272,random_forest,-0.8242671437945075,-1.048841378255882,22.537083228429157
1033.8504707081943,677.9284494683812,-355.922021239813,-0.24792485760034133,-24.79248576003413,-0.3693101215598596,-0.9595124755373399,-0.35440629686289427,-0.96495711718741,Tokyo,533954273,random_forest,-0.3673606665800478,-0.5499931888084936,24.7891667286555
346.50676675914156,672.4802200187261,325.9734532595845,1.3886441473866826,138.86441473866827,0.744369522408809,0.8787756205897064,0.6739394234938416,1.6139595391824275,Tokyo,533954274,random_forest,0.01242762217757845,-0.17705696092073325,23.02833314736684
511.8803530149608,719.2992106084502,207.4188575934893,0.5584073971960739,55.84073971960739,0.3687017459605964,0.55917018236014,0.35109141159731166,0.3056667771464625,Tokyo,533954281,random_forest,-0.7715469151466264,-1.1521993636320162,24.101249933242798
861.1337838261649,685.3592549949041,-175.77452883126088,-0.108823416558946,-10.882341655894601,-0.184536032465947,-0.47386181025774293,-0.17797450483167412,-0.7457601128853849,Tokyo,533954282,random_forest,-0.983461365896446,-1.0775363448463418,22.975416660308838
505.61875419226834,697.6453059834681,192.02655179119984,0.5599097278299173,55.990972782991726,0.37434501322462904,0.5176748306728912,0.35867462505703235,0.30803416005741047,Tokyo,533954291,random_forest,-0.5753237307751242,-1.0521921970722519,26.092500289281208
182.9866957040507,643.0812391873634,460.0945434833127,2.725588402001239,272.55884020012394,1.2717490041023882,1.2403459973089008,1.107103099323595,3.7207254600552684,Tokyo,533954292,random_forest,0.08267035273259152,-0.24117151843828552,30.611250162124634
1051.395983422939,694.398145845646,-356.9978375772932,-0.2104298887482552,-21.04298887482552,-0.3425710380481357,-0.9624127152966088,-0.32469102592284976,-0.9058722882507405,Tokyo,533954301,random_forest,-0.541723216598475,-0.481975279667198,17.369999885559082
740.765897529442,717.7618477590569,-23.00404977038495,0.06383949579790198,6.3839495797901975,0.00454803423217535,-0.06201547368628287,0.004302367643856238,-0.47367671202815603,Tokyo,533954302,random_forest,-0.7236650768666021,-0.8897387020571829,14.553333322207132
292.2001345919089,696.5027831829308,404.30264859102186,1.868731860922347,186.8731860922347,0.9432381888093838,1.0899394026381215,0.84132223129926,2.370485049064886,Tokyo,533954303,random_forest,4.0565977291634825,3.622629171327046,13.732499917348227
535.7954697876049,660.9853461618238,125.18987637421894,0.44200113428125776,44.200113428125775,0.26061902167506695,0.3374931614897329,0.2446095658484165,0.12223299010662661,Tokyo,533954304,random_forest,-0.36745769278519835,-0.6149048236668057,12.633749922116598
704.9467353750639,713.1916599551888,8.244924580124788,0.20630382466296315,20.630382466296314,0.0862636621472389,0.022227082120226154,0.08156905002465613,-0.2491804460417612,Tokyo,533954311,random_forest,-0.14435469072964494,-0.20687945673176447,17.08333345254262
501.40737668091396,650.090154583677,148.68277790276298,0.7148668762157179,71.48668762157179,0.37283160116325087,0.40082650631815,0.33913046470880664,0.5522166966800456,Tokyo,533954312,random_forest,-0.6021075478211294,-0.41584427323033407,18.036249955495197
791.2522772977471,685.0335050374765,-106.21877226027054,0.027658369041297277,2.765836904129728,-0.08543416975088262,-0.28634990542301586,-0.08036113087962635,-0.5306911795846745,Tokyo,533954313,random_forest,-0.768057894004078,-0.8751268433254663,13.97041658560435
679.6455440988224,708.2593346801577,28.61379058133539,0.17119249781223397,17.1192497812234,0.08691162017086751,0.07713849494214163,0.08384524759884171,-0.30450911557336396,Tokyo,533954314,random_forest,-0.526709012551175,-0.8731429227413174,13.601666728655497
1123.6258594790067,713.6150763699867,-410.01078310901994,-0.2506266308408181,-25.06266308408181,-0.367211385345194,-1.1053276785952704,-0.34998545267328524,-0.9692145899797991,Tokyo,533954321,random_forest,-0.8258207692329129,-0.9398445997616858,15.319166700045267
701.3277470425883,697.8428969085925,-3.484850133995851,0.16972321916275077,16.972321916275074,0.05088605382243039,-0.009394634159750523,0.045594487921848975,-0.30682441494079327,Tokyo,533954322,random_forest,-0.3557497663521445,-0.702312532681244,14.835416674613953
485.09913797088376,696.917196827381,211.81805885649723,0.7337821065353384,73.37821065353383,0.4456870422569497,0.5710297702540053,0.4173032509958307,0.5820234462773397,Tokyo,533954323,random_forest,-0.7659059502139767,-1.0275381090362374,15.604583223660788
552.480408924378,706.6809175786811,154.20050865430315,0.5614701005178682,56.14701005178682,0.3353051593382724,0.415701482230898,0.31314028530981114,0.3104930060350861,Tokyo,533954324,random_forest,-0.8872731949842311,-0.9634877551935879,15.2512499888738
313.5898462411939,704.8405356440272,391.2506894028333,1.4509149253273346,145.09149253273347,0.845258039670609,1.0547532749923891,0.7816252380628024,1.7120862579134402,Tokyo,533954371,random_forest,-0.838981666067087,-0.7044911409093848,19.34666653474172
962.1278515745007,665.9112152554279,-296.2166363190728,-0.24135132083275013,-24.135132083275014,-0.33317531188329985,-0.7985556977334465,-0.320433671150342,-0.9545984928889283,Tokyo,533954411,random_forest,-0.2891480350073709,-0.58958964137164,14.640833338101706
893.5516312403994,663.7878568385355,-229.76377440186377,-0.0976767743248176,-9.767677432481758,-0.21783132139198555,-0.6194087322756378,-0.20862991980577736,-0.7281951576451278,Tokyo,533954412,random_forest,-1.3769225401839187,-1.6824863083354877,12.90749990940094
622.8891274001536,698.6440512676303,75.75492386747659,0.2799379168290083,27.993791682900834,0.17728335566374498,0.20422393163824396,0.16942369730036647,-0.13314733886141883,Tokyo,533954421,random_forest,3.212811810490941,2.7674908186756855,14.694583296775818
562.5879544519235,715.141277664705,152.55332321278152,0.5349734537124963,53.49734537124963,0.30956955098655664,0.41126091692067074,0.28919101896646665,0.26873940837064547,Tokyo,533954422,random_forest,-1.0337535521790973,-1.1341501582290041,15.198333303133646
554.2682369055221,697.3346943967105,143.06645749118846,0.5817036020456311,58.17036020456312,0.32646775262650457,0.38568574744420037,0.3058459377072193,0.34237709643862285,Tokyo,533954423,random_forest,-0.667084888551623,-0.47040764980232846,12.171250144640604
516.185091725472,694.465421237895,178.28032951242315,0.5969976106642332,59.69976106642332,0.37233079449925555,0.48061707368991247,0.3506599001473852,0.3664775000567944,Tokyo,533954424,random_forest,-0.7895919288574998,-0.6961073638856752,14.872500022252401
376.48148751422127,701.458838821838,324.9773513076167,1.107991230922894,110.7991230922894,0.6664159558893917,0.8760902788778028,0.6203885163523628,1.1717047496063684,Tokyo,533954431,random_forest,-0.7182778924484374,-1.0316913188252945,13.580833474795023
292.52958558154563,688.8739944422003,396.34440886065477,1.9604405142538788,196.0440514253879,0.9606228878789453,1.0684851799462944,0.8508602866033484,2.515000173626841,Tokyo,533954433,random_forest,-0.8135948283929357,-1.1014746131154896,17.026666680971783
673.0138847001764,681.3520348818438,8.338150181667409,0.12871780345101816,12.871780345101817,0.051753730257348085,0.022478404382917355,0.050728706848346565,-0.3714410301022145,Tokyo,533954522,random_forest,1.9418102859879351,1.7002255974242804,12.268750071525574
520.1028522145417,661.5867092066607,141.48385699211886,0.6284952302855259,62.849523028552596,0.3375415155971244,0.3814192934682443,0.30964147107520573,0.4161116649651035,Tokyo,533954524,random_forest,2.01928643261095,1.6029591439938438,12.77666668097178
765.121267306487,699.8614865612,-65.25978074528695,0.01664591824059213,1.6645918240592128,-0.03724113564128791,-0.17593059726344906,-0.035876578868595174,-0.5480446750442912,Tokyo,533954533,random_forest,3.610442303305092,3.058316780580373,17.204583485921223
454.2650462815827,722.1490232041551,267.88397692257234,0.7875886555879271,78.75886555879272,0.5069065406173363,0.7221750903706462,0.47975296717093435,0.666812175106163,Tokyo,533954622,random_forest,-1.71182478209023,-2.1794350925622394,18.758333206176758
280.9815086939039,739.6321691041629,458.65066041025904,1.9977576071617626,199.77576071617625,1.010862459989626,1.2364535047427307,0.9018296112347093,2.573804704431337,Tokyo,533954631,random_forest,-1.9480588325168304,-2.3121568969980855,20.81833330790202
248.55840156088433,668.713633298608,420.1552317377238,2.029750687295899,202.97506872958988,1.0403739951941062,1.1326755931266126,0.9299099959034302,2.624219619412054,Tokyo,533954632,random_forest,-0.7946451338060336,-1.2833399474638736,26.269999980926514
580.0682555959444,617.0117034433889,36.94344784744454,0.235195145463737,23.5195145463737,0.11145270367303957,0.09959400369639444,0.10495992025350694,-0.2036533046804162,Tokyo,533955001,random_forest,-0.09284247254871389,-0.009133841434665535,43.878750006357826
975.503627624168,637.4477271951206,-338.0559004290472,-0.12894043485031703,-12.894043485031704,-0.31246893255302643,-0.9113480890021314,-0.2928768959804721,-0.7774606482065489,Tokyo,533955002,random_forest,-0.5550129488382018,-0.24439523946447103,38.31333343187968
965.2149374039938,640.0233571329056,-325.19158027108824,-0.2599371665827627,-25.99371665827627,-0.3815474014717117,-0.8766678080859042,-0.36336772397547495,-0.9838861960235773,Tokyo,533955004,random_forest,-0.755042903354113,-0.5384612581634353,47.53166707356771
426.92147363141584,632.7218679143434,205.8003942829276,0.8618626367534596,86.18626367534597,0.4929442701935824,0.5548070476142933,0.45382678970075174,0.7838536237581922,Tokyo,533955011,random_forest,0.6920876833947296,0.9474595068265941,32.606249968210854
905.6242038530467,638.9846782280755,-266.6395256249711,-0.09464083258767704,-9.464083258767703,-0.25884548377631106,-0.718820236009324,-0.24570312546451792,-0.723411099845046,Tokyo,533955012,random_forest,-0.7468687872362183,-0.7422817647800999,32.58791661262512
602.0649122121287,645.1450630349108,43.080150822782144,0.19168263250792564,19.168263250792567,0.10176599137812492,0.11613763604314425,0.098781225898647,-0.2722206208646427,Tokyo,533955013,random_forest,-0.3384034004834404,-0.3818758185516586,28.012500127156574
714.9204871351767,643.3437561183083,-71.57673101686834,0.004503920719770232,0.4503920719770231,-0.06039725141020428,-0.19296014933167424,-0.05693427353470306,-0.5671781179682559,Tokyo,533955014,random_forest,-0.5872906790578556,-0.46705887239189775,29.984999895095825
1044.6907721796263,646.6998311028495,-397.9909410767769,-0.29088959048487656,-29.088959048487656,-0.4162137316012789,-1.0729239842586549,-0.3966316544591629,-1.0326612377804105,Tokyo,533955021,random_forest,-0.7025802889031812,-0.5751835820697878,37.25041691462199
708.1618320212493,637.0847232911672,-71.07710873008216,-0.006258709374897606,-0.6258709374897609,-0.06162795614731109,-0.1916132424570787,-0.06024873859902614,-0.5841379442468344,Tokyo,533955022,random_forest,-0.50605433833534,-0.32628879362670005,35.668749968210854
550.3706002624168,622.4506014820296,72.08000121961275,0.31004368164373974,31.004368164373975,0.18008994775432452,0.19431689044147507,0.17077464186867172,-0.08570646829813974,Tokyo,533955023,random_forest,-0.23141974293749817,0.05892048075088421,44.10249996185303
326.1846956892138,630.5204289539971,304.3357332647834,1.388167143718001,138.8167143718001,0.7410103987699039,0.8204435673920014,0.6718491379375969,1.6132078735315665,Tokyo,533955024,random_forest,-0.37111866081903416,0.12128471151015592,41.52166668574015
499.06773877721275,641.4711208078215,142.40338203060875,0.41894694447743547,41.89469444774355,0.30221173230780213,0.3838981952875997,0.29294511363969017,0.08590403978249385,Tokyo,533955031,random_forest,-0.2339818703218686,0.19678440508494555,34.297499895095825
327.0017626767527,644.14856977136,317.1468070946073,1.0976772071253682,109.76772071253681,0.6956014740280252,0.8549803041803768,0.6557722840718001,1.155451840205921,Tokyo,533955032,random_forest,-0.1133918633512313,0.2988959689833148,29.9087499777476
680.6290092311903,645.4860128044925,-35.14299642669782,0.16658185728391062,16.65818572839106,0.016486366766348737,-0.09474025625534636,0.011665388355338249,-0.3117745945227965,Tokyo,533955033,random_forest,-0.5553751928293545,-0.1635205094173927,43.050000111262
269.52054281923085,626.4144426961044,356.89389987687355,1.5941615464715264,159.41615464715264,0.8868408453613391,0.9621325148193137,0.8105204386498984,1.9378152654357261,Tokyo,533955034,random_forest,-0.18952890801231476,-0.02811472870064098,39.47208340962728
591.2904130504352,645.8355158201499,54.54510276971477,0.25474166045037844,25.474166045037844,0.1607853808002676,0.1470454297958266,0.15518018268881748,-0.17285177237751648,Tokyo,533955042,random_forest,-0.18368303953019258,-0.03591363716344304,41.32958300908407
294.50654832309266,643.1442417396057,348.63769341651306,1.4787840990929322,147.8784099092932,0.8394294138634955,0.9398750184392562,0.7711304047550679,1.756002692970167,Tokyo,533955043,random_forest,-0.21922533313542394,-0.007948506803992852,39.668749968210854
522.2248408218126,656.9761745988257,134.75133377701312,0.4274718354232294,42.747183542322944,0.2926496320589754,0.36326941896979026,0.28131350385709125,0.09933762137107999,Tokyo,533955044,random_forest,0.1566032610887409,0.3849821237226487,45.12458372116089
446.27389786689224,564.5166379371843,118.24274007029202,0.44172473448323674,44.17247344832367,0.2771340284945221,0.31876472223875174,0.2646168970065712,0.12179743741024683,Tokyo,533955051,random_forest,0.44556535969617944,0.5887849273172249,55.20916700363159
725.246246735791,565.6463062316708,-159.59994050412035,-0.10699606992730874,-10.699606992730873,-0.21072697804345472,-0.43025754201800104,-0.19808533138256443,-0.7428805675372021,Tokyo,533955052,random_forest,0.9425985567299244,1.0113654148056817,54.362916787465416
528.4112946218903,532.9816520617602,4.570357439869928,0.11484845680823481,11.484845680823483,0.04840861292559395,0.012320999318739409,0.04719907814521185,-0.3932964416131545,Tokyo,533955053,random_forest,0.34168097360304345,0.6913105525675214,59.19499969482422
898.556259952637,579.3990605883163,-319.1571993643208,-0.3040829886425606,-30.408298864256057,-0.42698632961032157,-0.8604000207148988,-0.4084848571869389,-1.0534514850350567,Tokyo,533955054,random_forest,0.7911992378331084,0.9839852414608115,54.64874982833862
257.3484136351777,631.9141430683128,374.5657294331351,1.9339308277487879,193.39308277487882,0.9742051132271219,1.0097731212244387,0.8687332076028049,2.473226027914199,Tokyo,533955061,random_forest,0.42081886355176096,0.5163746715170838,47.815000216166176
469.7152375280294,635.9250613719944,166.209823843965,0.5033637093561666,50.33637093561666,0.3333557098355655,0.4480767977761438,0.31846303642890145,0.2189285565362754,Tokyo,533955062,random_forest,0.454277557138179,0.7961807543618958,48.69583320617676
1012.6348506144394,604.5049948937128,-408.1298557207265,-0.34922147877822907,-34.9221478778229,-0.48784315152259117,-1.100256979995727,-0.46703669242201307,-1.1245810272050087,Tokyo,533955063,random_forest,0.7206210127318184,0.8032108281504377,49.78833341598511
447.604606026096,618.2909329749313,170.68632694883524,0.6218258218556744,62.18258218556744,0.38018556908974316,0.46014477986093466,0.35809553860627896,0.4056019654440534,Tokyo,533955064,random_forest,-0.028954557131428738,0.3178057018216421,49.06625016530355
750.9480971162843,663.8422012774901,-87.10589583879425,-0.03622989519435795,-3.622989519435795,-0.09826662512839086,-0.23482445244337713,-0.09654049278862749,-0.6313667443068567,Tokyo,533955071,random_forest,0.4074134265913353,0.6185351341498699,42.61166636149088
505.7211831797235,646.1082117774926,140.3870285977691,0.4464992392039839,44.649923920398386,0.2866361670015048,0.37846240834987993,0.27161861570335727,0.12932113467735282,Tokyo,533955072,random_forest,1.381114044478226,1.3027260858817984,35.32124980290731
304.5487370711725,650.458541275013,345.90980420384045,1.5084134053140958,150.8413405314096,0.8285468941284261,0.9325210375803996,0.755006327854269,1.8026927568156859,Tokyo,533955081,random_forest,3.0788914937924363,2.754223057170297,37.09958291053772
390.38593794802864,548.8448253723014,158.45888742427272,0.6487016116792256,64.87016116792255,0.3854019388172735,0.4271814337694855,0.35909191547421254,0.4479530192754809,Tokyo,533955082,random_forest,0.04895141737062059,0.3843598094161607,53.89833291371664
206.9376998527906,612.4422247333538,405.50452488056317,2.212577593140511,221.2577593140511,1.1182774914520066,1.093179481152652,0.9961802013026771,2.9123195108791844,Tokyo,533955083,random_forest,1.8820432620151908,1.8219787713106335,41.102083683013916
412.89537799098895,629.7536884947657,216.85831050377672,0.5853840880141691,58.5384088014169,0.4380179963093445,0.5846175339966532,0.42652827095565865,0.3481768314567459,Tokyo,533955084,random_forest,0.453404462443499,0.5613529740295702,47.83083327611288
275.0000921885692,468.574499383307,193.57440719473777,0.8008793541032811,80.08793541032811,0.5447061118588883,0.5218476170738254,0.5208989388039257,0.6877557489313975,Tokyo,533955091,random_forest,-0.09369802728594592,0.1161055617079929,68.58708397547404
449.77955385944705,575.564972030028,125.78541817058101,0.5452344294009933,54.52344294009933,0.3220822420532365,0.33909865299970693,0.3027808433170997,0.2849087241972523,Tokyo,533955092,random_forest,0.46345054659285695,0.3593081093578011,53.12041680018107
696.4847206754479,638.5652839544102,-57.91943672103752,-0.0082949101033332,-0.8294910103333205,-0.07060399315853634,-0.15614212887515075,-0.07004042020461089,-0.5873466033123999,Tokyo,533955102,random_forest,0.9576525898287087,1.0056280176999064,39.86791650454203
598.3417264513122,648.9408793855029,50.599152934190606,0.27595880744832274,27.595880744832275,0.14331505190365135,0.1364077398831845,0.13623328794231443,-0.1394176466994002,Tokyo,533955111,random_forest,-0.8638890516420822,-0.7901413520380304,30.19291663169861
788.7128942597154,651.1186216703468,-137.59427258936861,-0.10714025684955293,-10.714025684955296,-0.15964293593695508,-0.37093355632252356,-0.1562090494799363,-0.7431077782776433,Tokyo,533955112,random_forest,-0.27978829602371824,-0.23406981815791425,30.31208324432373
1256.897763904338,660.927446402757,-595.9703175015811,-0.38444033389827453,-38.44403338982745,-0.5801072830081837,-1.6066467388018728,-0.5388949207873328,-1.1800791405204822,Tokyo,533955113,random_forest,-0.4042271686397307,-0.4988041701572859,36.90375010172526
607.6577105734767,620.2603921721251,12.602681598648298,0.20020408522834374,20.02040852283437,0.08294207022791027,0.033974942536585194,0.07954966773654519,-0.2587924572551721,Tokyo,533955114,random_forest,-0.025502296727436143,-0.045359965163404785,40.00666618347168
362.768771906812,631.2323550800347,268.46358317322273,0.9128805113910451,91.28805113910452,0.5987396905586285,0.723737622035479,0.5685793117587997,0.8642479403281192,Tokyo,533955121,random_forest,1.481665403857106,1.5952619472006884,41.195000092188515
317.50082257052486,637.3202579009484,319.8194353304236,1.214382134017877,121.4382134017877,0.7311815154439588,0.8621853097200907,0.6814518041905898,1.3393562639890793,Tokyo,533955122,random_forest,0.7963490427626431,0.9727268546508385,46.916666984558105
1095.2741684907835,617.1369556668158,-478.1372128239677,-0.37981374149300384,-37.981374149300386,-0.5351092744906597,-1.2889863322453248,-0.5085373934787908,-1.1727885244940095,Tokyo,533955123,random_forest,0.008335548723828919,0.05462253273260718,43.99791653951009
765.2426859318997,522.5545904926221,-242.6880954392776,-0.25119281161961815,-25.119281161961812,-0.3602562074332874,-0.6542507665786871,-0.34561461080020806,-0.9701067815320737,Tokyo,533955131,random_forest,0.4367278386893427,0.45789300985770554,62.065000693003334
660.79993218766,590.4080589816865,-70.39187320597348,0.11988962240212475,11.988962240212475,-0.03035901972825968,-0.1897659500873249,-0.03556490918475477,-0.38535253831425,Tokyo,533955132,random_forest,-0.037595243669103176,0.21862725199511662,54.63833347956339
255.82769088191756,563.6399711866137,307.8122803046961,1.6596453855382454,165.96453855382455,0.8656512360401635,0.8298158176533615,0.7794499683605594,2.041005147914004,Tokyo,533955133,random_forest,0.87188480049985,1.050182450178075,61.96958303451538
374.92997923067077,585.1187172734266,210.18873804275586,0.7841143699652671,78.41143699652672,0.4892676626024646,0.5666373653053266,0.45938144469778464,0.6613373720065312,Tokyo,533955134,random_forest,0.641295234244009,0.9239314486923739,52.07624991734823
701.5634748430797,610.4442771565742,-91.11919768650547,-0.03151018733767017,-3.1510187337670175,-0.09878399931009096,-0.24564371329597098,-0.09628785324629853,-0.6239293963137557,Tokyo,533955141,random_forest,0.6377149127325252,0.8232537977342226,48.582083543141685
518.0926619469163,623.083317890635,104.99065594371866,0.4174476490671571,41.74476490671571,0.25149079130058066,0.28303908772469627,0.2375400802499232,0.08354143979764542,Tokyo,533955142,random_forest,0.4784975809662334,0.6558961548164984,47.386249701182045
694.6733392018468,655.3945005066689,-39.278838695177946,0.028008558309117932,2.8008558309117935,-0.025306837370236535,-0.1058898677338323,-0.0244900318627904,-0.5301393489359743,Tokyo,533955143,random_forest,0.6274795847053714,0.7985983453961327,41.87458348274231
816.226921530978,645.7750511278349,-170.4518704031431,-0.07524416178572271,-7.524416178572271,-0.17488550417622395,-0.45951272011992916,-0.1674057138840043,-0.6928456930355245,Tokyo,533955144,random_forest,0.5027799690058804,0.7285236399690412,38.85208344459534
822.9285247784134,628.5361408865255,-194.39238389188793,-0.14342078222590038,-14.342078222590038,-0.23378919500807394,-0.5240527597701959,-0.225918926785744,-0.8002788788605073,Tokyo,533955151,random_forest,-0.24735072743661768,-0.12165059181342056,51.87791665395101
595.5088677189823,613.9179888975289,18.409121178546584,0.15616335621199298,15.6163356211993,0.06117927368362933,0.04962823422098014,0.056075626634480076,-0.3281921399283985,Tokyo,533955152,random_forest,1.589293364912457,1.4851008704012263,46.573749701182045
455.86585292631145,620.8925914344417,165.0267385081302,0.6390439835818778,63.90439835818777,0.392286877779664,0.4448873768591562,0.36823722225037736,0.43273446271881855,Tokyo,533955153,random_forest,-0.3495232009947655,0.1377969047729337,43.388749758402504
409.7818516065028,610.4237132539332,200.64186164743046,0.6961511553992515,69.61511553992516,0.4399284017081578,0.5409004160381284,0.41489337352370376,0.5227243355254144,Tokyo,533955154,random_forest,0.6776209216658767,0.829472904907197,43.24916648864746
491.7067382431096,590.8586021612009,99.15186391809125,0.3152193043698809,31.521930436988086,0.21605035929396763,0.2672985786908855,0.20898490080034884,-0.07755068652856048,Tokyo,533955161,random_forest,0.40130327004658706,0.6497567013750569,50.26083278656006
462.5787345750128,630.410857601774,167.8321230267611,0.5254361136628078,52.54361136628078,0.35456944575798505,0.4524502734591729,0.3405340389865685,0.2537104025440322,Tokyo,533955162,random_forest,0.20284812428001614,0.5000983161753162,50.637499968210854
661.0288389403129,562.6847651453265,-98.34407379498636,-0.020417713137011212,-2.0417713137011204,-0.10378630591179457,-0.26512089747286177,-0.10150221634786082,-0.6064497994319492,Tokyo,533955163,random_forest,0.3011912185231238,0.594948215099711,52.80750020345052
648.1527598953766,634.2037788782459,-13.948981017130713,0.08519895400118356,8.519895400118356,0.011034530209886095,-0.037604364181648746,0.009552492689877304,-0.4400183313771581,Tokyo,533955164,random_forest,1.6593116057179862,1.7076864670028187,46.24958340326945
392.17470399429703,608.7383509511334,216.56364695683635,0.8187658231933077,81.87658231933078,0.49699614279339704,0.5838231651953341,0.4648769401327779,0.7159413695311714,Tokyo,533955171,random_forest,0.1984364281673585,0.42335128780925213,45.20625019073486
532.1436616423451,636.7213662909867,104.5777046486416,0.33802411460436566,33.802411460436566,0.23166003246800293,0.2819258328661305,0.22291848710701778,-0.041614710239230454,Tokyo,533955172,random_forest,0.7832508230285627,0.7038789062060578,46.2450000445048
535.7900433881562,671.6081641027841,135.818120714628,0.49956037449007235,49.95603744900725,0.30970152046727967,0.3661453168190331,0.292702946418521,0.21293523538328168,Tokyo,533955173,random_forest,0.48253508020490093,0.3915370776887601,37.28250010808309
638.6008600351802,652.8225310604391,14.221671025258942,0.1332756585537512,13.32756585537512,0.06488509523114383,0.03833949561252226,0.06211032677366965,-0.3642587307882594,Tokyo,533955174,random_forest,0.7113418737861674,0.6675588556055998,40.735833485921226
391.3661849078341,581.0054359890246,189.63925108119054,0.6725642902979492,67.25642902979492,0.4370424400874347,0.511239025419443,0.4167025160066517,0.48555599181614356,Tokyo,533955181,random_forest,1.1255383780855415,1.0537850382786595,53.672499656677246
645.5724991999488,580.7372063373926,-64.83529286255622,0.017405808764610647,1.7405808764610642,-0.07425104981636003,-0.17478624149199165,-0.07091649376669011,-0.5468472343476647,Tokyo,533955182,random_forest,0.4660684982753112,0.5763493540050173,57.52583312988281
249.46800769594083,584.9355206251549,335.4675129292141,1.5568676308550824,155.68676308550823,0.8873511971749092,0.9043701838729025,0.816459293351282,1.8790472575659563,Tokyo,533955183,random_forest,1.200673996105011,1.3656876751748548,53.62791665395101
415.84183653795225,650.0718208642005,234.22998432624834,0.637308063290955,63.73080632909549,0.46439816144339713,0.6314489654870812,0.45005881042195583,0.4299989876250406,Tokyo,533955191,random_forest,1.8346284206374417,1.8612209635098806,44.57000017166138
752.7269854997617,641.0677494782502,-111.65923602151135,-0.043348414194169065,-4.334841419416905,-0.11253929950087878,-0.3010165810994335,-0.11023626781341374,-0.6425841553426007,Tokyo,533955192,random_forest,1.0011351370425787,0.8257171536007798,39.71666646003723
379.083446521267,630.4720159964037,251.38856947513673,0.7616525327638769,76.16525327638769,0.5263444263786362,0.6777059418202064,0.5051321223994285,0.6259418549737544,Tokyo,533955193,random_forest,0.07407689719836752,0.17573639416895268,44.07458305358887
483.59989955080596,639.4175985616245,155.81769901081847,0.5187204793895808,51.872047938958076,0.3282335600059439,0.4200611852832405,0.31137166461972837,0.24312786002212322,Tokyo,533955194,random_forest,-0.07691488371919884,-0.06572528746605856,38.56125013033549
762.8315161610343,602.3494607825475,-160.48205537848676,-0.10882908179043481,-10.882908179043481,-0.2007340316288295,-0.4326355916364631,-0.19299944890317425,-0.7457690401959989,Tokyo,533955203,random_forest,0.489340591547205,0.6165760075800879,50.57541688283285
404.869162858555,585.346068138876,180.476905280321,0.5442343932767896,54.423439327678956,0.3869455756470792,0.4865387130574888,0.3737332740071455,0.2833328604177101,Tokyo,533955204,random_forest,0.06265656550951976,0.3894078848057425,63.27541732788086
542.088651327754,593.7969017260667,51.70825039831272,0.3012229770283995,30.122297702839948,0.16091977766996032,0.13939770057655493,0.1518535642905497,-0.09960619509493289,Tokyo,533955212,random_forest,0.5691804253891887,0.8129713126425752,49.8758331934611
1042.6654432184348,635.2057177992739,-407.45972541916103,-0.26959474141532164,-26.959474141532166,-0.42971323340418643,-1.0984504090441802,-0.4007318461913046,-0.9991046686452202,Tokyo,533955213,random_forest,0.3217178029382175,0.47149982178933264,47.08583354949951
721.0605700624151,648.7150345731621,-72.34553548925284,0.003347095284387367,0.3347095284387369,-0.05639694092537184,-0.19503273107284388,-0.055595358669603905,-0.5690010514191095,Tokyo,533955214,random_forest,0.12680199323141192,0.30998100899469605,41.11875025431315
539.2503257996099,633.563819661158,94.31349386154828,0.2937783987970784,29.37783987970784,0.20478053698211607,0.25425505748827,0.19863058358659877,-0.11133741250275281,Tokyo,533955221,random_forest,-0.09242411884729035,0.2776261540068285,43.52166716257731
527.092183848456,603.5104561323295,76.41827228387352,0.2816837415182853,28.16837415182853,0.18290814625920152,0.20601221964285696,0.17627012169934764,-0.13039625634882182,Tokyo,533955222,random_forest,0.1597860777634924,0.5716182418118104,46.02749967575073
506.5559137368239,672.7631928265719,166.20727908974786,0.4461993658850802,44.61993658850802,0.31440490696936463,0.44806993749981133,0.30343973043990285,0.12884859224586043,Tokyo,533955223,random_forest,-0.9896534335210139,-0.5648479690968127,37.54000004132589
438.0146039305136,649.1436008347677,211.1289969042541,0.7102706429591009,71.0270642959101,0.4602542573064725,0.5691721624069485,0.4371090734621441,0.5449739208081266,Tokyo,533955224,random_forest,0.30646959522715606,0.4728403449304145,36.61375013987223
558.0476663466462,650.0383797890432,91.99071344239705,0.26171862511150357,26.171862511150355,0.17602568229585283,0.24799318927807631,0.17054482015802694,-0.16185742363899688,Tokyo,533955231,random_forest,0.3043447884846773,0.6278145937260033,44.22499958674113
552.9061530017922,610.5963973735048,57.69024437171276,0.20160674799302902,20.1606747993029,0.13603288773889036,0.15552426061932104,0.13296743913245748,-0.25658213165564425,Tokyo,533955232,random_forest,0.31664663555742145,0.37317815339147764,40.24208291371664
529.920263195879,679.3918937567272,149.47163056084813,0.4089963780867614,40.89963780867615,0.289758139487517,0.40295313496606794,0.28035701988328626,0.07022386905518214,Tokyo,533955233,random_forest,0.1611866191852016,0.354879058177271,37.18833335240682
606.6520815092166,641.0602415264386,34.40816001722205,0.2546014941153339,25.460149411533383,0.12693060575692175,0.09275924732559547,0.11831912113991284,-0.17307264744908826,Tokyo,533955234,random_forest,2.5529164560798496,2.2039807240443583,36.5633331934611
420.48870983742955,650.2185118398361,229.72980200240647,0.8960719274681823,89.60719274681823,0.5218517799835051,0.6193171477735334,0.48293297269084023,0.8377608585634219,Tokyo,533955241,random_forest,0.02969294750371182,0.22622893828881954,37.512083292007446
352.3512919798868,628.4473499288473,276.0960579489605,0.9808746290061858,98.08746290061858,0.6272588835627552,0.7443136311878039,0.5923587180781797,0.9713935369503935,Tokyo,533955242,random_forest,0.4819526165493114,0.5522971191979837,38.54541619618734
317.64752415602874,566.4486150139725,248.80109085794376,1.062053659128495,106.20536591284952,0.6397167002907586,0.6707304869024845,0.5960129898297907,1.099316009081064,Tokyo,533955243,random_forest,-0.15793997751346317,0.22133359930720015,53.55791727701823
597.9304501728111,551.814829180961,-46.11562099185006,0.09496239643523059,9.49623964352306,-0.01817080510756956,-0.12432080910503152,-0.020274817520219427,-0.42463303186339174,Tokyo,533955244,random_forest,0.03934013752100273,0.33185705367328766,56.24541664123535
557.8370442820064,617.2430921372818,59.40604785527535,0.25815489673438047,25.815489673438048,0.15401254917716045,0.16014980989641805,0.14871758458206896,-0.16747317124422145,Tokyo,533955251,random_forest,0.33082717866869127,0.4135125459222757,42.69250011444092
468.6939331254727,618.5921162109919,149.8981830855192,0.4784271380564946,47.84271380564946,0.3084996422030556,0.40410305670304886,0.2929380739796781,0.17963333654768227,Tokyo,533955252,random_forest,-0.5569757755648032,-0.07721076226626185,46.339166482289635
548.0368038786482,606.3434966537387,58.30669277509048,0.18951626273745967,18.951626273745966,0.1300906700648575,0.15718611321137368,0.12690147309439115,-0.27563440119891897,Tokyo,533955253,random_forest,1.1580798024038113,1.1912346315416178,52.81666644414266
419.528056483615,591.1663498090344,171.63829332541943,0.5593952027768242,55.93952027768242,0.3870545042790476,0.462711138670212,0.37206114528479417,0.30722336795179317,Tokyo,533955261,random_forest,0.4124844361904451,0.6480518077056306,49.113333225250244
347.17507152874646,662.5549693108106,315.3798977820642,1.176223744751351,117.62237447513509,0.7027813473323613,0.8502169812406423,0.6535102130822354,1.2792260126157384,Tokyo,533955262,random_forest,1.1245406683233583,0.9813865916086676,40.9258337020874
560.8194804820612,618.5772296220015,57.75774913994034,0.27567417849656495,27.567417849656493,0.15711380763695446,0.15570624336668518,0.1492776947949807,-0.1398661669526474,Tokyo,533955263,random_forest,0.06728426850707854,0.39392055775306634,46.384583473205566
345.9370597464208,632.7556983815406,286.8186386351197,0.9458321022167078,94.58321022167077,0.6273624093960444,0.7732201031798627,0.597151634151245,0.9161732830269192,Tokyo,533955264,random_forest,0.18053078209011664,0.5411718214676859,43.00375008583069
927.984387260095,659.0884694772824,-268.89591778281255,-0.19495501663320833,-19.495501663320834,-0.29449686837013095,-0.7249031314076246,-0.2823083477179496,-0.8814868786950929,Tokyo,533955271,random_forest,0.15400798233789187,-0.13170826408331401,32.7804168065389
434.8434493407578,629.2234473792014,194.37999803844363,0.5619348231477554,56.193482314775544,0.3999112683874709,0.5240193693638968,0.3859805432325687,0.3112253191408313,Tokyo,533955272,random_forest,0.4660278781502191,0.3964682350989379,39.43124977747599
757.5067160899677,584.9698401571605,-172.53687593280713,-0.11384654571254914,-11.384654571254913,-0.21646862386550683,-0.4651335828311156,-0.20528445503808881,-0.7536755942380498,Tokyo,533955273,random_forest,0.4580314863554514,0.2835547955218815,51.97291644414266
289.559294546851,524.3674756182131,234.80818107136213,0.9382839291284988,93.82839291284988,0.6145441948256379,0.6330076973360385,0.5837200979720042,0.904278820133496,Tokyo,533955274,random_forest,0.08873420828179952,0.3131938338465585,70.70791721343994
598.661333806743,607.4621618262062,8.80082801946316,0.11839487236237485,11.839487236237487,0.048728151520857264,0.023725714554884886,0.04807764575613141,-0.3877079756730622,Tokyo,533955281,random_forest,0.988569989816368,0.991506066588406,46.457083543141685
356.5662875284708,583.6960022784978,227.12971475002703,0.7271818758330985,72.71818758330984,0.5078817039265252,0.6123077018632936,0.4883655168380679,0.5716227574936578,Tokyo,533955282,random_forest,1.3385195345637022,1.432783931534656,48.07250038782755
428.78709518071224,586.4231614130653,157.63606623235302,0.4675713188599888,46.75713188599888,0.32558284510053287,0.42496323104060313,0.313320036041753,0.16252666224363713,Tokyo,533955283,random_forest,2.410633371672023,2.251040706068344,52.549583435058594
218.00654969562495,618.1877897443168,400.18124004869173,2.318231287421899,231.82312874218994,1.107121915014799,1.0788287023241125,0.9726091925042745,3.078809326560032,Tokyo,533955284,random_forest,1.6610087968168012,1.5689564019494855,45.954583168029785
222.81149286968972,612.6685579370121,389.85706506732237,1.9701721918154156,197.01721918154155,1.039690181045856,1.0509962724571789,0.9373054244261104,2.5303354178367647,Tokyo,533955291,random_forest,0.9501109866769777,1.1019043328953608,41.669583320617676
176.88434302995392,675.9602959138188,499.07595288386483,3.1448727230815474,314.4872723081547,1.3679981052201615,1.345434040199781,1.1686449799218648,4.38143656731304,Tokyo,533955292,random_forest,3.262621810393072,3.0784792531426373,34.9112503528595
511.93811728039486,629.0705421753506,117.13242489495586,0.3498285898471765,34.98285898471765,0.247220399590815,0.3157714787782814,0.23956420066808073,-0.023013137234594645,Tokyo,533955293,random_forest,1.357653057520477,1.2481471435294733,34.19041681289673
223.77507968509985,527.6845401984275,303.9094605133277,2.630593336349768,263.05933363497684,1.0032508781388116,0.8192943998817174,0.8340455585045575,3.5710315844319385,Tokyo,533955301,random_forest,-0.32044501564230665,0.23708580716136862,58.57458305358887
376.6986659144959,508.3602282313198,131.66156231682388,0.5767932130525125,57.67932130525125,0.3539618660751012,0.35493985775780423,0.3322754821124326,0.33463927180365793,Tokyo,533955302,random_forest,0.5294294359533299,0.9137048701642446,64.9679168065389
469.60831134792625,631.2723753718241,161.66406402389774,0.44500684534243157,44.500684534243156,0.32287290835778243,0.4358221099572856,0.3130081206848055,0.12696941020029548,Tokyo,533955303,random_forest,-0.7337892100017231,-0.12389445819084972,43.19083309173584
631.7023092026856,677.1438221108443,45.44151290815878,0.22397436889407796,22.3974368894078,0.12669849560406166,0.12250351464848386,0.12144070822995862,-0.22133508131477664,Tokyo,533955304,random_forest,0.41370502469225184,0.7291850976945372,42.172916412353516
485.1368432550717,631.142760116246,146.00591686117423,0.5320512312839806,53.20512312839805,0.3436453601378598,0.3936100897678694,0.3271987147613174,0.264134550236615,Tokyo,533955311,random_forest,0.19656177036517083,0.34141599087793056,37.827916622161865
748.8334178529494,678.5907450082718,-70.24267284467767,0.029503274138253956,2.950327413825395,-0.04360936303750026,-0.1893637282536791,-0.04441290900271247,-0.527783965486482,Tokyo,533955312,random_forest,-0.03266404914320882,0.03375919363176158,34.03124984105428
651.902713742783,648.774534917108,-3.1281788256749983,0.20478707459495168,20.47870745949517,0.06081266881746783,-0.008433101718436623,0.054172187235429846,-0.2515705511959132,Tokyo,533955313,random_forest,-0.06182957462614904,0.13965821208788748,30.930000066757202
586.2254005067358,631.8487984314493,45.62339792471338,0.17635006240447962,17.63500624044796,0.10922605087663621,0.12299384941869429,0.10598637830392278,-0.29638178993496167,Tokyo,533955314,random_forest,-1.086719099109061,-0.9639018777324554,33.14958333969116
646.3451162215072,623.0449170234447,-23.30019919806251,0.12814712419675586,12.814712419675585,0.037621129179271,-0.06281384819958225,0.036870121313643645,-0.37234031038295856,Tokyo,533955321,random_forest,-0.3758968203870902,-0.17707266650461345,36.88791672388712
562.1610152914615,615.7429964306078,53.581981139146386,0.22117678540908622,22.117678540908624,0.1299359004213885,0.14444899809213166,0.12483642226210677,-0.2257435325472302,Tokyo,533955322,random_forest,-0.31308515823841687,-0.1794780193153087,37.40583364168803
314.21586216300983,653.015895642017,338.8000334790071,1.5411225911994577,154.11225911994575,0.7997755734290108,0.9133541602826015,0.7187347766864464,1.8542361161479286,Tokyo,533955323,random_forest,-0.5764293454673685,-0.34229138463234254,35.13375035921732
489.93503640549415,634.1615818324428,144.22654542694872,0.36898123380666653,36.898123380666654,0.27537679638934914,0.38881317081408606,0.2688671786575323,0.0071677304038228196,Tokyo,533955324,random_forest,-0.8308095691418484,-0.4460143860368033,38.21125030517578
793.8839438684075,677.6636560730416,-116.22028779536596,-0.010809499640838433,-1.0809499640838427,-0.10404349471163073,-0.31331249373597275,-0.1007342251568037,-0.5913091107425446,Tokyo,533955331,random_forest,-0.4168397075623545,-0.3601593570971229,44.789583683013916
601.8217394201398,598.8053427933222,-3.016396626817624,0.15925391786209644,15.925391786209644,0.06708613114207378,-0.008131753647943468,0.063642055369784,-0.32332201169506264,Tokyo,533955332,random_forest,-0.18824684873189745,-0.2537686911193535,43.02208344141642
721.5171948604711,565.5933199636278,-155.92387489684336,-0.1505233828127398,-15.052338281273983,-0.21473693548532788,-0.42034741957379446,-0.2085656362341417,-0.8114712055519736,Tokyo,533955333,random_forest,-0.37865126706393043,0.006450286694533953,51.19333362579346
450.18403469353075,611.2142581132065,161.03022341967576,0.5623563560657804,56.235635606578036,0.35800664419097794,0.4341133705959654,0.34027082969652733,0.311889573602568,Tokyo,533955334,random_forest,0.4524903449108289,0.6651742464167781,51.980833530426025
529.8449227790578,535.4589370959507,5.614014316892799,0.13651522785950126,13.651522785950126,0.03739498461925909,0.015134541987989048,0.03535540051389843,-0.3591537952697418,Tokyo,533955341,random_forest,0.02989305035371017,0.4534969305634136,58.26749976476034
869.8755746298798,554.5446613066134,-315.3309133232663,-0.24176332348365145,-24.17633234836514,-0.3912996559884774,-0.8500849264743756,-0.366520267558287,-0.9552477294904037,Tokyo,533955343,random_forest,-0.12906391938374043,0.22517610666784624,56.62499984105428
361.4210730722751,551.1678905368665,189.74681746459137,0.6252119330856801,62.521193308568,0.4393108276382092,0.5115290082827174,0.4231221200166853,0.410937822731325,Tokyo,533955344,random_forest,0.9429153586236175,1.2292393426916461,56.655833880106606
230.29841828354256,578.9554548736982,348.65703659015566,1.8916488677682404,189.16488677682403,0.9585240926726387,0.9399271647390606,0.8561495810252945,2.406597825543556,Tokyo,533955351,random_forest,0.08433787599763415,0.5142178373701956,58.66375001271566
544.7490547146741,593.2470932193705,48.498038504696375,0.4078427014692765,40.78427014692765,0.1849615251558249,0.13074344999011026,0.16703208960591942,0.06840589753315644,Tokyo,533955361,random_forest,2.7178534215759123,2.646292563821054,46.06541681289673
374.70599343958014,648.6923597033608,273.98636626378067,0.9730466014200368,97.30466014200368,0.6014839064838059,0.7386262182977106,0.5635919748046153,0.9590580774207769,Tokyo,533955363,random_forest,0.7799092300402893,1.087682940708292,45.672916412353516
461.7473954290776,615.8366233190437,154.08922788996614,0.5479238825453766,54.79238825453766,0.34562767969628955,0.41540148595278975,0.32708595351129593,0.2891467828977661,Tokyo,533955373,random_forest,1.6786678924122578,1.384326962203241,43.9745831489563
704.2367012266717,576.0943177201292,-128.14238350654247,-0.032833701830143634,-3.283370183014363,-0.15189984620181285,-0.3454526786269674,-0.14539473084251917,-0.6260149995233886,Tokyo,533955381,random_forest,0.8513787684659212,0.8016331157540055,54.54333337148031
416.9592591655828,662.7383208885813,245.77906172299853,0.7324744178540247,73.24744178540247,0.49167279962694943,0.6625835488560086,0.4688952785025722,0.5799627814894147,Tokyo,533955382,random_forest,-0.0701235179251291,0.044777270134795405,39.161666552225746
751.4638886008705,653.9891063893418,-97.47478221152858,-0.03655471443342031,-3.6554714433420306,-0.10045241035592545,-0.26277741752660316,-0.0979536174414028,-0.6318785966903337,Tokyo,533955383,random_forest,0.45609459574272376,0.6085664446601448,36.070833683013916
552.6455011178647,685.395885941405,132.7503848235404,0.39246766324006616,39.24676632400662,0.26406778637929645,0.35787516020186527,0.2535879023164347,0.044177806899148686,Tokyo,533955384,random_forest,-0.0065285463274961895,0.09304345759503578,25.638750076293945
767.8298565226796,656.9948446883035,-110.83501183437606,-0.01236383036073669,-1.2363830360736687,-0.09717720903368243,-0.29879459610552644,-0.09518265494206624,-0.5937584357455465,Tokyo,533955394,random_forest,1.318529769134614,0.8582361117587672,37.28083324432373
485.5773446841287,601.3214812952339,115.74413661110519,0.3850529779166525,38.50529779166525,0.25725206987676325,0.3120288614393573,0.24686638121983098,0.03249369494051845,Tokyo,533955402,random_forest,0.30733490465900815,0.3727620918187094,35.44499969482422
281.05497919756516,661.7299425720134,380.6749633744483,1.6402344893664715,164.02344893664716,0.9072938207742575,1.0262427011685145,0.8283071255140871,2.010417324669209,Tokyo,533955404,random_forest,4.349083503139354,3.830353439998261,33.23375002543131
311.1781551996339,618.4675567769592,307.28940157732535,1.2740181494084124,127.40181494084123,0.7554540037750366,0.8284062148972361,0.701362944420422,1.4333311058329152,Tokyo,533955412,random_forest,-0.6180272555727783,-0.4647073538225426,41.41541655858358
505.70738677675376,567.4283233436676,61.72093656691382,0.2614171689222116,26.141716892221158,0.1504359033844461,0.16639040324481644,0.1435806802995738,-0.1623324603684973,Tokyo,533955413,random_forest,-0.20773517503088618,0.007748661519850842,51.95041688283285
994.8570980862775,537.4848740027393,-457.3722240835382,-0.35875844864628603,-35.875844864628604,-0.5532065093328552,-1.2330070318316257,-0.514910163765687,-1.1396094496968696,Tokyo,533955414,random_forest,0.17800930498119966,0.038401218320272316,61.99333302179972
267.8959099316456,639.5564609695651,371.66055103791956,1.9025472547242381,190.25472547242381,0.9335597235042324,1.0019411952757133,0.8286566545944364,2.423771578414801,Tokyo,533955424,random_forest,1.3023834750232994,1.6155004290349666,42.2008330821991
288.50744889272914,597.1049795159662,308.5975306232371,1.4309132064125774,143.09132064125777,0.7963745556230323,0.8319327349332623,0.7280157594719735,1.6805674121402954,Tokyo,533955432,random_forest,1.2300235151406598,1.4988881644710277,50.600416819254555
181.9924210634887,598.7313606550932,416.7389395916045,3.522400721836334,352.2400721836334,1.3419145018584908,1.123465781036697,1.1007465856196283,4.976347775620086,Tokyo,533955441,random_forest,2.4788890668319836,2.466621029304027,53.12625002861023
254.74883291951372,632.6354387275364,377.8866058080227,1.7416838755875768,174.16838755875767,0.9430412406789613,1.018725706682125,0.8566114376842845,2.17028196288908,Tokyo,533955452,random_forest,-0.016646020533523098,0.4269700805729596,39.99708294868469
534.1769924133076,651.1145119637135,116.93751955040601,0.36060237981504856,36.060237981504855,0.23386829528151856,0.3152460431533851,0.2243775089702066,-0.006035725151322451,Tokyo,533955454,random_forest,0.84290358803912,0.9904460152272692,36.4637500445048
261.37559527954795,642.5956339421293,381.2200386625814,1.7087672130097662,170.87672130097664,0.9357527530384071,1.027712142528869,0.8520984324563136,2.118411660362671,Tokyo,533955462,random_forest,0.023877550953981072,0.4044932330082899,38.55583310127258
322.8787718761587,664.7728998832678,341.89412800710903,1.286980001224862,128.6980001224862,0.7634743631053329,0.9216953758383689,0.7087960359049797,1.4537564807758463,Tokyo,533955463,random_forest,1.936356260370139,1.9356267952683246,27.8158331712087
498.9858395097286,677.1964952534088,178.21065574368015,0.5139968205534633,51.399682055346325,0.3495712718214416,0.48042924364193257,0.33507831742786726,0.23568428604855376,Tokyo,533955471,random_forest,0.03765618423277983,0.09649543583003223,27.37541667620341
245.29109371045726,665.7371586952875,420.44606498483023,1.9412456391932775,194.12456391932778,1.0298878438813623,1.1334596360131068,0.9300339386479225,2.4847527579298077,Tokyo,533955472,random_forest,0.2566155930825165,0.4820458594611145,26.080000003178913
244.684676494606,697.6355030662309,452.95082657162493,2.059851124073115,205.98511240731148,1.0714393467561194,1.2210876061742508,0.9626217137566084,2.6716520940172943,Tokyo,533955551,random_forest,1.4522687204393556,1.6055642837793926,26.56791655222575
414.5208519243163,691.6650146874916,277.14416276317525,0.819983561113191,81.9983561113191,0.539638623557078,0.7471391648297144,0.5125868271914208,0.7178602892926422,Tokyo,533955552,random_forest,0.9075708689557415,1.1710923952878698,23.278749982515972
322.2881752112135,634.4705733333512,312.1823981221378,1.2883189655499232,128.8318965549923,0.7413717727720034,0.8415970009327687,0.683638195869139,1.455866429937576,Tokyo,533956001,random_forest,-0.3306510855435241,-0.07592643999364242,39.68458334604899
613.8520172027562,656.6616199228089,42.80960272005274,0.17785309611356723,17.78530961135672,0.10532228480009313,0.11540827886850935,0.10112922818279545,-0.29401329911322444,Tokyo,533956002,random_forest,1.1792094114333633,1.0059935644659812,37.854999939600624
467.1022346390169,647.5504394560237,180.44820481700674,0.5511799859986493,55.117998599864926,0.3825570042838306,0.48646134090583654,0.3682806917955583,0.2942777730392876,Tokyo,533956004,random_forest,-0.3511912573056667,-0.2705307946343524,33.53083332379659
403.53879573203034,687.6219458407141,284.0831501086839,1.3093012349279725,130.93012349279726,0.6542550201629883,0.7658456357089781,0.583720840392657,1.4889304338522287,Tokyo,533956011,random_forest,0.4897907839455576,0.2836463018032266,32.14791671435038
301.16257958841464,652.9213461702785,351.75876658186394,1.4768711100359457,147.68711100359457,0.8360429049177894,0.9482889643614199,0.7681105251443016,1.7529881917010595,Tokyo,533956022,random_forest,1.535498863271824,1.4815286369876333,30.847083409627277
364.3693239887353,666.1467107777593,301.7773867890239,1.109547343784372,110.9547343784372,0.6691983830632062,0.8135466483655042,0.6236663319247158,1.1741568829202877,Tokyo,533956032,random_forest,0.2000348381423008,0.2169935473811818,37.80958318710327
823.711138750949,662.850582389,-160.86055636194902,-0.11500528366068818,-11.500528366068819,-0.1839319255133023,-0.43365597361330765,-0.17957806506013005,-0.7555015414396145,Tokyo,533956034,random_forest,0.1684398682170105,-0.05157326027600962,30.634583393732708
438.3593793522785,551.3656517614141,113.00627240913566,0.47243657276783285,47.24365727678329,0.27845835017588155,0.3046479895029541,0.26236129446054873,0.1701933627018356,Tokyo,533956041,random_forest,-0.4459541422294807,-0.1530933149658329,61.30791632334391
332.09668493983617,632.986022458587,300.8893375187508,1.3659055948949501,136.590559489495,0.7238151287790302,0.8111526005042599,0.6545109137777988,1.5781279722983084,Tokyo,533956042,random_forest,2.3739891246123217,2.164800290675351,47.200833320617676
459.32917514720947,631.0652231025988,171.7360479553894,0.6496684624824028,64.96684624824029,0.38308656554347253,0.4629746705153926,0.356478275346272,0.44947658939867174,Tokyo,533956043,random_forest,-0.12728290123938257,0.10587809243486272,39.5379167397817
297.0458306629157,661.7549160394911,364.7090853765755,1.4787243073804104,147.872430738041,0.848206748296474,0.9832010847253887,0.7811023404170964,1.7559084727797165,Tokyo,533956052,random_forest,-0.404074965194968,-0.38871404916465363,37.205416758855186
260.14899309547843,637.0323545464739,376.88336145099544,1.626395901676147,162.6395901676147,0.9220540271366872,1.0160211101156442,0.8471385688755554,1.9886103833263993,Tokyo,533956053,random_forest,0.5594659117984863,0.3380174316747728,36.10041689872742
358.1131352726575,645.9178013799409,287.8046661072834,1.0587843622534316,105.87843622534318,0.6502192388148483,0.7758782856027088,0.6085233026672048,1.0941642286550468,Tokyo,533956054,random_forest,-0.2316642870305534,0.08941126744092724,46.0533332824707
594.3476757232463,637.3962602453329,43.048584522086635,0.19956186168523296,19.956186168523296,0.10528810651613636,0.11605253802302627,0.1030176989546298,-0.25980447751670355,Tokyo,533956061,random_forest,0.3188729735208112,0.18006496311342557,41.875
687.5245665219586,625.9800523380881,-61.544514183870454,0.025252785246398513,2.5252785246398517,-0.03760490129859976,-0.16591479491660885,-0.03582095664248279,-0.53448191501841,Tokyo,533956062,random_forest,0.9384946296258019,0.7396157972223183,41.01833327611288
820.2901092196797,582.1978329921133,-238.09227622756643,-0.14848524348387768,-14.848524348387768,-0.28578350785992723,-0.6418611261355637,-0.27199988764423877,-0.8082594916265673,Tokyo,533956063,random_forest,1.1118339666897041,1.041508486964462,52.791249910990395
768.8396790128362,628.3104242117339,-140.52925480110233,-0.009729883235615662,-0.972988323561566,-0.12614574972534587,-0.3788458288979291,-0.12281793073683457,-0.5896078438106677,Tokyo,533956064,random_forest,0.7848664851035172,0.7029520867623149,47.137083212534584
798.8096543458781,611.6583101156494,-187.1513442302287,-0.1408767997917926,-14.087679979179262,-0.2153369583478885,-0.5045320010741742,-0.20763880509530405,-0.7962700539024148,Tokyo,533956071,random_forest,0.8195804221176068,0.7965784141465719,43.889999866485596
368.4825886605095,603.574493932777,235.09190527226747,0.8717877968440009,87.17877968440008,0.5331190676040548,0.6337725752984423,0.49899481206021473,0.7994937590636003,Tokyo,533956072,random_forest,0.528029077337701,0.7366830944008265,50.02666680018107
613.7851541363793,680.565248591791,66.78009445541173,0.19413026065171346,19.413026065171348,0.13220679680685676,0.1800291353828769,0.12793835573878556,-0.26836363165772315,Tokyo,533956073,random_forest,0.7968583939721555,0.7181742012583022,42.478750149408974
268.0234690446394,632.0922735817262,364.06880453708686,1.7916919381490288,179.16919381490288,0.9281936878302486,0.9814749834541135,0.8337343481921637,2.2490850106674025,Tokyo,533956074,random_forest,3.084356243377198,2.8524594881768075,48.227499643961586
418.2593970096845,609.5531377913408,191.29374078165628,0.7658057856010986,76.58057856010986,0.44003927404039933,0.5156992819180858,0.40682092750194987,0.6324865792642594,Tokyo,533956081,random_forest,1.0585561867865039,1.0740358716050569,50.882083098093666
425.26751654505887,614.0274654797712,188.75994893471238,0.6430806929021448,64.30806929021448,0.4083147864915729,0.5088685584942058,0.38517934191607783,0.43909553693642694,Tokyo,533956082,random_forest,-0.17958357543937065,-0.18470134146629866,43.26166693369547
510.22580160893057,604.6662513619154,94.44044975298486,0.3408851058039772,34.08851058039772,0.20778175397436774,0.2545973115619348,0.19827474720102248,-0.037106340695433435,Tokyo,533956083,random_forest,-0.011992420648878835,0.21003472270565246,47.453750133514404
757.3685043618424,610.0525612860247,-147.31594307581773,-0.09680337207024113,-9.680337207024113,-0.1590742368214297,-0.39714172428672506,-0.15523878103951674,-0.7268188443853908,Tokyo,533956084,random_forest,-0.49675769776643214,-0.3004090070882925,42.390833377838135
691.9022771482815,658.6041391040126,-33.29813804426898,0.09011797241935993,9.011797241935993,0.004227391709470692,-0.08976679429484741,0.003219590410619446,-0.43226690843503435,Tokyo,533956091,random_forest,0.21430950850596184,0.2282666340211812,37.365833123524986
545.367226353797,614.4020992856587,69.03487293186168,0.2892896416526831,28.92896416526831,0.17954674292869222,0.1861076805377694,0.17328764332188304,-0.11841082678030837,Tokyo,533956092,random_forest,0.11966134169517605,0.12653957031035357,39.32999976476034
928.590214038526,615.322496198277,-313.2677178402491,-0.1918389872644106,-19.183898726441058,-0.33535029518658294,-0.8445228603832374,-0.3188999452720888,-0.8765766182560631,Tokyo,533956093,random_forest,-0.2315346147766253,-0.3503298110853054,43.131250063578285
770.6299143018256,628.9899657373102,-141.63994856451555,-0.11177844703609852,-11.177844703609852,-0.1607734990586772,-0.3818400929751677,-0.15795554466701137,-0.750416670167349,Tokyo,533956094,random_forest,0.5112196899307319,0.43232789398125615,40.76833359400431
495.3684735938962,671.4639738491568,176.0955002552606,0.5206302058489736,52.06302058489735,0.3508490907360762,0.4747271011564233,0.33555477587628063,0.2461372200675784,Tokyo,533956102,random_forest,-0.12230896003408645,-0.4303121970382652,32.54291661580404
574.6506722968201,623.0187547870279,48.36808249020775,0.20485274697279976,20.485274697279976,0.12247122613058088,0.13039310803391832,0.11776886507857176,-0.25146706421273085,Tokyo,533956112,random_forest,1.763418609554687,1.6399219321602856,38.573333422342934
382.97394724131306,624.206004913207,241.23205767189384,0.8494847840604917,84.94847840604918,0.5545091124579259,0.6503255067765776,0.5258330806598037,0.7643485186372257,Tokyo,533956113,random_forest,0.8035661554965687,0.8684030923161661,39.362500111262
929.6003215025072,611.030493319999,-318.5698281825083,-0.27602829824625413,-27.602829824625406,-0.38543461934789364,-0.8588165559583293,-0.36964964262078465,-1.009242711599984,Tokyo,533956114,random_forest,1.681026947430114,1.5402087715356199,42.481667041778564
585.0195136052845,676.7449157346198,91.72540212933525,0.2822266502501544,28.222665025015445,0.18230607955408304,0.2472779497042584,0.17544364908119417,-0.1295407370476256,Tokyo,533956121,random_forest,1.2047221127135235,0.8036630408140504,29.583333174387615
759.9117881707189,677.1071754459814,-82.80461272473741,-0.02752196913187037,-2.7521969131870363,-0.09266961115025636,-0.22322883721738118,-0.09071800178802891,-0.6176447347267203,Tokyo,533956122,random_forest,-0.3297998100595042,-0.6949096068673265,29.670000155766804
1272.685682795699,643.5333650158099,-629.1523177798891,-0.4343442751008764,-43.43442751008765,-0.6486385968816991,-1.6961004430694935,-0.6079543132589399,-1.2587181131477998,Tokyo,533956123,random_forest,0.47012268679482344,0.08111782168382035,30.43499994277954
894.814081503699,687.1578961525714,-207.65618535112756,-0.1282900285454888,-12.82900285454888,-0.2099769691465003,-0.5598099824586334,-0.20265538019119078,-0.7764357334930122,Tokyo,533956124,random_forest,0.5025857091272525,0.13531952654061433,31.264166752497356
1070.0670305354715,659.2474213646949,-410.81960917077663,-0.3315098953711521,-33.150989537115215,-0.45456099842019376,-1.1075081525487838,-0.43486216875142053,-1.0966709926632288,Tokyo,533956133,random_forest,0.7961381496754905,0.36249494720391606,33.5295832157135
677.7744822410704,630.2485000610617,-47.5259821800087,0.11377691676266978,11.377691676266977,0.007159821889843913,-0.12812293168889963,0.003723495100573397,-0.39498498176212116,Tokyo,533956134,random_forest,0.5768725243172365,0.3008651657215171,36.772500356038414
702.5843872424388,654.7738832536869,-47.81050398875186,0.013756774243124341,1.3756774243124337,-0.040030321033193296,-0.12888995988260493,-0.038130837935510496,-0.5525974079599312,Tokyo,533956142,random_forest,0.46311986460852483,0.4341912893661211,46.24625015258789
634.4943182283666,580.9184754947954,-53.57584273357122,-0.006415221501148117,-0.641522150114812,-0.0597799870401042,-0.14443244986983075,-0.05939287882968708,-0.5843845771282353,Tokyo,533956143,random_forest,0.13962345317574804,0.257337209242462,52.93874994913737
785.4445938300051,603.7482219058169,-181.6963719241883,-0.15248839945401205,-15.248839945401206,-0.24323647917372826,-0.48982621253340336,-0.23434641272638038,-0.8145676922450359,Tokyo,533956144,random_forest,0.21478173338736278,0.47073262888158657,50.92125002543131
244.68612756016387,626.3236386762254,381.6375111160616,1.7994055135530573,179.94055135530576,0.9700308398265455,1.0288375857535172,0.8797716576688374,2.2612401156638895,Tokyo,533956151,random_forest,1.2459969531383381,1.364662461221401,42.1675001780192
770.7674155465951,565.6875415625528,-205.07987398404214,-0.19133238171450095,-19.133238171450095,-0.2736809708015034,-0.5528646327750815,-0.2619266557905586,-0.8757783057578488,Tokyo,533956152,random_forest,-0.18543509791886814,0.21970228410234122,53.27916701634725
670.5768900110451,639.4249860175348,-31.151903993510142,0.08451480166691112,8.451480166691114,-0.00501313603465466,-0.08398086865879746,-0.004531218037503129,-0.4410964233152145,Tokyo,533956153,random_forest,0.5571817913528446,0.6572635603387954,42.54125006993612
328.87477214100323,609.4196000644092,280.544827923406,0.9888770057944735,98.88770057944735,0.6416418252108874,0.7563068489055699,0.6081005698118835,0.9840037371478644,Tokyo,533956154,random_forest,0.44305260723520545,0.7983426720223755,49.869582970937095
577.2640448988735,542.4786453881031,-34.78539951077036,0.006400271306279074,0.6400271306279076,-0.044126700674048,-0.09377622851452026,-0.042910516682549506,-0.5641898357149798,Tokyo,533956161,random_forest,0.8621758690895609,1.0803033605328767,63.22500022252401
863.1074200908857,579.9508851185624,-283.15653497232347,-0.24461174381913017,-24.461174381913015,-0.36094433647986235,-0.7633476200473944,-0.3453221328481227,-0.9597362897803298,Tokyo,533956162,random_forest,1.3688716716744007,1.2633944597456188,50.02083349227905
400.35562260536403,604.6530007752941,204.29737816993008,0.6944334636444746,69.44334636444746,0.4452115750223098,0.5507551412266775,0.42058107785492793,0.5200175850838474,Tokyo,533956163,random_forest,0.5673716415787545,0.9402671471430075,52.53583335876465
434.3218938728707,616.3504873796211,182.0285935067504,0.6580125714464155,65.80125714464154,0.4224822273298739,0.4907218321750335,0.4021727247299363,0.4626252935011472,Tokyo,533956164,random_forest,1.1863589455897476,1.3415882705150945,44.73625008265177
977.3696766060615,613.4645435198462,-363.9051330862153,-0.3030026981019957,-30.30026981019957,-0.43256287698837337,-0.9810337497297895,-0.4136224198929465,-1.0517491557960867,Tokyo,533956171,random_forest,1.6954334878354458,1.4705268214763283,44.416249910990395
288.7012355350742,563.0209957023695,274.3197601672952,1.0997774410870031,109.97774410870032,0.693342269118047,0.7395249983410919,0.6531193638651867,1.1587614032792952,Tokyo,533956172,random_forest,0.944333630314481,0.995931170739393,54.84375031789144
630.3162930131201,641.5616687242516,11.245375711131572,0.1450739836247855,14.507398362478547,0.06308772589222915,0.03031584909905082,0.061460428596783544,-0.3456668492664671,Tokyo,533956173,random_forest,0.33045804136163387,0.3570734862858361,45.95291678110758
265.62837090373785,526.6909370884349,261.062566184697,1.248797818483231,124.87978184832309,0.7147008685826007,0.703785588420314,0.6580812136485845,1.3935887354813359,Tokyo,533956174,random_forest,-0.037808096019133514,0.4259284681856301,61.17875003814697
489.71907786320895,586.1395468169711,96.42046895376211,0.3225649024406635,32.25649024406635,0.21155741274554837,0.2599351468504942,0.20436071439044592,-0.06597544273620379,Tokyo,533956181,random_forest,0.7044014985917441,0.6968037874460012,48.39125029246012
717.5594557091654,609.4580724599372,-108.10138324922826,0.011762896687875017,1.1762896687875009,-0.09131901788074992,-0.29142514275785764,-0.08720010181313013,-0.5557393738790739,Tokyo,533956182,random_forest,-0.5141793617813091,-0.38036233292330934,40.5716667175293
364.5442485233691,625.1802171981848,260.6359686748156,1.0693141362959255,106.93141362959256,0.5917314702468902,0.7026355454099419,0.5416416186588787,1.110757118770434,Tokyo,533956183,random_forest,-0.8834357066341401,-0.3444320923103357,47.38166650136312
534.0026995327701,672.5040318106494,138.5013322778793,0.4195642315609826,41.95642315609826,0.2845233130102879,0.3733788534248252,0.27426985863585523,0.08687676500011111,Tokyo,533956184,random_forest,0.2782253738849648,0.2414192234538718,33.71500007311503
797.0580390502233,561.8531829648808,-235.20485608534247,-0.1947870742539278,-19.47870742539278,-0.30396011671879103,-0.6340770737778846,-0.2923760283755599,-0.8812222339426155,Tokyo,533956191,random_forest,-0.20524649230464354,0.07807853720421505,52.41874965031942
721.6124516393876,551.9622052612873,-169.65024637810038,-0.16134822137730948,-16.134822137730946,-0.23628164022405443,-0.4573516617790048,-0.22931707262603562,-0.8285290603638484,Tokyo,533956192,random_forest,-0.2113063341182787,0.00796602715288054,49.36875025431315
556.7582961579886,565.3391011230062,8.580804965017663,0.191477749181464,19.1477749181464,0.0732541300248321,0.02313256534509199,0.06771380920484962,-0.2725434774149099,Tokyo,533956193,random_forest,1.245344365552877,1.260403456250696,57.58833328882853
731.614312527588,497.9548854939456,-233.65942703364237,-0.2412877348252478,-24.128773482524778,-0.3534124336563549,-0.6299108284581971,-0.3388324804859127,-0.9544982936224382,Tokyo,533956194,random_forest,0.3283962721058366,0.4469754954012797,69.40625
623.8864408999417,652.7373249514629,28.850884051521195,0.16464604084114728,16.46460408411473,0.09281560449357336,0.0777776634367441,0.09045590757008047,-0.3148250673428879,Tokyo,533956204,random_forest,0.46082704242646577,0.1660114649462736,37.479583183924355
624.208660874296,622.234802351929,-1.9738585223668845,0.08554575595440371,8.55457559544037,0.02940232572969459,-0.005321227022029709,0.028544652288703315,-0.4394718384820246,Tokyo,533956211,random_forest,2.649656934271369,2.1999062415865294,41.21499991416931
586.8858016513057,636.4347951971371,49.5489935458314,0.21883367062534054,21.883367062534052,0.13558859354145655,0.13357666741702093,0.13075540601609323,-0.22943582888497985,Tokyo,533956212,random_forest,1.3857803123876564,1.2461485854310763,43.69250011444092
556.618509723105,647.5796633152213,90.9611535921163,0.20795191501044752,20.79519150104475,0.16340147424099535,0.24521765008211535,0.16106070166215428,-0.24658337397490787,Tokyo,533956213,random_forest,4.179818447324805,3.6001690367984045,48.62250026067098
466.59321137352794,610.9547331951069,144.36152182157898,0.41524665404787187,41.52466540478719,0.2922659904803399,0.3891770469634169,0.28404843878788694,0.0800730967589315,Tokyo,533956214,random_forest,0.9814768285087057,1.1427496803530748,51.34749984741211
945.2162006682911,629.4301885983792,-315.7860120699118,-0.24552343224690562,-24.55234322469056,-0.3627114216861805,-0.8513118045514517,-0.34512993968728106,-0.9611729346542368,Tokyo,533956221,random_forest,-0.19992254849506882,-0.3758016981439745,33.137916564941406
909.9425139716528,651.9438715511399,-257.99864242051297,-0.24052693534678474,-24.052693534678472,-0.3084154685015621,-0.695525708726472,-0.30067616090655,-0.9532994205891675,Tokyo,533956222,random_forest,0.4273552815365193,0.04622748811929569,37.21833340326945
709.6766127895634,639.1409149346825,-70.53569785488078,0.04517585354425801,4.517585354425802,-0.0441637597420359,-0.1901536798052997,-0.04253666330079373,-0.5030870074265049,Tokyo,533956223,random_forest,2.176664796084,1.7259331734875905,43.29374980926514
729.0150957898546,657.3231494127753,-71.69194637707942,0.01947694275554567,1.9476942755545679,-0.050037167259325645,-0.19327075269111504,-0.049238408558276804,-0.5435835272075931,Tokyo,533956224,random_forest,0.31397223066844243,0.447281305795113,48.666666666666664
678.9186216077829,584.5676025780376,-94.35101902974527,0.04439643538505673,4.439643538505673,-0.06327791524871251,-0.25435621972292527,-0.06031504827239561,-0.50431521990451,Tokyo,533956231,random_forest,0.40575841025663084,0.2333575795953817,51.48125012715658
977.4653167391066,604.9435111805813,-372.52180555852533,-0.2994073504597639,-29.940735045976393,-0.4427861788757033,-1.0042630085039466,-0.42050179591620895,-1.046083582336161,Tokyo,533956232,random_forest,-0.4814974489867895,-0.06198820643593165,49.35791635513306
575.2271543778802,503.38019711938733,-71.84695725849281,-0.03824393383795217,-3.824393383795216,-0.11685775927395603,-0.19368863881696385,-0.11405979985302371,-0.634540480207213,Tokyo,533956233,random_forest,0.24126251215670577,0.5244377143140391,74.00208314259847
408.27020989477916,534.6844881400992,126.41427824532006,0.5253521145721509,52.53521145721509,0.317043660039018,0.34079396559929714,0.2986027098088064,0.2535780362011802,Tokyo,533956234,random_forest,0.2541912158477879,0.6228956396366802,58.96541611353556
479.08742457117256,595.974589200788,116.8871646296155,0.34757716660644195,34.757716660644185,0.23032371379958158,0.3151102938267914,0.22016417309747804,-0.026560945410342533,Tokyo,533956241,random_forest,-0.10223740657090014,0.24486566703296808,49.13083362579346
539.2630669372495,628.4297020121749,89.1666350749254,0.24689421135878495,24.689421135878494,0.17229243850375173,0.24037989686069475,0.16796109006812998,-0.18521783644854248,Tokyo,533956242,random_forest,1.3892364740744416,1.4951693892698958,45.24333349863688
355.74703841901055,606.3012285539783,250.55419013496774,0.9023847489106028,90.23847489106028,0.5830443083055428,0.675456580054295,0.5517489248794046,0.8477086458653545,Tokyo,533956243,random_forest,0.49925488179635397,0.7236664362055746,48.69749959309896
566.6091107910906,630.6693803145415,64.06026952345091,0.20231221649143585,20.23122164914359,0.127637878117874,0.1726968946173202,0.12356265126077459,-0.25547044956002735,Tokyo,533956244,random_forest,1.2521468311146333,1.3407717248856978,44.90000009536743
679.7783007673871,647.2540713542813,-32.52422941310575,0.055011644151738835,5.501164415173882,-0.01328673606531213,-0.08768045250587782,-0.012656222742039173,-0.48758770116511124,Tokyo,533956251,random_forest,1.5736412830246125,1.6233365947986746,42.93125009536743
368.596160702147,621.905319711408,253.30915900926095,0.879817975425861,87.98179754258611,0.5669507210502449,0.6828835636261271,0.5363050024532323,0.812147769517958,Tokyo,533956252,random_forest,1.197566423753034,1.239765126039977,50.26750008265177
733.0083327252945,637.8663430499367,-95.14198967535769,-0.024207420546399277,-2.4207420546399265,-0.10065501963683177,-0.2564885581480815,-0.09626430580119072,-0.6124216463452523,Tokyo,533956253,random_forest,0.32033283671739254,0.3355300752677341,42.676667054494224
504.64092489119304,638.9724659319439,134.33154104075092,0.5488955740087258,54.889557400872576,0.3225954365584202,0.3621377206101876,0.301880381467765,0.29067798096643743,Tokyo,533956261,random_forest,0.5353172193378464,0.7809234362286279,46.52208344141642
479.6610375792327,607.6788639695451,128.01782639031245,0.3979405845637021,39.794058456370216,0.26978568890158217,0.3451168912920805,0.2598172889240222,0.05280207383657511,Tokyo,533956263,random_forest,0.49223776057478175,0.7971699918399288,52.94750006993612
543.0549960504813,603.9216206890806,60.866624638599184,0.23316996772172027,23.31699677217203,0.14379915293542514,0.1640873062058559,0.13819443577251678,-0.20684459364842264,Tokyo,533956264,random_forest,0.0464759456734874,0.3456626409394886,51.49458376566569
567.461796337151,630.9815474609672,63.519751123816256,0.25635648423131224,25.635648423131226,0.15059280038807385,0.17123973794603495,0.14385696067067769,-0.1703071219942683,Tokyo,533956271,random_forest,0.27712797361397673,0.4483360718444809,43.82625015576681
539.6905750933577,573.0474439656996,33.35686887234187,0.19144376829498985,19.144376829498984,0.10560372959621234,0.08992512381331408,0.10117020674004541,-0.2725970247287472,Tokyo,533956272,random_forest,0.08177331953861303,0.44070350599425867,50.24999984105428
655.1780080965182,623.4779412315066,-31.700066865011504,0.08309373755138222,8.309373755138221,-0.00044547486127917885,-0.08545863368159594,-0.0017492198168714672,-0.44333574588953883,Tokyo,533956273,random_forest,0.030735999673666557,0.34892208277310116,47.206666787465416
233.43630844567156,585.2342356992989,351.7979272536274,1.7176812691669052,171.76812691669053,0.951864082697519,0.9483945356687995,0.8688138953348125,2.1324584911589346,Tokyo,533956274,random_forest,0.36849636659142165,0.45409612195200005,45.007083098093666
1016.8276954265763,634.9487880861778,-381.87890734039837,-0.30453099011227286,-30.45309901122729,-0.4325245136916503,-1.0294883538290411,-0.41219502566023153,-1.0541574488219783,Tokyo,533956281,random_forest,0.026217191858410097,0.05480195495627293,34.020000060399376
189.8381082742595,662.9492384283984,473.1111301541389,2.722278141191008,272.2278141191008,1.2764477928299873,1.2754367659443024,1.113217789986899,3.715509128379415,Tokyo,533956282,random_forest,1.0319090306657326,1.209482566679562,29.357916593551636
275.42322568381843,663.0773218761216,387.65409619230326,1.6341887612390658,163.41887612390659,0.9151669936354314,1.0450573982300708,0.8376643542477104,2.000890424843941,Tokyo,533956283,random_forest,-0.26580738185683234,-0.23045441501212294,32.85791691144308
275.0227572404328,637.9905100088197,362.9677527683869,1.4632168900982698,146.32168900982697,0.8603317496320235,0.978506712750885,0.7971576613661148,1.7314717783266729,Tokyo,533956284,random_forest,4.272792986562747,3.876041977005136,34.70083292325338
426.7537730841441,537.7012047229363,110.94743163879218,0.3816779796400227,38.16779796400227,0.2577014733082607,0.2990976630651346,0.24751407439103604,0.02717534952135351,Tokyo,533956291,random_forest,-0.6957680263393323,-0.3028111155269447,61.33624951044718
364.86957556484026,523.4951291130848,158.62555354824448,0.8151007872096677,81.51007872096677,0.438250247521053,0.4276307406840824,0.4000322137687076,0.7101659807051568,Tokyo,533956292,random_forest,1.5849218687970494,1.649565212586016,72.01624965667725
863.0900935199164,593.1411537331164,-269.94893978679994,-0.2028280396905385,-20.282803969053848,-0.32490852035418333,-0.72774192105689,-0.30924553279516387,-0.8938932423966305,Tokyo,533956294,random_forest,3.9047900573381153,3.4292579751201857,51.07541688283285
230.37912272300665,623.3681813447926,392.9890586217859,1.9961446339285818,199.6144633928582,1.040514743833155,1.0594396581132335,0.9349721382642703,2.5712629701539225,Tokyo,533956301,random_forest,0.8518207992216219,0.6344506831590025,42.859166622161865
911.1579655613822,598.561333638681,-312.59663192270114,-0.2371272026007629,-23.712720260076292,-0.36803254731129287,-0.8427137132340904,-0.3508044858630471,-0.9479420984235852,Tokyo,533956302,random_forest,0.057072523579678826,-0.10968710467190262,44.42791636784872
890.5888952572964,610.7595125177753,-279.8293827395211,-0.2363780347532174,-23.637803475321743,-0.3405847333489542,-0.754378115816481,-0.32681586616911834,-0.9467615545940464,Tokyo,533956303,random_forest,0.06841381685363568,-0.09257545010370241,41.040000120798744
1098.3632872172784,627.0601769300451,-471.3031102872333,-0.3680064880541527,-36.80064880541527,-0.5194297792091934,-1.270562615105666,-0.4949899008410706,-1.1541825735890094,Tokyo,533956304,random_forest,0.009126597790563722,-0.17921734369386008,39.88541658719381
898.4362790942758,566.0383326926759,-332.3979464015999,-0.33262162185040545,-33.262162185040545,-0.44834212103060606,-0.8960950921337679,-0.432130162602055,-1.0984228588698703,Tokyo,533956311,random_forest,1.0452026215571257,0.8744550501323751,51.889166831970215
309.1824196817924,563.4469215636574,254.26450188186507,0.9532032686318601,95.32032686318603,0.6134322060408858,0.6854590249630972,0.5803406379061946,0.9277888175915989,Tokyo,533956312,random_forest,2.0558717855267816,2.0683272949996767,58.03249931335449
383.9895212383248,647.9015525509266,263.91203131260175,0.8681831180738567,86.81831180738568,0.5631272194064484,0.7114673197425548,0.5335818657174799,0.7938134815483473,Tokyo,533956313,random_forest,3.974627001468691,3.566196965130588,44.87833388646444
543.4529474206349,571.6893096890452,28.23636226841036,0.13535266157944695,13.535266157944696,0.08265645969581444,0.0761210047244499,0.08233037900338568,-0.3609857751829809,Tokyo,533956314,random_forest,1.9436171910749482,1.8730791553674273,50.50291681289673
576.8612808405945,599.9435071353352,23.08222629474069,0.1748135309268748,17.48135309268748,0.06901860157425317,0.06222622589024088,0.06465958935154678,-0.29880306676994794,Tokyo,533956321,random_forest,1.1522843465505497,1.0875159773932437,53.1333335240682
589.9172828705175,612.6693960166263,22.752113146108787,0.17364798458510355,17.364798458510357,0.07197469442733632,0.06133629027078171,0.06749672743230824,-0.30063974268486826,Tokyo,533956322,random_forest,-0.29345740827979444,0.017198532478142556,50.485416412353516
435.961821256729,624.169061936041,188.2072406793119,0.6640717726355273,66.40717726355273,0.4042741176281668,0.5073785397970151,0.37890752432750247,0.47217342426940667,Tokyo,533956323,random_forest,1.9281675263934626,1.6818123548848614,46.58583307266235
413.34563610643386,621.5679551133104,208.22231900687657,0.8214896254824332,82.14896254824332,0.48127911138791496,0.5613361940249213,0.4458522685567847,0.7202335558494255,Tokyo,533956324,random_forest,1.025946288379986,1.0869091411336036,44.204583485921226
364.7505528892623,522.5993280936095,157.84877520434725,0.7687460408152774,76.87460408152774,0.4293443188924864,0.42553666257927625,0.39485383000193863,0.6371198535855486,Tokyo,533956331,random_forest,0.37191797852266867,0.6597603038177561,60.899166425069176
567.0981761856207,572.660918858073,5.562742672452347,0.29679262202543527,29.679262202543523,0.07560090518740777,0.014996321311700011,0.059986987438946905,-0.1065875788776879,Tokyo,533956332,random_forest,0.10603956932085103,0.24834685899800676,50.13999994595846
480.35658803763437,629.6395890036139,149.28300096597948,0.5705457463580677,57.054574635806766,0.3480963549753973,0.4024446178226175,0.32608158069630117,0.32479447096157704,Tokyo,533956333,random_forest,1.1178943242333776,1.194344382726025,44.37624971071879
482.55117952376537,614.0459865392319,131.49480701546653,0.4546315643390287,45.463156433902874,0.29475943386769254,0.3544903104343287,0.2817178466065042,0.14213610837041038,Tokyo,533956334,random_forest,0.5763220195120143,0.5700792059946003,43.09750016530355
462.70097353430623,655.4712897491472,192.77031621484105,0.6033497236138357,60.334972361383564,0.3959018042646005,0.5196799081920024,0.3755790619630939,0.3764872031850791,Tokyo,533956341,random_forest,0.3715739447822643,0.46817742480579355,48.31291627883911
528.6211042896476,611.122251965926,82.5011476762783,0.2739920495750109,27.399204957501087,0.1842027960724244,0.2224107408858539,0.1780617765419906,-0.1425168772378465,Tokyo,533956342,random_forest,0.6583850567415536,0.7195126195836864,46.983333110809326
920.0521306963645,606.9482909506038,-313.1038397457608,-0.2684439037615889,-26.844390376158888,-0.3746341454233068,-0.8440810695786646,-0.36189050529801126,-0.9972911707817356,Tokyo,533956343,random_forest,-0.009841053344582124,0.1124492774488268,47.03791650136312
1172.901467079824,641.9223672768119,-530.9790998030122,-0.4162099753912159,-41.620997539121596,-0.5728830263397775,-1.4314401472992833,-0.5490717707503511,-1.2301419593587837,Tokyo,533956344,random_forest,-0.8129544509930511,-0.6319432185932639,45.80166721343994
788.808792209598,616.0562194203396,-172.75257278925835,-0.12663302672538226,-12.663302672538228,-0.2031925948399992,-0.465715069258896,-0.19706859515138356,-0.7738246186665146,Tokyo,533956351,random_forest,0.19866063367029604,0.17545563012305243,45.43249988555908
1118.7642103814644,647.9113345595755,-470.852875821889,-0.2938280553223871,-29.38280553223871,-0.45571734640509276,-1.269348850402628,-0.4275243270502131,-1.0372916908138732,Tokyo,533956353,random_forest,-0.4457938146862547,-0.39976267433498086,46.274999936421715
1009.3182105006445,604.2054604979508,-405.1127500026937,0.10038741746675668,10.038741746675667,-0.3046602541776504,-1.0921233147440426,-0.2930072052572625,-0.4160842465346178,Tokyo,533956354,random_forest,-0.5088779912925583,-0.28125890261512015,49.63166666030884
383.3903977974068,518.8211370432401,135.4307392458334,0.45833407542089755,45.83340754208975,0.331579270271441,0.36510099438344557,0.32182401567450925,0.14797055071309745,Tokyo,533956361,random_forest,0.23682925299598412,0.6704546314663773,57.7983333269755
497.8739189295521,596.8789752329928,99.00505630344075,0.5334717001591553,53.34717001591554,0.2780543309880707,0.2669028073439193,0.25294689324027203,0.26637293482710905,Tokyo,533956362,random_forest,0.06611126278400895,0.49898892684612056,58.30708328882853
473.97051637070285,585.9604458294175,111.9899294587146,0.3318592293621753,33.18592293621753,0.23102576823108043,0.301908081089992,0.22330543291818317,-0.05132937866277139,Tokyo,533956363,random_forest,0.038042544861874715,0.4359996228389062,50.307083447774254
327.1479200478486,565.27437247064,238.1264524227914,0.8281153576389918,82.81153576389919,0.5480442891092475,0.6419532600405424,0.5217696095356754,0.7306744299996296,Tokyo,533956364,random_forest,0.041840828704279874,0.41363885907336406,49.07458368937174
827.7646337762858,617.6290471169161,-210.13558665936966,-0.14511380946614538,-14.511380946614539,-0.24903012691520163,-0.5664940771343011,-0.2399328032762178,-0.8029467627910053,Tokyo,533956371,random_forest,0.3759043206839437,0.6482459982341561,44.74208331108093
359.8830965252887,620.769015442811,260.88591891752225,0.8888353108143346,88.88353108143347,0.5855782631798045,0.703309373838161,0.5567222011379849,0.826357348434914,Tokyo,533956372,random_forest,4.232649741049945,3.524112204080482,39.77250027656555
667.229286550753,646.7304242629222,-20.498862287830917,0.13617033453570096,13.6170334535701,0.03713452503534068,-0.055261863345744344,0.036133077914337654,-0.3596972805335522,Tokyo,533956373,random_forest,0.9102101165485736,1.0337700564223145,36.4604164759318
350.5400157571464,645.9801523322618,295.44013657511545,1.1034771261215017,110.34771261215019,0.6656824347861188,0.7964623706923625,0.6202036961028617,1.1645913923171645,Tokyo,533956374,random_forest,1.2976711906799494,1.3729586369928888,31.080833514531452
899.1947751458852,630.9982157689961,-268.19655937688907,-0.231175634924727,-23.1175634924727,-0.3185744256884556,-0.7230177658631775,-0.3074477226863684,-0.9385635772830343,Tokyo,533956381,random_forest,-0.4529922762736275,-0.5135741549864469,39.228332916895546
878.1649940531366,618.4539475655954,-259.7110464875412,-0.207617805212555,-20.7617805212555,-0.3064001049564777,-0.7001420936856015,-0.29357393028995865,-0.9014409877389861,Tokyo,533956382,random_forest,1.281113128406262,0.9095616184320704,41.30791656176249
1045.3587077528823,640.0057464887924,-405.35296126408997,-0.2735150350216555,-27.351503502165553,-0.41890341686263716,-1.0927708883369083,-0.3978964233166233,-1.0052822941828092,Tokyo,533956383,random_forest,-0.7309198434146551,-1.0496797265188544,33.982083797454834
688.4652828659747,632.9597532699225,-55.50552959605221,0.03527105072611724,3.5271050726117235,-0.03091289822708439,-0.1496345967108195,-0.027865439955948635,-0.5186950636025197,Tokyo,533956384,random_forest,-0.9674603822861222,-0.9019713041360986,37.65333342552185
715.8850122567845,626.373340710315,-89.51167154646946,0.07849133181248866,7.849133181248866,-0.05024579255363889,-0.24131006352419218,-0.05269526412473954,-0.45058824840134026,Tokyo,533956391,random_forest,2.2636377240680337,2.076864427765834,38.4358332157135
1054.6168576383373,665.510732325327,-389.1061253130101,-0.3066635674962966,-30.666356749629657,-0.4206170523249187,-1.0489718513209711,-0.40458058831343774,-1.0575179788820597,Tokyo,533956392,random_forest,0.43000564829937094,0.3587206002757233,33.06208348274231
1153.412535140701,622.1598230075139,-531.2527121331873,-0.3715053982289331,-37.1505398228933,-0.5486558311438082,-1.4321777651722918,-0.5169365983888304,-1.1596961802266683,Tokyo,533956393,random_forest,-0.4135596421579855,-0.592990565984627,28.69541660944621
470.99427633069666,685.2233991183317,214.22912278763513,0.7151250124583136,71.51250124583136,0.44497150475521,0.5775296375934477,0.41850853333089244,0.5526234695405936,Tokyo,533956394,random_forest,-0.6237883849281683,-0.5660306697135823,21.954583326975506
276.113392301681,667.8861460978276,391.77275379614656,1.7864808017473168,178.64808017473172,0.9496303027170675,1.0561606824258292,0.8576530289360439,2.2408732662044204,Tokyo,533956401,random_forest,4.326492315931658,3.7151236913392465,38.199583530426025
524.0234170506913,622.4132518816347,98.38983483094337,0.25653626628707066,25.65362662870707,0.1941215963958094,0.26524426237380644,0.19073852149847392,-0.17002382019843876,Tokyo,533956402,random_forest,0.7345965014065305,0.6620801129974893,37.56791663169861
1266.1960775177888,606.13948148968,-660.0565960281087,-0.47033774939268785,-47.03377493926879,-0.6941029248176928,-1.779413749797049,-0.6489203925292715,-1.3154368766639817,Tokyo,533956404,random_forest,-0.0976293672428764,-0.24712977720317983,34.73249999682108
714.1877151550419,652.2188770282344,-61.968838126807576,0.017106605921420166,1.7106605921420168,-0.04862761417533257,-0.1670587087309301,-0.04858465996345446,-0.5473187202389322,Tokyo,533956411,random_forest,0.035005366681016725,0.20389003215662943,40.05041694641113
845.7354643070489,610.1523127146384,-235.5831515924106,-0.22167994997287357,-22.167994997287355,-0.29579490234476574,-0.6350969018211374,-0.2881771389097641,-0.9236002118451258,Tokyo,533956412,random_forest,0.037187119624319386,0.2641665740580966,42.06958325703939
572.5865094703992,598.7658597374844,26.179350267085272,0.1725026259565644,17.250262595656444,0.08965409679537854,0.07057560837407463,0.08622815154831161,-0.30244460666289524,Tokyo,533956413,random_forest,2.254145633045713,1.913653875387894,39.9991668065389
1601.3621032606777,641.0181807812971,-960.3439224793805,-0.5479930907063849,-54.799309070638486,-0.8619939738255065,-2.588943418605075,-0.7913576467633803,-1.4378066958159497,Tokyo,533956414,random_forest,0.28931671536773385,0.14285975004379925,39.12958304087321
499.0675113284308,615.826295454864,116.75878412643324,0.45625762835007705,45.62576283500771,0.2851527888122053,0.3147641992131734,0.2714624241928169,0.14469847118532234,Tokyo,533956421,random_forest,0.4576298212535637,0.5516144016813034,36.284583727518715
603.4636427958363,641.9582014722945,38.49455867645823,0.18648896976461937,18.648896976461938,0.10530670742382287,0.1037755662369626,0.1024941454019444,-0.280404830216931,Tokyo,533956422,random_forest,-0.14515318204114863,0.10234955521031976,40.19999980926514
952.5866809307521,650.740970377071,-301.84571055368104,-0.22618622306690903,-22.618622306690906,-0.32780180830465244,-0.8137308390046104,-0.31591918944660063,-0.9307012278761921,Tokyo,533956423,random_forest,1.6712050771252471,1.4656493835771034,32.12458356221517
760.0660654761905,638.0474268276325,-122.01863864855795,-0.010830718382264348,-1.0830718382264346,-0.10594451345036204,-0.3289439794243271,-0.10457095848862512,-0.5913425473807332,Tokyo,533956424,random_forest,0.9746479623170733,0.8878728110381328,37.175416707992554
762.1722440949478,599.0556457487908,-163.116598346157,-0.12044549867724415,-12.044549867724415,-0.20620191201912708,-0.4397379249959254,-0.19861262298659266,-0.7640742695541498,Tokyo,533956431,random_forest,1.6350166120028526,1.5786660694546086,47.1299999554952
817.7149749810195,617.9934408641055,-199.721534116914,-0.1480140928955261,-14.801409289552609,-0.22746432824430562,-0.5384193508204301,-0.2193384613959346,-0.8075170492998118,Tokyo,533956432,random_forest,0.7209721583916157,0.6782864276078853,47.14250008265177
324.0750473014261,552.6824682867277,228.60742098530162,0.7922096154004453,79.22096154004454,0.5375033138751609,0.6162913766103247,0.5144357327941511,0.674093915254366,Tokyo,533956433,random_forest,4.589960984300399,4.007135848053284,62.929583390553795
716.3940348464954,542.5282925022487,-173.86574234424663,-0.13667737628449048,-13.667737628449048,-0.23273679217304022,-0.4687160076995101,-0.22350140467265245,-0.7896525735535074,Tokyo,533956434,random_forest,1.6060333371940854,1.503488644108668,62.603750228881836
672.5424066915915,631.9678162825822,-40.57459040900924,-0.021648394054902334,-2.164839405490234,-0.05741072593259067,-0.10938302033588025,-0.05737307484741876,-0.6083891148584021,Tokyo,533956441,random_forest,2.717925358655559,2.37669246359331,49.068333307902016
1407.4832362633967,614.0174352978174,-793.4658009655792,-0.5028805762814104,-50.28805762814104,-0.7860103858711053,-2.1390649903781185,-0.7239127867097733,-1.3667180863489665,Tokyo,533956442,random_forest,1.9499546806078014,1.4482392911280628,49.16416645050049
495.3489396562759,583.7745468545768,88.42560719830082,0.23967058587342513,23.96705858734251,0.17942689018235494,0.23838219666258553,0.17570683505158527,-0.19660087500469536,Tokyo,533956443,random_forest,1.7159842022883687,1.7067656493960321,50.05250024795532
848.077294023802,621.554397665899,-226.52289635790282,-0.20183663206912902,-20.1836632069129,-0.2832639656633986,-0.6106718103396377,-0.27486412456529535,-0.8923309754709379,Tokyo,533956444,random_forest,1.798166946153677,1.5936488960576898,46.34833367665609
1581.3135430008208,627.3753887850804,-953.9381542157406,-0.5409348615668407,-54.093486156684065,-0.860545952472583,-2.5716744265293574,-0.7829327203522293,-1.4266842899552876,Tokyo,533956451,random_forest,0.5556558197049827,0.409196184986529,46.20250018437704
1390.6252489207584,591.4017038006763,-799.2235451200822,-0.5400124293807286,-54.001242938072856,-0.8209661171507824,-2.154587006487022,-0.7628622653169442,-1.4252307149933476,Tokyo,533956452,random_forest,-0.43823656367984976,-0.02815955034124561,45.74666659037272
609.5472412358529,659.2946172149076,49.74737597905465,0.16759853322698925,16.759853322698927,0.10515834448026133,0.13411147675234134,0.10234469956226379,-0.31017250960260895,Tokyo,533956453,random_forest,1.7597422341617734,1.6738367187350849,39.486250162124634
1048.1273089477727,626.8671818369579,-421.2601271108147,-0.3401860839037214,-34.018608390372144,-0.4784255578602807,-1.1356542256117603,-0.45715100548861726,-1.1103429900261663,Tokyo,533956454,random_forest,-0.0223737893511505,-0.08107418354120037,38.15749963124593
1124.9453886681852,628.0640263731029,-496.88136229508217,-0.36167919672291254,-36.167919672291255,-0.5224928342400216,-1.3395177525778499,-0.49504620964293755,-1.1442119845370868,Tokyo,533956461,random_forest,-0.3936441975527493,-0.5116848103291987,38.440000216166176
429.26614246965465,679.5224625234962,250.2563200538415,0.6783047819986435,67.83047819986434,0.4847519391129664,0.6746535669169389,0.4684372653361483,0.49460189798787313,Tokyo,533956462,random_forest,2.5455301606166536,2.311895611643433,38.290416955947876
1057.273857723308,651.3965060084142,-405.8773517148938,-0.2914007374021646,-29.14007374021646,-0.42474439753913135,-1.0941845664730523,-0.40196307089292893,-1.03346670659647,Tokyo,533956463,random_forest,-0.3996593118998605,-0.6494620841791741,33.363333543141685
1004.2588221469623,639.6605571126682,-364.598265034294,-0.28010588259352626,-28.01058825935263,-0.3979857340123642,-0.9829023296762013,-0.38120745093586267,-1.0156681969653363,Tokyo,533956464,random_forest,0.8483986948059686,0.5047245676029456,34.02041673660278
1017.431138776322,639.7408181540796,-377.69032062224227,-0.3179449496380021,-31.794494963800208,-0.4246393724936844,-1.0181965512118805,-0.4082821371635203,-1.0752952581922885,Tokyo,533956471,random_forest,-0.1257769892393798,-0.10305623231925125,34.21583342552185
1265.1212944509675,661.5266290086475,-603.59466544232,-0.38994612807257195,-38.99461280725719,-0.5837299481942936,-1.6272008392239066,-0.5458923346822931,-1.188755208721317,Tokyo,533956472,random_forest,-0.27463550806639014,-0.5580669049859734,27.665833314259846
1237.6565476896728,611.1113803928317,-626.5451672968411,-0.4747840249179695,-47.47840249179694,-0.6858443535799642,-1.6890719557469789,-0.648404046635487,-1.322443348114936,Tokyo,533956473,random_forest,2.483825950879958,2.092723984174985,31.662083387374878
1152.5888088164538,661.3315977626513,-491.2572110538026,-0.3544539065314482,-35.44539065314482,-0.5069779774437052,-1.3243558829595592,-0.4798746098255038,-1.1328263227256432,Tokyo,533956474,random_forest,-0.8473292892645778,-1.1367773871293427,24.232083161671955
1563.2969985080424,689.4497243711595,-873.8472741368829,-0.5117704039321843,-51.17704039321843,-0.7835463900453993,-2.3557614061864824,-0.7237931384794357,-1.380726737698819,Tokyo,533956481,random_forest,0.5882326674258105,0.3560588180403775,28.400416612625122
1330.2493389778326,677.481810123605,-652.7675288542275,-0.40304817573100027,-40.304817573100024,-0.6065686102035714,-1.7597635161194412,-0.5665242153906758,-1.209401505233049,Tokyo,533956482,random_forest,-0.549372907488231,-0.6538580309283705,28.85249972343445
1480.0761007634144,647.8346362388997,-832.2414645245145,-0.49574620096339306,-49.57462009633931,-0.7748943674201382,-2.2435983732872042,-0.711883099176431,-1.3554756888183017,Tokyo,533956483,random_forest,-0.6513676154941174,-0.9679598314522408,24.394583264986675
1536.9157225930046,648.9059455539915,-888.009777039013,-0.5018588010829996,-50.18588010829996,-0.7883968322520118,-2.3939413933985456,-0.7216300298968745,-1.3651079659872725,Tokyo,533956484,random_forest,-0.7057629620766045,-0.9033978245177388,24.091249863306682
1073.7567707229814,686.885267694046,-386.8715030289355,-0.29777270964220065,-29.777270964220065,-0.40543587336280035,-1.04294764424265,-0.3906603130872442,-1.0435077041307508,Tokyo,533956491,random_forest,-0.47224087107617246,-0.6353956233104454,22.852916836738586
1492.2235456647156,708.7418343103817,-783.481711354334,-0.43110797696980246,-43.11079769698025,-0.6682060580690692,-2.112149379746604,-0.6160752776472525,-1.25361833236876,Tokyo,533956493,random_forest,-0.6482149312565325,-0.8181224839683555,18.847499926884968
290.98604008753114,665.2162489471253,374.23020885959426,1.4395380293404108,143.95380293404108,0.8580909186964626,1.0088686079971017,0.7977057811089625,1.6941584672311905,Tokyo,533956502,random_forest,3.135614772663566,2.633714666905544,37.364583333333336
673.7812514324902,585.7292440798268,-88.05200735266335,0.005596002857978,0.5596002857978001,-0.0968940717319106,-0.23737502741944827,-0.09538968855605094,-0.5654572074488914,Tokyo,533956511,random_forest,0.006511124067332777,-0.10256594770338841,53.644999504089355
546.7456324564772,601.4281044565543,54.68247200007705,0.21089437961145283,21.089437961145283,0.12085332294326545,0.14741575667200146,0.11661269777157825,-0.24194661808671275,Tokyo,533956512,random_forest,-0.9964390453602529,-1.1813605442760566,45.36541668574015
1202.0194317738403,652.8284931949132,-549.1909385789273,-0.4071590033063434,-40.715900330634334,-0.5727341202978872,-1.480536537702706,-0.5442154976254834,-1.21587937550507,Tokyo,533956521,random_forest,-0.5937385034280129,-0.7302683820926938,31.37541667620341
567.7536278570104,653.284276604802,85.53064874779155,0.3430055636478426,34.30055636478426,0.21069216854042858,0.2305778221545123,0.19962503907883153,-0.03376490868981017,Tokyo,533956522,random_forest,0.9304082696124574,0.9474453858217597,36.18999965985616
874.0910773555714,660.7296631735809,-213.36141418199054,-0.18238873739978556,-18.238873739978555,-0.2479404463060828,-0.5751904251183472,-0.24141971750609617,-0.8616848497400564,Tokyo,533956523,random_forest,-0.227093212731812,-0.5303170497196258,32.09166638056437
828.1311593580609,654.5837504029405,-173.54740895512043,-0.10912197184875784,-10.912197184875785,-0.1876005892668172,-0.4678578285478446,-0.18085068169245766,-0.7462305783575995,Tokyo,533956524,random_forest,0.5601973349700932,0.57751254472776,36.15833322207133
320.84756970046084,518.7584356154523,197.91086591499143,1.212804344649051,121.28043446490511,0.6049646099180512,0.5335380604671341,0.5389087721862563,1.3368699726862932,Tokyo,533956532,random_forest,1.328119080240433,1.470642837753703,63.773749669392906
719.8029377284284,603.9116022565617,-115.89133547186675,-0.09836887581758752,-9.836887581758752,-0.1530740185101329,-0.312425687527256,-0.1484654381700098,-0.7292857759216342,Tokyo,533956533,random_forest,2.0787674097466415,1.8420405485381277,45.49999984105428
896.0291324471586,630.7617119442888,-265.2674205028699,-0.21678897840217673,-21.678897840217672,-0.3085964083191254,-0.7151212460513025,-0.2986250097225606,-0.9158929853175151,Tokyo,533956534,random_forest,1.076853031142893,1.1553658596556575,43.97791655858358
787.8102985360719,653.2147751957966,-134.59552334027518,-0.07132172409060943,-7.132172409060943,-0.14747072533351768,-0.3628493773625073,-0.141178791769776,-0.6866646888281395,Tokyo,533956542,random_forest,0.24987051871786103,0.3118511049224692,40.46916675567627
766.1349640120416,651.0573819234943,-115.07758208854729,0.017106211998166563,1.7106211998166556,-0.09202782607419491,-0.31023193025259826,-0.08913611256784232,-0.5473193409858955,Tokyo,533956543,random_forest,0.45155277677810707,0.45733945352078403,43.46124998728434
710.9729554373425,674.1263706704798,-36.846584766862755,0.06459721049475392,6.459721049475391,0.00020039518761098366,-0.09933287533486894,-0.00017538184384232927,-0.47248270001489345,Tokyo,533956544,random_forest,1.6625416764223906,1.509496546783779,38.49583379427592
478.1272055198506,631.3855524026709,153.25834688282035,0.40042339289855716,40.04233928985572,0.2982951240732699,0.4131615551688885,0.2902489519114017,0.05671450022973064,Tokyo,533956551,random_forest,1.4092409282187928,1.1708846277549996,32.86708323160807
568.823061181295,673.7896605179795,104.96659933668457,0.3140669051069108,31.40669051069108,0.2170760494191384,0.28297423471423083,0.20999156506091587,-0.07936664518658564,Tokyo,533956552,random_forest,1.962161058149844,1.7080932078124993,31.3791667620341
1250.1888932731695,667.7673756027588,-582.4215176704107,-0.43339679474786824,-43.33967947478683,-0.597066475624514,-1.5701212031767342,-0.5721498567237635,-1.2572250671127656,Tokyo,533956553,random_forest,1.7265422423375225,1.4995786720736077,32.34458343187968
481.5150223310537,712.8804020495901,231.36537971853645,0.6166462358954138,61.664623589541385,0.4245620240978003,0.6237264203941791,0.4074392570098109,0.39743993838298164,Tokyo,533956561,random_forest,-0.18407117501110587,-0.20496388368036506,30.25208346048991
841.362209421403,666.1935783633415,-175.16863105806144,-0.10923655638889133,-10.923655638889132,-0.18391891279991826,-0.47222840058486004,-0.17756880125025376,-0.7464111414613931,Tokyo,533956562,random_forest,-0.28921900861955024,-0.21318044673861278,29.23916681607564
700.7661997261098,644.4842068701453,-56.281992855964575,-0.021802335775762672,-2.180233577576267,-0.05913969246996512,-0.15172782539638124,-0.058307808289056046,-0.6086316972773697,Tokyo,533956564,random_forest,-0.8758617527772342,-1.1541022821857037,35.24999992052714
1191.6161175678,648.7240378892843,-542.8920796785159,-0.40049548227374593,-40.0495482273746,-0.5758097744659949,-1.4635557572622566,-0.5459570467984551,-1.2053789533849697,Tokyo,533956571,random_forest,-0.17459191841967556,-0.331032746545918,26.919583241144817
1207.136010975599,670.8640002658736,-536.2720107097254,-0.3413425856897329,-34.13425856897329,-0.5075222728058287,-1.4457090425736137,-0.47773975971865545,-1.112165413468122,Tokyo,533956572,random_forest,0.49523823223256175,-0.003984955834521907,22.30958338578542
916.7600183393806,672.4614951927823,-244.29852314659823,-0.15828234847719838,-15.82823484771984,-0.26068460566997087,-0.6585922385414013,-0.2499633423546399,-0.8236978368319864,Tokyo,533956573,random_forest,0.875242400263586,0.5665571605188221,29.858750184377033
203.2750190682735,691.8409209874052,488.5659019191317,2.896404065708124,289.6404065708124,1.271553904847802,1.317100516513704,1.090477855069356,3.989897953827412,Tokyo,533956574,random_forest,-0.8953201057337719,-1.2398915847838967,26.636249860127766
637.4727885216379,697.4160720838626,59.94328356222476,0.2870770304790366,28.70770304790366,0.16134960608242696,0.16159811691975548,0.1533795681244577,-0.12189747463469093,Tokyo,533956591,random_forest,-1.2152786654211631,-1.046680971639671,17.508749961853027
242.3121472258516,616.8217904788887,374.50964325303715,1.7381780091779098,173.817800917791,0.9603425471097986,1.0096219212809179,0.8766017588442185,2.1647573945688037,Tokyo,533956602,random_forest,3.372942998525465,2.8561187455700607,45.502500216166176
398.9107590885817,660.5193706335554,261.6086115449737,0.823003413650233,82.30034136502329,0.539749878697113,0.7052576449499147,0.5126844269380951,0.7226189936209207,Tokyo,533956604,random_forest,0.6567209084606914,0.2814614165668271,37.00749969482422
625.8249965757808,609.7140883771286,-16.110908198652226,0.051136614653599116,5.113661465359912,0.007631523767854216,-0.043432596148435344,0.00853951120891429,-0.49369399921073265,Tokyo,533956612,random_forest,0.08262054568363549,-0.0986478346346092,40.92666673660278
667.7960695724527,615.7520646517985,-52.0440049206542,0.0019048980300301287,0.1904898030030132,-0.04798264005578549,-0.14030284449482816,-0.04741535368858518,-0.5712736757384624,Tokyo,533956613,random_forest,-0.5500142054549841,-0.48696299767904644,33.01624997456869
1102.2743834165387,634.0349114085271,-468.2394720080115,-0.38068467113015236,-38.06846711301524,-0.5225722363445464,-1.2623035050365352,-0.5023078648883187,-1.1741609413862544,Tokyo,533956614,random_forest,0.1363511751733335,0.03845616202710574,33.74041636784872
1179.1654869586134,645.8249665553577,-533.3405204032558,-0.39680430448295695,-39.68043044829569,-0.5640216821306329,-1.4378061836519425,-0.5347669094866653,-1.1995623701200535,Tokyo,533956621,random_forest,-0.6484246825294903,-0.9134475433646209,30.262916564941406
858.7672633128522,676.7706226491916,-181.9966406636604,-0.12044557652235109,-12.044557652235108,-0.19968209565247677,-0.4906356920944987,-0.1917929069464643,-0.764074392223003,Tokyo,533956622,random_forest,-0.3488043829200296,-0.4228119979173774,31.31999985376994
1175.2603236400234,668.4728752765187,-506.7874483635046,-0.354253044454826,-35.4253044454826,-0.5141166648848333,-1.3662230773377184,-0.485272013690851,-1.1325098028884377,Tokyo,533956623,random_forest,-0.520891788636312,-0.6772254628822316,27.58250029881795
782.4896752708036,661.9976733381309,-120.49200193267266,-0.05112599354540318,-5.112599354540318,-0.1196486057745932,-0.3248283954281396,-0.11590735634517903,-0.6548401181978272,Tokyo,533956624,random_forest,-0.6107309031493328,-0.9841850109237957,29.074166695276897
717.3586463906104,641.5948153450565,-75.76383104555386,0.0573428104457083,5.734281044570829,-0.057927244217120775,-0.20424794405663046,-0.05504393591625039,-0.4839142333394552,Tokyo,533956631,random_forest,0.6352308409013466,0.4977725666397545,31.62791697184245
441.3687818598168,685.7019540159604,244.3331721561436,0.8603779734733995,86.03779734733995,0.5211946479534124,0.6586856470829912,0.4868082259230191,0.7815140811844417,Tokyo,533956633,random_forest,-0.5096568276496791,-0.5395960161798983,30.353749831517536
1083.1087381152,636.8760780928596,-446.2326600223402,-0.346465857079219,-34.64658570792191,-0.4907130569220927,-1.2029764350971652,-0.4690495598094817,-1.1202386996425437,Tokyo,533956641,random_forest,0.902764130376458,0.7270141180534031,41.385416428248085
844.5510709959921,640.0523674895064,-204.4987035064856,-0.13511564875974355,-13.511564875974356,-0.22595021263827644,-0.5512978841887283,-0.21679419964434624,-0.7871915926147213,Tokyo,533956642,random_forest,0.9262397882878286,0.7610795841179555,38.14166680971781
244.53073345551627,635.8883792600742,391.357645804558,1.8224131938752048,182.24131938752046,0.9893775162354889,1.0550416134363998,0.8983377875691211,2.2974957760279873,Tokyo,533956643,random_forest,1.2402112943913426,1.307797692483315,41.03875001271566
327.5672286637195,672.478359994247,344.9111313305273,1.2353728540588083,123.53728540588082,0.7528848938760855,0.9298287650495046,0.7032993657930651,1.3724335845162285,Tokyo,533956644,random_forest,4.105237292200753,3.627464669888001,38.78999956448873
1574.3057522793606,671.0722055093946,-903.2335467699662,-0.5411193403793125,-54.11193403793124,-0.8241939001862085,-2.4349823970730977,-0.7656750450657497,-1.4269749929325413,Tokyo,533956651,random_forest,0.15171244419177343,-0.013255707810168384,31.632083495457966
516.7731887800819,656.9230945923376,140.14990581225575,0.3353106981414636,33.53106981414636,0.2638828766812063,0.37782316082554396,0.25896704177764207,-0.04589053050132919,Tokyo,533956652,random_forest,2.124953655620883,1.783514909933081,28.177916685740154
690.4954924453095,690.1222167326911,-0.37327571261842724,0.08753581314393712,8.753581314393713,0.036393537165142854,-0.0010062954290517266,0.03423804650998752,-0.43633589272136486,Tokyo,533956653,random_forest,2.9047570474522275,2.533402596053548,28.61833357810974
1125.1111836200275,648.6685540060735,-476.44262961395407,-0.35837641224270333,-35.837641224270335,-0.5122750562063553,-1.2844179896483137,-0.4861140033292894,-1.1390074341133307,Tokyo,533956654,random_forest,-0.9533799048606951,-1.2517850524052256,26.597916682561237
517.4839608259373,640.4759820580638,122.99202123212653,0.333556634788559,33.3556634788559,0.24735589645204462,0.3315680731208942,0.2411383661366697,-0.04865459555654474,Tokyo,533956702,random_forest,1.4524858363872868,1.1759205491663514,35.617083390553795
856.8105662585854,658.1516110237576,-198.65895523482774,-0.020294923035983622,-2.0294923035983636,-0.16241104580771396,-0.5355547972588023,-0.1599344495387283,-0.6062563059490516,Tokyo,533956711,random_forest,1.130425971122591,0.8227705991489332,31.535833438237507
877.9067907032946,639.8247308911451,-238.0820598121495,-0.11631506445799152,-11.631506445799152,-0.23323164579343092,-0.6418335842093472,-0.22344270683703402,-0.7575655029982569,Tokyo,533956712,random_forest,-0.29835111184426816,-0.277302783363914,31.639583190282185
867.4030187818917,686.882702905707,-180.52031587618467,-0.0766874549212255,-7.668745492122551,-0.18003145342705543,-0.4866557415238832,-0.17349142649583613,-0.6951200442518984,Tokyo,533956713,random_forest,2.0843053240793386,1.651908502703406,27.516249815622967
841.0016396105902,641.990284514394,-199.0113550961962,-0.14184131008710016,-14.184131008710017,-0.218355657528947,-0.5365048145187145,-0.21099123054685462,-0.7977899358372609,Tokyo,533956714,random_forest,-0.28506162676952634,-0.23162131576076017,26.933333317438763
548.5503276369687,700.1450036789223,151.59467604195353,0.43163600865749713,43.163600865749714,0.28793402459904316,0.40867654769045586,0.2758583613710654,0.10589955409810704,Tokyo,533956721,random_forest,-0.6145509197112192,-0.963000273345864,26.039999961853027
317.2042649008157,644.981653462679,327.77738856186335,1.1686547908493758,116.86547908493759,0.7388052333309592,0.8836387600537084,0.6961982638160018,1.2672988031735346,Tokyo,533956752,random_forest,6.343511031642221,5.372613737966828,30.612500031789143
969.9053447922737,657.537451874153,-312.3678929181206,-0.23545042157714255,-23.545042157714253,-0.338766756093789,-0.8420970671278099,-0.32406221103003197,-0.9452998153926087,Tokyo,533957001,random_forest,-0.46248650547153064,-0.36306158255296106,35.79749997456869
448.8669801587301,667.4269432069983,218.55996304826826,0.8175649313992607,81.75649313992606,0.48962333762189597,0.5892049344608953,0.45670909232892837,0.7140489960102698,Tokyo,533957002,random_forest,-0.08174451692682017,-0.22265922129939014,27.18666664759318
780.7766359921517,647.983480783826,-132.79315520832571,-0.09195626603592925,-9.195626603592926,-0.1481866763691055,-0.3579904627550539,-0.14490661493560555,-0.7191807414707039,Tokyo,533957003,random_forest,0.07862011540378304,0.008565226998280363,33.049166679382324
361.8764510368664,614.3747351296387,252.49828409277234,0.8475621351005805,84.75621351005806,0.5677357643166103,0.6806975662670403,0.5416814053840442,0.761318795226873,Tokyo,533957201,random_forest,0.6215848656771449,0.6704681124897438,38.44958305358887
705.905813876088,638.3670234925702,-67.53879038351785,-0.002902710999875264,-0.2902710999875257,-0.05904336715674363,-0.1820744660022676,-0.05898738447717403,-0.5788495390028626,Tokyo,533957203,random_forest,-0.2928880777751667,-0.14103469422824114,37.34083350499471
1461.4024548837333,636.7560980525142,-824.6463568312191,-0.5089622258109564,-50.896222581095635,-0.7968815505618846,-2.22312310019401,-0.730682929503573,-1.3763015913659606,Tokyo,533957301,random_forest,-0.12892670842041853,-0.20043979725147978,30.044583161671955
670.8586718830005,640.7830451851672,-30.075626697833286,0.04417367420662419,4.417367420662418,-0.012929244672604997,-0.08107938622525139,-0.01229754972007127,-0.5046662484964616,Tokyo,533957302,random_forest,-0.30660125138477257,-0.34822240178639396,38.43624989191691
770.6135464420835,664.9691415174923,-105.64440492459113,-0.07191220919573137,-7.191220919573137,-0.12526393252839627,-0.28480149708849983,-0.12240630285437017,-0.6875951793044328,Tokyo,533957304,random_forest,-0.9868932620351649,-1.238445799459808,26.911250193913776
300.75205427392683,706.0834206343943,405.3313663604676,1.6425778662234212,164.2577866223421,0.908641152138533,1.0927126717102396,0.8290971541930027,2.01411003398371,Tokyo,533957313,random_forest,-1.2448999096855033,-1.690512773299526,22.383749683698017
