vulnerability_z,standardized_residual,svi_decile,city
-0.7672270904253079,-0.0991557377145416,2,Tokyo
-1.094432266236513,1.0672675805524274,1,Tokyo
-0.9889884372526202,-0.8757150053623096,1,Tokyo
-0.8511966135710805,0.1857339082340776,2,Tokyo
-0.217283684939958,0.8614422217155339,5,Tokyo
-0.3589262673080025,1.0795951313417758,4,Tokyo
-0.7295914368584739,-0.2309974180937004,2,Tokyo
-0.6838352417854535,-0.3884898126461961,3,Tokyo
-1.003720548187924,1.4213482980913568,1,Tokyo
-1.3707174288304234,-1.1312103563985725,1,Tokyo
-0.5550526196154486,-0.0016115085657556,3,Tokyo
-1.2605773623211216,-1.2392458151174226,1,Tokyo
1.10470105206721,-0.7403067196863343,9,Tokyo
-0.7483863315036661,0.0138003716092099,2,Tokyo
-0.4271146785220182,-1.3886601419621758,4,Tokyo
-0.7290277315438745,-2.015904437793349,2,Tokyo
-0.9895174952894517,-0.5600866231754339,1,Tokyo
-0.1712965835217437,-0.1066509184237842,6,Tokyo
1.959913616061236,-0.7254784570729106,10,Tokyo
-0.2706989005270767,-0.5225973666709433,5,Tokyo
0.0315912923931763,-0.3805970902743847,7,Tokyo
1.1849429851642084,-0.6627556512905552,10,Tokyo
-0.6440689004743989,-0.2686286935963714,3,Tokyo
-0.8729570865455304,-1.188993461576767,2,Tokyo
-0.3965207327537694,-0.8571118542071124,4,Tokyo
-0.1827724231598424,0.0726287433660749,5,Tokyo
-0.5638105754136208,0.2626891442191746,3,Tokyo
0.0843323014516906,-1.2701713405563393,7,Tokyo
-0.313274612777816,-0.4350159206245582,5,Tokyo
-0.0748661499344326,0.0293234262440733,6,Tokyo
0.6412042151815472,-1.1863827785173828,9,Tokyo
1.24942294020574,0.2402158705150685,10,Tokyo
0.5486933763935604,0.3663304429895673,9,Tokyo
-0.8932781985281572,-0.7888388852283669,2,Tokyo
0.5288862184427702,0.0810039970394574,9,Tokyo
-0.0954773613110194,-0.0297812440856507,6,Tokyo
-0.7178364231401362,1.0804695459186129,2,Tokyo
2.106392149061337,1.0749835722037728,10,Tokyo
-1.6424568217034032,1.0923885503046602,1,Tokyo
0.855542639151255,0.0657408572229686,9,Tokyo
0.4507117529582871,0.6634516821787022,8,Tokyo
-0.4880727083039258,0.7339589129574157,4,Tokyo
0.0878669676906759,0.2131314531646815,7,Tokyo
-0.6412330415985392,-0.9341460630195232,3,Tokyo
0.1394393642936988,-0.1770765218256507,7,Tokyo
2.5121258655839527,-0.0958707775293295,10,Tokyo
-0.8652786762532623,-1.014665265538063,2,Tokyo
1.2605842662958373,0.0344015298032647,10,Tokyo
-1.3156626643754776,-1.20328103122813,1,Tokyo
-0.768255979010951,-0.6548467997560075,2,Tokyo
-0.920406223290259,0.3557396314483966,2,Tokyo
-0.8358379704692397,-0.1594456318838496,2,Tokyo
1.619268118286154,0.8660598606615246,10,Tokyo
0.2779746766180522,-1.000596351575325,8,Tokyo
3.997846642190084,0.2267270503693205,10,Tokyo
1.0323081593705823,-0.1405399475539801,9,Tokyo
-0.1160156089044266,-0.6448082274919583,6,Tokyo
0.2606090661156766,-0.671219176971651,8,Tokyo
-0.1989447330536101,0.6859796042970396,5,Tokyo
0.3669294682543293,-0.4185068683147921,8,Tokyo
-0.5208322501764118,-1.1910460530350098,3,Tokyo
1.0740018590798428,-0.5542762502810336,9,Tokyo
1.8419217316283008,0.4374569717891906,10,Tokyo
-0.3093918971662682,-0.7111805208660266,5,Tokyo
-1.3585907431166564,0.3161535266225344,1,Tokyo
-1.2677569326402314,0.2653482983441091,1,Tokyo
-1.299155384952046,0.5939480729604087,1,Tokyo
-0.7771877236443354,0.5128053092420386,2,Tokyo
-0.8763891777836519,-1.4872474294549798,2,Tokyo
-0.1710863439884366,-0.9809462823633374,6,Tokyo
1.0578002549940309,0.2446341919063232,9,Tokyo
-0.438046092665498,-0.1139999681727209,4,Tokyo
-0.3355825026380329,-0.6410704900827222,5,Tokyo
-0.8000966007761677,-1.856053062138472,2,Tokyo
4.257570135807921,0.7207029911763464,10,Tokyo
5.4014673505779385,1.295545774686666,10,Tokyo
-1.1784977925550126,-0.5317223402602972,1,Tokyo
-0.5664771790069886,0.2062987722425967,3,Tokyo
-0.5359731519654474,0.5051588259892557,3,Tokyo
1.0107989951472347,-0.5827211254825783,9,Tokyo
0.0528403245062145,-0.1410203470582259,7,Tokyo
-0.5802057368212431,-0.3495569620433512,3,Tokyo
0.1505963918964026,-0.3337544133189288,7,Tokyo
-0.6559155758397764,-0.5879650811327073,3,Tokyo
-0.6733484580378819,-0.1182799439327493,3,Tokyo
-0.1733862936081797,0.628464013859835,6,Tokyo
-0.3627676035218165,0.2957041882621845,4,Tokyo
-0.988273973085242,0.8920180273442999,1,Tokyo
-0.7996962340329021,-0.8612695974266374,2,Tokyo
-1.2159941651738493,-1.3161474420434571,1,Tokyo
-1.0389478870310171,-0.977125337354516,1,Tokyo
0.508568555027254,0.314201313375075,8,Tokyo
2.267687864441375,-0.2178573722360681,10,Tokyo
-1.6298242938005774,-1.2446950025735737,1,Tokyo
6.230166281577792,0.9177965776234994,10,Tokyo
1.4511848875287905,0.7851576225862996,10,Tokyo
4.276434404214911,1.0770010751927923,10,Tokyo
1.1760805820284843,-0.5880644036867564,10,Tokyo
0.0553701891290037,1.0449191267927185,7,Tokyo
-0.3328000943875379,0.2792937320998878,5,Tokyo
2.417426474980798,0.4626908489717815,10,Tokyo
-0.6543339438946388,-0.3914107321858834,3,Tokyo
-0.2889438491394975,0.9770344862862927,5,Tokyo
-1.134770549649562,-0.4428399072204397,1,Tokyo
-1.4181734822104677,1.0916007229102518,1,Tokyo
-0.6911401519762275,1.07238907971759,3,Tokyo
0.1289553889717527,0.9097639780989142,7,Tokyo
-0.8260450484038658,0.232571673944797,2,Tokyo
-0.0917041510239661,0.5142321476080314,6,Tokyo
-1.0602859282166477,-0.8266579444286859,1,Tokyo
1.5491745655346272,0.8623490970647504,10,Tokyo
-0.3833865243234781,-0.9414012117477564,4,Tokyo
0.1328134207229222,0.3836293823583522,7,Tokyo
-0.746625317269985,-0.4899082779630573,2,Tokyo
-1.166789497698423,-1.824216101622712,1,Tokyo
-1.058171556943503,0.5363427407738323,1,Tokyo
-0.1343208010387059,-1.5953488959012148,6,Tokyo
0.8430306077501228,-0.9485076752771722,9,Tokyo
-0.4381974022718191,0.8287998448080914,4,Tokyo
-0.8778758184384082,0.9836189724214136,2,Tokyo
-0.8777997889602421,0.9569453087210024,2,Tokyo
-0.3029681813500349,1.160382699367056,5,Tokyo
-0.6944368723794563,-0.2930194527720932,3,Tokyo
-1.51238496277472,-0.854549215158856,1,Tokyo
-1.7485823480484677,-0.6030288901815912,1,Tokyo
-0.8166666041156313,-0.6857270013978195,2,Tokyo
-1.0375643610681056,-0.0729650586100306,1,Tokyo
-1.101338259634541,-1.0700866602239412,1,Tokyo
-1.2025626128647549,0.1173598283629553,1,Tokyo
-0.6121873769142973,-0.1594273075297793,3,Tokyo
-0.2723488468968197,1.088750707123109,5,Tokyo
-0.4871148285556755,0.6973281675793027,4,Tokyo
-0.7410288441479184,-0.797229402540831,2,Tokyo
-0.8251857825598464,0.5650549337251122,2,Tokyo
-0.1623154610369908,0.2561081045791334,6,Tokyo
-1.1573057883899842,0.6647202676384101,1,Tokyo
-0.4698809265058912,0.5722668441772113,4,Tokyo
0.0888073610347328,0.8747495503014234,7,Tokyo
0.2390743407730345,1.0749726016856396,8,Tokyo
-0.1944960733461572,1.4168960815567555,5,Tokyo
-0.4867067869980183,0.59220337832054,4,Tokyo
0.3814422482882128,0.3234074757407698,8,Tokyo
0.1582584050802149,0.5398222561269733,7,Tokyo
-0.036919019810031,0.7251040232127912,6,Tokyo
0.675221019754605,0.0559161194873807,9,Tokyo
0.0177924456587424,1.4208179411603172,7,Tokyo
0.2386553584578905,0.181252221134305,8,Tokyo
0.4500400207834966,-0.188156710569939,8,Tokyo
-0.5018344036981234,0.6624829789278596,4,Tokyo
0.2221256638725921,-0.2865403857966634,8,Tokyo
0.3633551347754216,-0.2222406421535527,8,Tokyo
0.6970511321515641,0.862343667792738,9,Tokyo
1.0678059746983863,0.4666258735765982,9,Tokyo
0.0657453334871872,0.041757200621733,7,Tokyo
0.4499241093429837,0.7512030621876143,8,Tokyo
0.2700500022810248,0.1973020773581978,8,Tokyo
0.3360708644343584,-0.2906002852919578,8,Tokyo
-0.3462709798712218,0.8284624776972046,4,Tokyo
1.194084223299521,0.619587368258884,10,Tokyo
-0.016162864098764,0.1394919027462318,6,Tokyo
-0.212698973546782,0.3686938823501932,5,Tokyo
0.1566113512830306,0.1743989631844789,7,Tokyo
0.5483349823593119,-0.5661274893613047,9,Tokyo
0.7218131083752737,-0.0028463274160726,9,Tokyo
0.0020292179322813,-0.0636735324659769,7,Tokyo
0.9747302757905636,0.3749844304387464,9,Tokyo
1.3643573731771468,0.4750111323590884,10,Tokyo
0.5804456242225298,0.1610187914233212,9,Tokyo
0.3411312856990955,0.1358441557635551,8,Tokyo
-0.060510149493803,0.6734574662914556,6,Tokyo
0.3017467461525938,0.347016391596783,8,Tokyo
0.466225627746872,0.4995134580825988,8,Tokyo
0.022186946756797,0.4148929439332605,7,Tokyo
0.8325098244181197,0.4273559919928791,9,Tokyo
-0.020734312551704,1.2369949122724315,6,Tokyo
-0.1462801401252908,0.7788641266139917,6,Tokyo
-0.0730816280916854,0.7516258752180094,6,Tokyo
-0.1388786065184378,0.1515528804584609,6,Tokyo
-0.1287502028510361,0.1500495453330315,6,Tokyo
0.0979291749168235,-0.1796609768783857,7,Tokyo
-0.5644249351881837,0.0489373230668395,3,Tokyo
-0.3606218308438998,0.2850450155093878,4,Tokyo
0.2518431078066623,-0.5402853415997209,8,Tokyo
0.3694523439152311,0.1594458670644392,8,Tokyo
-0.0746662416638955,0.0141760335578536,6,Tokyo
0.326866934208177,0.4098392875698924,8,Tokyo
0.8259420283109578,0.1142002798917633,9,Tokyo
0.8447777522870948,0.3821543641569664,9,Tokyo
0.2049122259589088,0.0375735466126255,7,Tokyo
0.4602048281927384,0.7575025157646728,8,Tokyo
0.6002373467585908,0.2966288049738102,9,Tokyo
0.0934904041128968,0.2836991983927888,7,Tokyo
1.056975473089152,-0.1221189206617962,9,Tokyo
0.0594219757369,-0.1074742435589425,7,Tokyo
0.2623375642243464,-0.050800957707881,8,Tokyo
0.0808352595316775,1.0719222171305218,7,Tokyo
-0.2774340837413672,0.4828190601042247,5,Tokyo
-0.6465756357840804,-0.5782025323922126,3,Tokyo
-0.3481905551211518,0.0959963535203809,4,Tokyo
-0.3072264726444994,-0.6381771745179138,5,Tokyo
-0.4026792448702485,-1.0398502753485996,4,Tokyo
-0.1517593990475016,-0.7071380966910418,6,Tokyo
-0.2895353366686192,-1.1510641883041943,5,Tokyo
-0.5856176643560475,0.540199335044326,3,Tokyo
-0.299422435316326,-0.2304186436482108,5,Tokyo
-0.0358185512639158,0.3120588643935714,6,Tokyo
-0.4051633043745516,0.8618628568129648,4,Tokyo
-0.9708303511496398,-0.1272966395738224,1,Tokyo
-0.0243395008391522,-0.7874650022631736,6,Tokyo
-0.2627746266295821,0.4643940774871737,5,Tokyo
-0.3359388152720458,0.4744319543663804,5,Tokyo
-0.048370617788422,0.3663990481753407,6,Tokyo
0.3782988354628981,0.0566054824514145,8,Tokyo
0.2782231384636678,0.4517363843366218,8,Tokyo
0.1379169003264594,-0.4490573606703213,7,Tokyo
0.328980515352566,0.1512252083343907,8,Tokyo
-0.6569991975788263,1.0690030950221538,3,Tokyo
-0.9233040792911912,0.7176263808747084,2,Tokyo
-1.0647963247710637,0.4428630423864014,1,Tokyo
-1.2562908541363669,-2.559990680917149,1,Tokyo
-1.235289955246076,0.0993612946288624,1,Tokyo
-1.0162895598405852,0.5310192963266785,1,Tokyo
-0.256809452329554,0.7286585873069238,5,Tokyo
-0.2626408806645055,-1.5177421663344215,5,Tokyo
0.0956936856406125,-0.1409879106804078,7,Tokyo
-0.3425867187826845,-0.2306999381359806,4,Tokyo
-0.6439601807413337,0.0863701622876524,3,Tokyo
-2.082210983168045,-0.6128420540721033,1,Tokyo
-0.941668525020325,0.0596742929760227,2,Tokyo
-1.5259748165253104,-0.9805737229168984,1,Tokyo
-2.3510414621296656,0.4285441358215412,1,Tokyo
-2.119912546930847,0.7402128241228833,1,Tokyo
-1.3573793101174374,0.6766709819111733,1,Tokyo
5.310680436500817,0.85869001118298,10,Tokyo
-1.0799265333359631,-1.1017807628801637,1,Tokyo
-0.6309555073251001,0.6146998997014333,3,Tokyo
-0.8988854456588176,0.758531211974372,2,Tokyo
-2.2215096265485057,0.6723285234890647,1,Tokyo
-2.0071698032062093,-4.0891882028708935,1,Tokyo
-0.7235225725808464,1.116969794392925,2,Tokyo
-1.5981345223186196,-1.1746826845203486,1,Tokyo
3.4606404193324334,0.8449918658437938,10,Tokyo
-2.6053445348505493,-0.6551963272270013,1,Tokyo
-2.3883402512997667,-4.026148430472322,1,Tokyo
-2.3015268035960825,-1.0365847505488337,1,Tokyo
-2.309103729740028,-2.9036208377732664,1,Tokyo
-2.405435637336001,-3.600544270623265,1,Tokyo
-1.0793378808127618,-1.1143228848309483,1,Tokyo
-2.0489254422671097,1.058752214299992,1,Tokyo
-0.0336535551322352,0.7277282588544907,6,Tokyo
-0.9266943358409088,0.9682597232767242,2,Tokyo
-0.9237246688394556,0.5460019158208921,2,Tokyo
-0.142186894620753,0.722419505743134,6,Tokyo
-0.8877997999239029,0.079724239870186,2,Tokyo
-1.6478208422548677,0.8231353609874722,1,Tokyo
-2.210350910778936,-0.0317639523452481,1,Tokyo
-0.8431527029307089,0.7350106648437497,2,Tokyo
-1.0875495290524506,0.8163782612218006,1,Tokyo
-2.47108364710372,-3.359463278348473,1,Tokyo
-1.8385464294257048,-2.194976252776374,1,Tokyo
-0.9879550230277404,0.0504643804956561,1,Tokyo
0.0757297152888169,-2.104300177276479,7,Tokyo
-0.939426400450978,-0.115304045527835,2,Tokyo
-0.6456060268172891,1.1279314484167626,3,Tokyo
-0.3514279718755138,0.5540126710335205,4,Tokyo
-0.6969189063735483,-0.1243684911333284,3,Tokyo
-0.3257217147056364,0.3868826478212894,5,Tokyo
-0.1090429284599345,0.2423522018093435,6,Tokyo
-0.9515064599348444,0.8913106873612294,2,Tokyo
-0.6060480347829948,-1.2177115067314392,3,Tokyo
-0.4677883945550803,-0.1210753935167123,4,Tokyo
-1.1488784170636626,1.2070513230998707,1,Tokyo
-1.5923268818720826,0.0956495980881449,1,Tokyo
-0.6967726741387482,-0.0224341862890548,3,Tokyo
0.3585277491361661,0.1968921823045804,8,Tokyo
-0.5146515098111212,0.6673963506501698,4,Tokyo
-0.4125691579810543,0.1665940879157993,4,Tokyo
-0.8148692412093728,-0.1012921083362871,2,Tokyo
-0.3414232259938348,0.0514469188948747,4,Tokyo
-0.0661545130170442,0.7059159350476851,6,Tokyo
-0.5329830534564702,0.407644222990415,3,Tokyo
0.4634093273586579,-0.0158244754155807,8,Tokyo
0.0367917873964068,-1.1098262411079922,7,Tokyo
-1.040384209865128,-0.3955944434689484,1,Tokyo
-0.0258450445494488,0.0001291704951027,6,Tokyo
-0.2679932580556837,1.066232213441262,5,Tokyo
-0.5971876600378583,0.2346284966015355,3,Tokyo
-0.9338360436512252,-0.8135371621903249,2,Tokyo
-1.3126453674358098,0.7441917555523792,1,Tokyo
-0.7720364073902826,0.404225178277388,2,Tokyo
-0.6504739495838873,-0.2121050181760961,3,Tokyo
0.3734805697021919,1.2259297207123028,8,Tokyo
-0.4192460469170565,-0.4985114683162028,4,Tokyo
-0.4107815552867029,-2.087834739049167,4,Tokyo
-0.3431272017693644,1.1233600646809,4,Tokyo
-0.1955895475685034,-1.005127277537721,5,Tokyo
-0.3471670443291714,0.956937644494261,4,Tokyo
-0.2098816412658937,0.4599944763071543,5,Tokyo
-0.6903601003915827,0.3004508396141286,3,Tokyo
-0.3063639451264258,-0.375662707902496,5,Tokyo
0.2954379384038,0.6085796625054893,8,Tokyo
-1.1478160557775925,-1.045293154853287,1,Tokyo
-0.9837620400510676,0.0652270175444992,1,Tokyo
-0.3073773614498839,0.6266279723778302,5,Tokyo
-0.2811657480533162,0.7440154152353605,5,Tokyo
-0.2916033122498009,-1.3436853272175862,5,Tokyo
-0.2960670515592664,-1.251912230802523,5,Tokyo
-0.2716615584462766,0.1565347435874936,5,Tokyo
-0.4230764788868879,-1.2848705362660635,4,Tokyo
-0.2021301548352011,-0.2302939331574688,5,Tokyo
0.2069148331093581,0.5209830229349831,8,Tokyo
-0.5702903543879948,-0.4745828325144137,3,Tokyo
-0.5430391273986581,0.5565860185241102,3,Tokyo
-0.5643495707785254,-0.2559219924055567,3,Tokyo
-0.4182687643875124,-0.4047761088721818,4,Tokyo
0.1530203111845586,0.4104804925318283,7,Tokyo
-0.254470841170311,0.5064975933349213,5,Tokyo
-0.1327459101686761,-0.1610855526489291,6,Tokyo
-0.5595809401308608,-0.8199114128856637,3,Tokyo
0.0753739138458271,-0.8315156461358045,7,Tokyo
-0.5295872181843538,-0.1577471443427522,3,Tokyo
0.6787346026866135,1.1047172717246383,9,Tokyo
0.6824497758129824,0.19893104853471,9,Tokyo
1.5949467098443944,0.5222862586041711,10,Tokyo
-0.266273799495301,0.4828987947869612,5,Tokyo
-0.5567474919804705,-0.6710630247391515,3,Tokyo
-0.2060784104354973,-1.1784935288330012,5,Tokyo
-0.6130740254078413,0.7983444637837332,3,Tokyo
-1.3699649487402124,0.529569248383349,1,Tokyo
-0.3180402350258745,1.137552579221082,5,Tokyo
-0.7698740519260426,0.5161655972287318,2,Tokyo
2.113113919606731,-0.6501952521030229,10,Tokyo
2.7972862771714198,0.392348878969855,10,Tokyo
5.174876345134694,0.9518440128994472,10,Tokyo
4.681146375306604,0.3380186609614862,10,Tokyo
-0.3263146833785575,0.1096633733486244,5,Tokyo
-0.1760489500625146,-0.2993720281058019,6,Tokyo
0.907505174622358,0.9786457184679956,9,Tokyo
0.1776936802137406,0.4152421799371752,7,Tokyo
-0.3656653005263991,0.2135206447599063,4,Tokyo
-0.5081803629440034,-0.5695263891184889,4,Tokyo
-0.1579187833642289,-0.2949530729666755,6,Tokyo
0.272068757168526,-0.6250810596193797,8,Tokyo
0.256089708601512,-0.4301207599613399,8,Tokyo
0.4600708692280306,0.7135448560765473,8,Tokyo
0.5587300464744742,-0.7376624918440601,9,Tokyo
-0.526486990344057,-0.1114430709991597,3,Tokyo
-0.9115581396292232,0.668302263424242,2,Tokyo
-0.9003063634909572,-1.2519769343724751,2,Tokyo
-0.8925504478860715,0.1884558425542289,2,Tokyo
-1.3822424488722618,-0.839538773714153,1,Tokyo
1.7759297975425614,0.7572534734384554,10,Tokyo
-0.9357537119803536,1.0589414866094131,2,Tokyo
-1.7035674141298107,-0.4542018080968682,1,Tokyo
-0.7463185864908843,0.457463716627257,2,Tokyo
-0.0917478273603325,0.1378868998353495,6,Tokyo
-2.299794038467616,-0.795312190965496,1,Tokyo
-0.0664313661763383,-0.5130616816744874,6,Tokyo
-1.1965785824139714,-0.9982925350406876,1,Tokyo
-0.9084375533883238,1.0468213066162282,2,Tokyo
-0.4494814956328449,-0.0943569204953344,4,Tokyo
0.6171103862515724,-0.533180613757915,9,Tokyo
0.5926351520618509,0.4790890636728511,9,Tokyo
-0.2564677901641182,-0.7413032352633994,5,Tokyo
0.4188621519611318,-0.2608807634219536,8,Tokyo
0.1614617765109629,0.5107828248656671,7,Tokyo
0.0131128075072552,-0.354030890858496,7,Tokyo
0.6442783597778552,0.2603643575719062,9,Tokyo
0.3964240492139695,0.0286206953482693,8,Tokyo
0.4095461656638055,0.1034647127871109,8,Tokyo
-0.010325926067065,0.7907949594088164,7,Tokyo
0.4189239616722103,0.3607941791314968,8,Tokyo
0.8369284041629541,0.5245549094227412,9,Tokyo
0.1281096918053271,0.6536582657391282,7,Tokyo
0.5543952051577701,0.9086251732351488,9,Tokyo
0.7044212473785492,0.5462666795560555,9,Tokyo
-0.0743006709470421,0.3159737758185506,6,Tokyo
-0.8277112490587542,0.0889514033995399,2,Tokyo
-0.97926698867886,0.4347351066899091,1,Tokyo
0.7031360600536636,-0.0280702077691822,9,Tokyo
1.914123524544112,1.224085270817465,10,Tokyo
-0.2985717749416063,0.7758959962857799,5,Tokyo
-1.479170323228538,0.4396676961901919,1,Tokyo
3.233891914551404,0.7650793889705995,10,Tokyo
0.7340984255828289,-1.111590338915894,9,Tokyo
-1.5080813108378708,1.2922627657954944,1,Tokyo
-1.115926482758803,-0.9344914654892996,1,Tokyo
-1.1358461195702665,-0.8869735163443333,1,Tokyo
-1.0222473712693667,-1.2935875014771725,1,Tokyo
-0.6146638681769548,0.1810916094606112,3,Tokyo
0.1758421967570689,0.7124589564517584,7,Tokyo
-0.6895692552833457,0.4229633515840551,3,Tokyo
-1.0924698040959342,0.5207955574571628,1,Tokyo
-1.7654952598436184,-0.0603587961889458,1,Tokyo
-1.3047096263957674,0.5217870559530303,1,Tokyo
-1.1095800365535062,0.1970878816369864,1,Tokyo
0.2037347573016126,-0.8299698497044199,7,Tokyo
-0.1034790865877708,0.4118829792989426,6,Tokyo
-0.6977949644824176,-0.7450077776809038,3,Tokyo
-1.0114849495704652,0.2163508800556968,1,Tokyo
-2.3465128083113167,-3.5069304273671147,1,Tokyo
-1.5893090037384294,-0.7714507201017343,1,Tokyo
-1.1775669025847038,-0.2535735608108823,1,Tokyo
-0.9951460398163782,-0.9056564057131296,1,Tokyo
-1.2843766384604025,-0.3955873104186412,1,Tokyo
-0.3046226671104285,-0.4735656458974271,5,Tokyo
0.4127250142754909,0.5680021575061308,8,Tokyo
0.3301265398774487,0.4345249318952446,8,Tokyo
-0.2298449411578019,-0.4018650935723411,5,Tokyo
-0.1394224718956068,0.1859903438171018,6,Tokyo
-0.8891607855828142,0.2077186310815152,2,Tokyo
-1.570035740735242,-0.572861917134431,1,Tokyo
-1.1740725983308282,0.299156857350742,1,Tokyo
-1.7410998460972165,0.7614718292560015,1,Tokyo
-0.5848631478663566,-0.3749070929172439,3,Tokyo
-1.4955280697709703,-1.4218408058847434,1,Tokyo
-1.5048289566841206,-1.453818124423589,1,Tokyo
-0.7058240706230289,0.944272102097039,2,Tokyo
-1.2761163390442425,-3.635329025134594,1,Tokyo
-1.3880822588412516,-1.0598768515703645,1,Tokyo
-1.6912243583404876,-2.2760065195351653,1,Tokyo
-1.0787273414335825,-0.2791145836437276,1,Tokyo
-2.3427458005209782,0.4774729005414607,1,Tokyo
-0.3775788678035093,0.6777374871394697,4,Tokyo
-1.0233555793085178,0.6697565839947782,1,Tokyo
-1.14580695065321,0.4509522277410915,1,Tokyo
-0.4744618789750935,-1.0560533540096566,4,Tokyo
-0.2940876623079179,0.2703994731004572,5,Tokyo
2.9595825859838287,1.170757010555937,10,Tokyo
1.6867176596329094,0.1614306666232688,10,Tokyo
-0.1053394405334726,-1.0553673637389298,6,Tokyo
-1.0322190895467678,-3.2148005751537347,1,Tokyo
-0.9566106600981202,0.3015232438867229,1,Tokyo
-1.1302915708309835,0.7703606498504675,1,Tokyo
-1.0669628835612697,0.3102717397193055,1,Tokyo
0.5764696041631182,0.792919688183651,9,Tokyo
-1.081978876942724,1.388167387904879,1,Tokyo
-0.9158496813028082,-0.4762574469877274,2,Tokyo
1.1007946508725446,1.0686089827286298,9,Tokyo
-1.1068715489298833,-0.1093887817846798,1,Tokyo
-0.9440725694384942,0.9632813580190036,2,Tokyo
-1.132685844541538,0.5152885823203598,1,Tokyo
0.7858584484098959,0.8595144471301346,9,Tokyo
-1.1425510243237238,1.018728918508132,1,Tokyo
-0.4559566286968836,-0.3625360660542471,4,Tokyo
1.5474650142086852,-0.1160712490601621,10,Tokyo
-0.5940897769075165,1.2128167701613748,3,Tokyo
0.3703231906918878,0.33493429259184,8,Tokyo
0.9763620812486196,0.9033077525682778,9,Tokyo
-0.9659987867914428,0.523099672052614,1,Tokyo
2.157503350934758,0.868392748970237,10,Tokyo
0.3636885783807022,1.2041908314313832,8,Tokyo
0.0467006278545223,0.1642024636546382,7,Tokyo
-0.5408349098936107,0.9973688718354596,3,Tokyo
-0.2339687205848769,0.9668894942821226,5,Tokyo
-1.4493298768215297,0.1967013689882759,1,Tokyo
-0.280059892113952,0.591311441312708,5,Tokyo
-1.132153890816202,0.5870836731957324,1,Tokyo
-0.6200142675275696,1.0958405985519457,3,Tokyo
-0.6477257787791111,0.995806270474744,3,Tokyo
0.8265172580020739,0.872942605228859,9,Tokyo
3.039625806202299,0.4696355931550151,10,Tokyo
-2.275621432317964,0.569288679687516,1,Tokyo
-0.4893932292308762,-0.811546025599851,4,Tokyo
-0.6487887520616594,1.2444742237345692,3,Tokyo
-0.3400695252585672,1.017160568356292,4,Tokyo
-1.863680168500116,-7.461974812502059,1,Tokyo
-2.1280004447021184,-1.8464872682259468,1,Tokyo
-0.5709816505620774,-2.7070513124391984,3,Tokyo
0.3408502922379439,0.7532452879634879,8,Tokyo
0.5867604987580501,0.878346597278077,9,Tokyo
1.2729955157186623,0.9791004665558504,10,Tokyo
-0.8184952984640728,1.1089029607159608,2,Tokyo
-0.2775083682113828,0.7417264849608479,5,Tokyo
-0.6175333931653887,0.0870873511413862,3,Tokyo
-0.3787286960458265,1.2258896312010443,4,Tokyo
-1.768786264236749,0.2667939931301742,1,Tokyo
-1.0749199426625042,0.3611832717813846,1,Tokyo
-1.8278841869735296,0.0037103272414817,1,Tokyo
-0.5862044854575252,0.8429097188838153,3,Tokyo
3.131855591731774,1.3470763798678744,10,Tokyo
0.1366977755326723,0.2597523340949117,7,Tokyo
-0.8937862390736036,0.8387760470572093,2,Tokyo
0.1253303858991893,0.1050182502616003,7,Tokyo
-0.7696417114321871,0.8042454900261959,2,Tokyo
-2.547541595263076,-4.618376191691691,1,Tokyo
-1.4952723913452135,-2.2173795218251184,1,Tokyo
-0.204841221927069,0.8840516271940975,5,Tokyo
-0.3875750217527329,-0.2788552544191804,4,Tokyo
-0.1248312263961946,0.0612090110512544,6,Tokyo
-0.3228643750243027,0.7076783263784207,5,Tokyo
0.0842185259853931,0.3917260389239937,7,Tokyo
1.7648241883164502,0.3631403353352351,10,Tokyo
4.535742025495598,0.6561617738567856,10,Tokyo
-1.239797679981416,-0.0738120605767982,1,Tokyo
-0.7227356281586939,-0.117726996789003,2,Tokyo
-0.2165156552910804,-0.0083537136742536,5,Tokyo
-0.7221082960217804,0.3464970997615587,2,Tokyo
-0.4528327116880892,-2.00179040677237,4,Tokyo
-1.045332706574807,-0.0520018744044257,1,Tokyo
0.6796329802238242,0.5867032491710316,9,Tokyo
-0.6360465309725176,-0.5993569410682512,3,Tokyo
-0.5817038258516491,1.0897629675142328,3,Tokyo
2.1444493673328258,1.3379332565855042,10,Tokyo
-0.6623651769420817,-1.4872664091862378,3,Tokyo
-0.7310589260740501,0.4871711609361372,2,Tokyo
-1.3023018856082866,-0.8058727246499763,1,Tokyo
-1.0403132707322122,0.0334417362967752,1,Tokyo
-0.3682729404029271,0.2080876462740527,4,Tokyo
-0.1068912599811515,-0.046933402944672,6,Tokyo
3.262109479945326,0.5324151265617187,10,Tokyo
-0.6212704630369077,0.0146081867370875,3,Tokyo
-0.6360125062266045,0.4471157823178866,3,Tokyo
-0.4750540402883103,-0.509416567224238,4,Tokyo
-0.394579735709746,0.6142250971366251,4,Tokyo
1.439290301608687,0.5720290002143308,10,Tokyo
-0.4018889814888439,0.0713185245261738,4,Tokyo
-0.2277344710508245,0.16847876440237,5,Tokyo
-0.5988226924986196,0.9881560257694753,3,Tokyo
-0.3558451899199107,0.9055562694823716,4,Tokyo
0.1267899025986691,-0.5776321426041229,7,Tokyo
-0.7584493691736061,-0.6603471929875522,2,Tokyo
-0.2699067827334481,-0.0024508815526532,5,Tokyo
0.3738068847231283,0.3791716971826481,8,Tokyo
-0.8534543844403575,-0.5447649181011563,2,Tokyo
-0.800497517951002,0.110730516617693,2,Tokyo
-0.8159634856261078,0.2418377724288138,2,Tokyo
1.685055214745072,0.613649731276494,10,Tokyo
-0.3802241778291679,0.8730393111399649,4,Tokyo
0.1183910222326972,0.8538376139618046,7,Tokyo
0.8966621522644888,-1.7421369375429083,9,Tokyo
0.7210425795357671,0.3041639332542032,9,Tokyo
-0.3897871885225996,-0.4898681465101482,4,Tokyo
-0.9857109109565748,-1.3146128342379648,1,Tokyo
1.2145528118292983,0.3616555419001855,10,Tokyo
-0.382853422584688,0.3765136407576199,4,Tokyo
-0.5338335724092851,-0.0848002187761061,3,Tokyo
2.3344782260077745,0.7573906424025418,10,Tokyo
-0.6150605792304633,-0.3776758874613954,3,Tokyo
-0.3033637459330011,-0.2830238517727798,5,Tokyo
3.0051661758949866,0.4311344058602169,10,Tokyo
-0.3140410976035565,0.7747892304079067,5,Tokyo
-0.8625598160289593,-1.0454179302014313,2,Tokyo
-0.7383689380206138,0.7395809340663142,2,Tokyo
-0.7901194125081952,1.0514970440944416,2,Tokyo
0.349576217008921,0.4650580501166324,8,Tokyo
0.0327498579795217,0.001712468577317,7,Tokyo
-0.0154245989958571,0.6555411002157511,6,Tokyo
-0.1650237871676375,0.9883252083165672,6,Tokyo
-0.5591705998598715,0.5904632091409474,3,Tokyo
-0.3112856887632128,0.6830247983005434,5,Tokyo
3.685514117377043,1.0928102856407504,10,Tokyo
-0.8661790698136552,1.138056687434072,2,Tokyo
-1.1808699505147602,0.692088646980641,1,Tokyo
-0.4524165662322415,0.4786211262975701,4,Tokyo
-1.4505977409821829,0.9541856426797556,1,Tokyo
-1.3861811494622789,0.773520807338317,1,Tokyo
-0.2325157449147017,0.0525079968322221,5,Tokyo
0.629191545468904,0.266259834805336,9,Tokyo
2.791919832581117,0.684975967414708,10,Tokyo
-0.8734848952321426,0.1053651465251052,2,Tokyo
0.5198099909813829,0.6552978612126326,8,Tokyo
-0.6259681789472127,-0.3223190810255927,3,Tokyo
-1.407362874762062,0.4315076777302786,1,Tokyo
-0.6720533913624664,0.246517818278302,3,Tokyo
-0.502876320804958,0.0123060188348771,4,Tokyo
-0.1344077262165591,0.517980002665671,6,Tokyo
0.8474917925290327,0.5372358811794712,9,Tokyo
0.0529925138343413,0.3235766561484643,7,Tokyo
-0.2237987826976951,0.0372436159441955,5,Tokyo
1.0475664058291716,0.6451246956620849,9,Tokyo
-0.7978841881067591,-0.5461504809152128,2,Tokyo
0.6500972948334742,0.6528884117074004,9,Tokyo
-0.0046703548938285,0.4795549461230071,7,Tokyo
-1.672925919772462,1.1977756021459165,1,Tokyo
-1.039272060832288,-0.6149500084167814,1,Tokyo
-1.4825064880405685,0.8491869219382112,1,Tokyo
-0.6725539868648003,0.6265954370810546,3,Tokyo
-0.9828874920857144,-0.6684172508534583,1,Tokyo
-0.4170508183405674,0.5321432558436928,4,Tokyo
-0.7856344258042702,0.0868657659331706,2,Tokyo
-0.2372325893626199,0.029434707805574,5,Tokyo
-0.5501631681497375,-1.5193985150479463,3,Tokyo
-0.5743691941346692,0.585628623391748,3,Tokyo
-0.3949043530558286,0.6789499379765879,4,Tokyo
-0.6840301032414845,0.1782797958693287,3,Tokyo
-0.5900858680293206,0.7416486809848464,3,Tokyo
-0.8677795398256202,0.8796136064276165,2,Tokyo
-0.5340818866300208,0.3442195845838273,3,Tokyo
-0.8001147503652415,0.5302341054608745,2,Tokyo
-0.6169529992132151,-1.2273363066810656,3,Tokyo
-0.5656615580495423,0.9950686402086985,3,Tokyo
-0.7714285734783067,-0.0567954577577014,2,Tokyo
-0.0932296422096707,-0.7120814762414498,6,Tokyo
-0.0500123908982519,-0.3993155889612951,6,Tokyo
-0.7528492427106255,0.8586697245170097,2,Tokyo
-0.0838663251953483,-0.6472473738883082,6,Tokyo
-0.3748708336566325,-0.4202566109450035,4,Tokyo
-0.2717770745270023,0.8270668397133002,5,Tokyo
0.2869660170764467,0.3349429403050088,8,Tokyo
-0.8598125684963436,0.5852568906941518,2,Tokyo
-0.7833967111337125,0.6732062543171621,2,Tokyo
-0.3715492655254636,-0.1272863903010274,4,Tokyo
-0.343355174827925,0.3529308934574,4,Tokyo
-0.45743733188202,-0.0916290096396008,4,Tokyo
-0.4048551102174605,0.8833000310180409,4,Tokyo
-0.2663382211646565,0.4726831223712632,5,Tokyo
-0.7640769842371756,-0.0472600622637301,2,Tokyo
-0.1768312378686842,-0.8684412946745806,6,Tokyo
-0.3373475635169226,0.1349734758308577,4,Tokyo
-0.2515595416981889,-0.5993070986277306,5,Tokyo
-0.3291152078871052,0.0352669773185256,5,Tokyo
-0.6778733586187385,0.5168633518087689,3,Tokyo
-0.5498503550426271,0.5853240166049504,3,Tokyo
1.8609490213470417,0.6100693800552109,10,Tokyo
-0.9160091664129664,0.2997697334688785,2,Tokyo
-0.5674986728119341,0.7033953925142186,3,Tokyo
-0.8662044541534447,-0.0489223633452756,2,Tokyo
-0.952315752876888,0.3782187209014807,2,Tokyo
-0.4461423155437959,0.5880377845625392,4,Tokyo
-0.5805341484421699,-0.1419193104116057,3,Tokyo
-1.0445895385656756,0.7990631198164287,1,Tokyo
-0.1748098363934031,0.2743006772691805,6,Tokyo
-0.8714642789098744,-0.4157372251897056,2,Tokyo
-0.5926555280879912,0.8214642617842213,3,Tokyo
-0.8024763504667531,0.4985286322526285,2,Tokyo
-1.028167390448791,1.2000187855797753,1,Tokyo
1.352018968017572,0.1315006639649936,10,Tokyo
-0.5446214895530569,0.6703351588774104,3,Tokyo
-0.4811593745965332,-0.5630168039100902,4,Tokyo
2.5542357947983207,0.6297409040635247,10,Tokyo
-0.5274959813862207,-0.4692072372612592,3,Tokyo
-0.9961614090377346,0.0249286660117096,1,Tokyo
-0.4684119496475271,0.0707701443397508,4,Tokyo
-0.3500917154069289,-0.5311661072986561,4,Tokyo
-0.602350131043297,-1.023375413606339,3,Tokyo
-0.0671358678935345,0.4390292908882395,6,Tokyo
-0.5171469677195799,-0.5999127957103074,4,Tokyo
-0.578329730964886,0.3497120552213648,3,Tokyo
-0.4239180696925498,-0.8178732860273171,4,Tokyo
-0.9832263082963224,-0.2110753112780365,1,Tokyo
0.6000950132485999,0.0364387976336334,9,Tokyo
-0.337775527715306,-0.210946048168269,4,Tokyo
-0.2705978892899324,-0.6078771692220942,5,Tokyo
-0.571171008030166,-0.0598656857437384,3,Tokyo
-0.6214775144124041,0.8415221416192179,3,Tokyo
-0.921825658366186,-0.5360412408702231,2,Tokyo
-0.4002343197987321,0.5910252247053794,4,Tokyo
-0.064125022826644,0.1488519452869581,6,Tokyo
-0.4242508068134898,0.1818486816375555,4,Tokyo
-0.3383480116875706,0.304360489365422,4,Tokyo
-0.84154582221178,-0.0807294149819348,2,Tokyo
-0.6345171230876662,0.2768733755406591,3,Tokyo
-0.2586447831263759,1.017673537263789,5,Tokyo
-0.8596569165498025,0.911880019546651,2,Tokyo
-0.4193217590011845,0.1355331366314456,4,Tokyo
-0.1080143888635659,0.5336266679718839,6,Tokyo
-0.3873178327325973,-0.8365828800316796,4,Tokyo
-0.2738438377308215,-0.5883569895191542,5,Tokyo
-0.3853878656680666,0.0126531322447314,4,Tokyo
-0.8188319029932867,-1.5724317317578844,2,Tokyo
-0.3179299641309885,0.5837531990863248,5,Tokyo
-0.2133435928346399,-0.8123182293025581,5,Tokyo
1.8837129196384808,0.2228483496911417,10,Tokyo
3.7165782918029735,0.3803576553158816,10,Tokyo
-0.8326227084909117,-0.9185909710706188,2,Tokyo
-0.7343085381121806,-0.4144898213122744,2,Tokyo
-0.6142517024893783,-0.0265740676761809,3,Tokyo
1.0089358356905205,-0.2683997217125048,9,Tokyo
-0.976184743207097,0.5192507549219781,1,Tokyo
-0.8853158895648169,-0.9372419109955558,2,Tokyo
-0.4609713258631618,-1.8294513551193572,4,Tokyo
-0.5828539282525149,-0.3412132058078231,3,Tokyo
0.5828761244470801,-1.1090776776202915,9,Tokyo
-0.2591730555345897,0.8482208758599922,5,Tokyo
-0.1308434041644482,0.1510637911760655,6,Tokyo
-0.2372625963041177,-0.6699101525893988,5,Tokyo
1.7184457215478774,0.0184295681449597,10,Tokyo
-0.2633770534413674,0.1993705695612135,5,Tokyo
-0.395952077587319,-0.4201345730549335,4,Tokyo
-0.2973297641489556,0.4862889634275983,5,Tokyo
-0.0040883195821176,-0.1936558484262037,7,Tokyo
-0.2775486632725163,0.020592471624089,5,Tokyo
-0.8612524431142327,1.0784656794348952,2,Tokyo
-1.3828947220364725,0.4160348775324702,1,Tokyo
-1.3191768793032626,-0.1334371308547501,1,Tokyo
-0.3866836984575678,0.4575031289474027,4,Tokyo
-0.908518397658602,-0.2227034959443463,2,Tokyo
-0.6324694260870226,0.195365429325971,3,Tokyo
-0.0917852369679639,0.7315340989232509,6,Tokyo
-0.0557426773506334,0.0730086453067419,6,Tokyo
-0.1044088905685285,0.2006905102917752,6,Tokyo
-0.4505246661279055,0.2786152787574616,4,Tokyo
-0.0818220132139753,0.9471335802895988,6,Tokyo
-0.456355425025363,0.6260904191867539,4,Tokyo
-0.3236201725128315,-0.5994314621594842,5,Tokyo
-0.2081872245947802,-0.0892315968821577,5,Tokyo
0.5526201774359163,0.1573437307125408,9,Tokyo
0.9422598727624456,0.7396828071165896,9,Tokyo
-0.2275278657231339,0.8723284847195365,5,Tokyo
0.091763752100373,-0.0014912740232661,7,Tokyo
2.956048274607932,1.0931077866321095,10,Tokyo
0.3144648971915136,1.3787620890088268,8,Tokyo
-0.1721176790447,0.5405902608419987,6,Tokyo
-0.7262939830569974,-0.0056782679898233,2,Tokyo
-0.8191832948470015,0.4307807554021527,2,Tokyo
-0.8194223734219408,-0.0535642869701292,2,Tokyo
-0.2383941771040493,0.1958531072328951,5,Tokyo
-0.943924814297604,-0.7825149656202998,2,Tokyo
-0.514438504836007,-0.3927524160314802,4,Tokyo
-1.123180990090718,-0.7636884787468409,1,Tokyo
-1.5797062406653384,0.5803769071887852,1,Tokyo
-0.7864394361534247,0.5796362275376058,2,Tokyo
-0.7286948005744838,-0.1906751662725878,2,Tokyo
-0.5700280024992374,0.9329175801285666,3,Tokyo
2.306483515902544,0.4063459663513573,10,Tokyo
0.1566758225462055,0.6126792044036694,7,Tokyo
0.1798277415275292,0.763721929161302,7,Tokyo
0.0532337191076867,0.6411793526386169,7,Tokyo
-0.5867239444306357,0.5521827500080849,3,Tokyo
0.1127728338304929,1.1059266701871464,7,Tokyo
0.3238970659961265,1.0376427951485148,8,Tokyo
0.4720133034325185,0.5250752877264974,8,Tokyo
-0.816471984384316,0.6223896417920426,2,Tokyo
-0.1828728452880968,0.2629376763077477,5,Tokyo
-0.2914954172774923,-0.2522345276512964,5,Tokyo
-0.4237906743816234,-0.3640055322452031,4,Tokyo
-0.7685392456867878,0.8477163396956895,2,Tokyo
-1.3408826817486603,1.234342608059169,1,Tokyo
-0.4352127826847147,-0.4495252485563828,4,Tokyo
-0.3930214529547794,-0.2762423098868447,4,Tokyo
-0.6209350564439539,-1.031434336631303,3,Tokyo
-0.4997721220410655,0.3035311808024907,4,Tokyo
-0.1832156252842252,0.8804204740802465,5,Tokyo
-0.4701981419751959,-2.3248028916141306,4,Tokyo
0.4180730187494802,1.135864858399108,8,Tokyo
-0.5776085965795523,-0.3343245463498134,3,Tokyo
-0.6797890327568569,-0.1851241904844391,3,Tokyo
-0.3923056256275581,0.2348390265945219,4,Tokyo
-0.2674982126893409,-0.4206348921998127,5,Tokyo
-0.4547457831205343,-0.4179821021804362,4,Tokyo
0.0459414211411408,-0.546915325735798,7,Tokyo
0.2647091379732806,0.8652649336040742,8,Tokyo
0.4748639372462225,0.1554121448489317,8,Tokyo
0.974416111014229,0.2614575503918056,9,Tokyo
0.9521058594511954,-0.6366407760332117,9,Tokyo
-0.7334148958867859,0.2820077715978582,2,Tokyo
-0.5840788372891836,-0.0241683832684698,3,Tokyo
-0.5605331773601574,-0.761339830475389,3,Tokyo
-0.2204438340275847,-0.739919072917839,5,Tokyo
-0.340476332562319,0.0658733307952549,4,Tokyo
-0.5783432422571672,-1.208562863879714,3,Tokyo
-0.854498084415093,-0.8840537209711311,2,Tokyo
-0.6540255914574773,0.8803321410337337,3,Tokyo
-0.9923600724553884,0.4121126929608402,1,Tokyo
-0.3491725861590442,-0.0144719932209622,4,Tokyo
-0.1802686042455124,0.5621832398359053,5,Tokyo
-0.6922009193291796,-0.1945775156519582,3,Tokyo
-0.3486663507378995,-0.0408572751746413,4,Tokyo
-0.3193263488401721,0.0486179924783029,5,Tokyo
-0.1681962691059565,-0.4004473914577506,6,Tokyo
-0.3744202547583523,-0.6436774960297593,4,Tokyo
-0.5645158738976123,-0.8997553556236088,3,Tokyo
-0.6195696629370182,-0.9293077006077298,3,Tokyo
-0.0420036519035759,0.3597798298006414,6,Tokyo
-0.1091126699301704,0.4745472109333908,6,Tokyo
-0.3695166692643428,1.0338664603021364,4,Tokyo
-0.5741743526122186,0.2979157321574492,3,Tokyo
-0.578640687089607,0.1743066921410755,3,Tokyo
-0.2752069564112249,-0.8724921536091664,5,Tokyo
0.1667053561342527,-0.2717337062896667,7,Tokyo
-0.2938774522546105,-2.1034007494790976,5,Tokyo
0.4872538398048314,-0.6825507468756856,8,Tokyo
-0.2919879889757503,-1.7210054605162943,5,Tokyo
-0.699591487329594,-0.6649319201660393,3,Tokyo
-0.1410062552006671,0.480615059103314,6,Tokyo
-0.7004737379637019,-1.560754945895142,2,Tokyo
-0.3518164588604,0.3699540308897768,4,Tokyo
-0.3739891321260783,-0.4913995141347771,4,Tokyo
-0.7863511223193712,-0.1211065414647714,2,Tokyo
-0.2693101468228853,-0.5092310660640534,5,Tokyo
-0.5926889448297649,-0.895181967980589,3,Tokyo
-0.5810319461110405,0.6224957445403649,3,Tokyo
-0.3774628942125096,1.0596508071303166,4,Tokyo
-0.704181392325959,0.3581626675565803,2,Tokyo
-0.5130484211084085,-0.079511957482109,4,Tokyo
-0.2831629431595791,-0.4133385928017432,5,Tokyo
-0.6861344231676814,-0.4534964968961859,3,Tokyo
-0.2348199414414065,-0.5003926567019642,5,Tokyo
-0.1090652008519466,-1.1138145775159478,6,Tokyo
-0.1597322982672399,0.014816218745798,6,Tokyo
-0.1782383890532815,-0.0237572948258854,6,Tokyo
-0.34588345619166,0.5846345571595402,4,Tokyo
-0.4638733384423243,0.2104811228011627,4,Tokyo
-0.5987012755397026,0.9009251200366868,3,Tokyo
-0.2394156059762542,-0.4159478144718327,5,Tokyo
0.2145192056270022,-0.2697147460034042,8,Tokyo
-0.3217209463974583,0.2739835052987103,5,Tokyo
-0.3229813396885315,-2.914614313368483,5,Tokyo
-0.0233823746015742,0.0026273347172205,6,Tokyo
-0.2143560164125522,-0.9507145474370344,5,Tokyo
-0.3623595496582886,-1.198581071735091,4,Tokyo
-0.0191279849584913,-1.1238772395159615,6,Tokyo
-0.17435418105375,-1.669251038609409,6,Tokyo
0.0090619941282331,0.0939119091728364,7,Tokyo
-0.0040305839059684,-0.898022940851705,7,Tokyo
-0.4460953527698658,-1.2046106502832596,4,Tokyo
0.0478453126456738,-1.2889586598493536,7,Tokyo
-0.1260039543976572,-0.7019695513019714,6,Tokyo
0.2551887343752552,0.7107391778511093,8,Tokyo
-0.0754083366132132,0.0772617757302878,6,Tokyo
0.0288456417124824,-0.4145565248413627,7,Tokyo
-0.4964142590864444,-0.3645655610755419,4,Tokyo
-0.4071539678362559,-0.6300882485664453,4,Tokyo
-0.159140258262151,-0.4617390132966039,6,Tokyo
-0.1364706693282835,0.2166766392301767,6,Tokyo
0.0049146174332182,0.6103682151344265,7,Tokyo
-0.1767963249257107,-0.4670029754434757,6,Tokyo
-0.183857399456103,0.6823520236455073,5,Tokyo
0.1233770517363723,0.0863999711271432,7,Tokyo
-0.1358853195699211,-0.6717138282611784,6,Tokyo
0.0511297886417044,0.4056960281073468,7,Tokyo
-0.6001121163233474,-0.0116970790751078,3,Tokyo
0.0226456902138175,0.0180373259921747,7,Tokyo
-0.1899516792116417,0.0515042085972078,5,Tokyo
0.0857176521380062,0.7914822492832817,7,Tokyo
-0.508006690287452,0.5935854232651261,4,Tokyo
-0.8691748621304648,1.034452243572127,2,Tokyo
-0.2170670773692355,0.659375351693592,5,Tokyo
-0.0225355702987839,0.1126940666459097,6,Tokyo
0.0085018398356194,-0.4818974587212774,7,Tokyo
-0.1860543007229402,-0.9423035453485916,5,Tokyo
-0.3365061815914738,-0.5730411749680342,5,Tokyo
-0.6871036437133421,-0.4321852032599457,3,Tokyo
-0.5275349854096731,-0.6407132232964371,3,Tokyo
-0.5260131400636314,-0.1912388265417917,3,Tokyo
-0.9725610045539298,-0.2963454066030512,1,Tokyo
-0.8807763671208905,0.1635211936312519,2,Tokyo
0.1020762194916908,0.0754116335068072,7,Tokyo
-0.0114581539553108,-0.5517767810735774,7,Tokyo
-0.320396289232524,0.0013240323468088,5,Tokyo
-0.1531313374517543,-1.5427510035537926,6,Tokyo
-0.2433662649864664,-0.9683955153107436,5,Tokyo
0.2002634224872876,-0.8264212040694612,7,Tokyo
-0.0648403722861035,-0.4208254910595739,6,Tokyo
-0.2997296210412908,-0.4666755140981086,5,Tokyo
-0.331138240264252,-0.9258636073893132,5,Tokyo
-0.3504349583227946,-1.891833064928649,4,Tokyo
-0.1930912421153313,-0.7397865506616649,5,Tokyo
0.2344765149171719,0.4580160262385673,8,Tokyo
-0.3421480514026263,-0.1956898858784293,4,Tokyo
-0.1993639910826772,-0.3610560256283154,5,Tokyo
-0.3417618558659321,-0.2070806110697739,4,Tokyo
-0.1504993573351128,0.4899915682279142,6,Tokyo
-0.2536345741514622,-0.1417662800825993,5,Tokyo
-0.2504476899406966,0.7517062433312259,5,Tokyo
0.1063105738035324,-0.3136076763817759,7,Tokyo
-0.0867951348513213,-0.2577532118918717,6,Tokyo
-0.1498689923316632,0.4165764613467557,6,Tokyo
0.0146289136902665,0.1854591252502656,7,Tokyo
-0.4314313878600827,0.7725259247666413,4,Tokyo
-0.352444496038822,-0.1427467789432065,4,Tokyo
-0.0841786171603667,-0.2029610895445712,6,Tokyo
-0.2175969408270437,0.1209923594602638,5,Tokyo
-0.3729058086467204,0.0041711073704034,4,Tokyo
-0.4428680615134537,-1.1665134285634589,4,Tokyo
-0.3242559901700492,0.1923402897258234,5,Tokyo
-0.2690104456916335,-0.9608400974940744,5,Tokyo
-0.7309937252475729,0.1269176426241625,2,Tokyo
-0.7955055099553118,-0.3052316143699816,2,Tokyo
-0.4427355737030187,0.3329488356952656,4,Tokyo
-0.6485238185836544,-0.2519136665244834,3,Tokyo
-0.4652992699833091,-0.7668650909476575,4,Tokyo
0.2069333176431826,-0.0522101475951876,8,Tokyo
-0.8456018999031862,0.4105030606452455,2,Tokyo
-0.0874047938877825,-1.964460613710924,6,Tokyo
-0.0183819810705594,-0.7941206625559123,6,Tokyo
-0.6221171537165004,0.2551599843084504,3,Tokyo
-0.4278904957657882,-0.7924508071288319,4,Tokyo
-0.1631241675309055,0.4841305036221261,6,Tokyo
-0.6516665455739672,0.2883131476524116,3,Tokyo
0.1005959810248554,-0.4474552385698211,7,Tokyo
-0.1887018915197719,0.2042842308033323,5,Tokyo
-0.0600773165675738,-0.1932334841219623,6,Tokyo
-0.2146292637510758,0.6323895799849969,5,Tokyo
-0.2549994292117041,0.0951653873139653,5,Tokyo
-0.1990980647752216,0.1469839422780405,5,Tokyo
-0.4788708551016436,0.4115940340507067,4,Tokyo
-0.1852602904797456,0.532128353131248,5,Tokyo
-0.246010382039168,-0.6461162881180156,5,Tokyo
-0.0565298016631251,0.4713435657144634,6,Tokyo
-0.3929270701328337,0.3961078667476958,4,Tokyo
-0.1291874111056835,0.5946259646786088,6,Tokyo
0.8255899258182837,0.5741103245846358,9,Tokyo
-0.970118358681046,0.7632683190346677,1,Tokyo
-0.1391569052663727,0.5292720857824113,6,Tokyo
-0.2673903927696183,0.5125210834064902,5,Tokyo
-0.7899282318469677,-0.2227750525597677,2,Tokyo
0.0830330092836105,-0.5546356412452941,7,Tokyo
-0.5995609370755967,-0.2415064333303534,3,Tokyo
-0.168641128287352,0.4660395474534175,6,Tokyo
0.0105440895063411,-0.2937809993501498,7,Tokyo
0.0347449264616832,0.1697739327245704,7,Tokyo
-0.155585120871378,-0.0841622690948581,6,Tokyo
-0.4298954659349032,-0.0286934758415555,4,Tokyo
-0.4209927349903593,-1.622016154344099,4,Tokyo
-0.1532895816269146,-0.7407545021446197,6,Tokyo
-0.5312466519424184,0.0190429606736442,3,Tokyo
-0.3342640947624544,-0.7711947271424777,5,Tokyo
-0.0148814848469844,-1.8227234675863584,6,Tokyo
-0.7117819788404396,-1.5933967245548657,2,Tokyo
-0.008213949666745,-0.2269356040580629,7,Tokyo
-0.4603822335251082,0.1801791037271272,4,Tokyo
-0.5361917852950397,-0.082641470363277,3,Tokyo
-0.1754926550980146,0.2203959549792231,6,Tokyo
-0.4095361375981234,-0.8909616023291833,4,Tokyo
-0.5389711872496086,0.0706337438414914,3,Tokyo
0.1920820758983479,0.4932121989672272,7,Tokyo
-0.0058074036874048,0.1280280090632457,7,Tokyo
-0.3789725260216165,-0.1879660490454159,4,Tokyo
-0.2302358103165233,-0.3209070539188293,5,Tokyo
-0.6867392850881674,0.7377177495062838,3,Tokyo
0.3906228250057523,0.2194387569139018,8,Tokyo
-0.569575594408276,-0.2941471373703063,3,Tokyo
-0.5501664577647665,0.5735229127306835,3,Tokyo
-0.2872727212994465,-0.6590864910398787,5,Tokyo
-0.8721055386277988,0.2834735122264274,2,Tokyo
-0.436826400130531,-0.0076162540664555,4,Tokyo
-0.597933947980365,0.299261162176557,3,Tokyo
-0.091846339104399,-0.6338636581729031,6,Tokyo
-0.6970865599923882,-0.6841330194266989,3,Tokyo
-0.3774949302126656,-0.267821264605492,4,Tokyo
0.0080024350207198,0.1857959203882455,7,Tokyo
-0.6002235470866967,-0.8521982583267858,3,Tokyo
0.0049180478912351,-0.2648325900049317,7,Tokyo
0.7837000520840026,-1.306727960698827,9,Tokyo
-0.5652275404788603,-0.8504163486014448,3,Tokyo
-0.1287852157327153,-1.4456311741867196,6,Tokyo
0.8947939009142905,-0.850283629612849,9,Tokyo
-0.2756192957646597,0.0429300945729851,5,Tokyo
0.105723562607791,-0.1453340098204909,7,Tokyo
0.2773119132405388,0.1583510264464933,8,Tokyo
0.1083743835381487,-0.2600324867861799,7,Tokyo
0.2864100799583692,0.1112072856007248,8,Tokyo
-0.2263206354754315,0.5051866632543708,5,Tokyo
0.575996960684348,0.9979317327111168,9,Tokyo
0.0445014212757647,0.5198759155073528,7,Tokyo
0.1589880125319218,0.5290648309456764,7,Tokyo
-0.0216292848031643,0.467850707061916,6,Tokyo
-0.2173694063734143,-0.1379961373613125,5,Tokyo
-0.4813057097240209,0.9602196737461028,4,Tokyo
0.6151659459077069,0.731736241523819,9,Tokyo
0.1414032279845578,-0.4219349760827471,7,Tokyo
-0.5855176426900833,0.1514981587164582,3,Tokyo
-0.0767955737386905,-0.1640228169145876,6,Tokyo
-0.13985088187387,-0.001271524923964,6,Tokyo
-0.4718063694979392,-0.1974039368721147,4,Tokyo
-0.1970827765232364,-0.0582096175919757,5,Tokyo
-0.2231967163394278,-0.6955771417557647,5,Tokyo
0.1621755649469253,-0.6222514268184697,7,Tokyo
-0.2227395598984478,0.2395619833246209,5,Tokyo
-0.3547241203273977,0.4930476343090501,4,Tokyo
-0.4729134420390771,0.5868601802435137,4,Tokyo
-0.5374773945630842,-0.36649044712238,3,Tokyo
-0.3052857964053578,-0.0999762662642625,5,Tokyo
-0.2296407166391107,-0.5912018545880885,5,Tokyo
0.1934107588838002,0.3161040724553542,7,Tokyo
-0.233351861749707,-0.1663062736154773,5,Tokyo
-0.010367553910423,-0.5801931113386646,7,Tokyo
0.0359434069994204,-0.380370123433725,7,Tokyo
-0.4945070260308788,0.7830592438546118,4,Tokyo
0.3905409169147928,0.1496941418145889,8,Tokyo
-0.1200247856745802,0.3375764927668183,6,Tokyo
-0.3130568093515226,0.5967538191898275,5,Tokyo
-0.0666158188461504,-0.1196818918102409,6,Tokyo
0.0396463140366748,0.3383123683188527,7,Tokyo
0.2544204479067596,0.4482165103662678,8,Tokyo
-0.088178343156096,0.390629029777032,6,Tokyo
1.430141145850533,0.5241318359439885,10,Tokyo
0.0304577287383133,0.6356840210449133,7,Tokyo
-0.3209783769053769,-1.866121428119616,5,Tokyo
0.0738531025994627,-0.1324721275747246,7,Tokyo
0.3763824592387553,0.5271623302873648,8,Tokyo
0.1811821119876696,-1.665942467741791,7,Tokyo
0.0282935463865348,-0.2801599422364584,7,Tokyo
-0.0282312192973918,-0.289025951882767,6,Tokyo
-0.4962968984016654,-1.2432652834266802,4,Tokyo
0.0146289860452714,-0.5930485369035089,7,Tokyo
-0.5199467791255941,-0.7584506923323652,3,Tokyo
-0.3156167338905049,-0.5266969049032096,5,Tokyo
0.2809580189968009,0.890092267608638,8,Tokyo
-0.0748697811324402,-0.5750228149043849,6,Tokyo
-0.4240444482070361,-0.7517122837227724,4,Tokyo
-0.3693103485592212,0.0157945632144789,4,Tokyo
0.2081881580164818,-0.9048588122192004,8,Tokyo
-0.3682719361117969,-1.7721481901986835,4,Tokyo
-0.1170840872674926,1.0596328363083172,6,Tokyo
-0.0398613585435136,0.4323960017278068,6,Tokyo
0.0756919632180882,0.4560897674763717,7,Tokyo
-0.1108477997448091,0.1604928477112524,6,Tokyo
-0.0469806621334824,0.0028080786452079,6,Tokyo
-0.1358159726033747,0.1302722708874826,6,Tokyo
-0.2336183571645992,0.2208100283768305,5,Tokyo
0.6970686563773504,0.3171546254528737,9,Tokyo
0.1940495632129182,0.5051036967010861,7,Tokyo
0.4161276597766342,-0.083389181641044,8,Tokyo
-0.1429369069925159,-0.4804555926906657,6,Tokyo
0.754192489378097,0.7533959285805975,9,Tokyo
2.369470749535511,0.1134957530644857,10,Tokyo
0.3537231037355541,0.1355527370839257,8,Tokyo
-0.4650183292153567,-0.4016534554857492,4,Tokyo
-0.1414892939138521,0.4724967674498344,6,Tokyo
-0.0557155901302403,-0.1296678163067387,6,Tokyo
-0.2395089613643554,-0.4356224624728407,5,Tokyo
-0.5152877848440315,-0.3642399224279244,4,Tokyo
-0.0530532740779531,-0.2909622129659789,6,Tokyo
-0.2646296606510619,-0.5253008264668282,5,Tokyo
-0.1569236530278816,0.1839383672105726,6,Tokyo
0.0996095533413705,-0.891390750112336,7,Tokyo
-0.2056629815429051,-1.0355323256953644,5,Tokyo
0.0232908985208625,-1.2908803017431838,7,Tokyo
0.2212544648032545,0.2395916406825065,8,Tokyo
0.0268204676961318,-0.7698877187836572,7,Tokyo
0.2342536655037212,-1.0394557929395485,8,Tokyo
0.0875067956599216,-0.3014429382023687,7,Tokyo
0.4662311002044454,0.1455071952768143,8,Tokyo
-0.1121083761720981,0.3966405416203513,6,Tokyo
-0.3648452348929287,0.5460498218149902,4,Tokyo
0.5282621982329622,-0.1517607034547782,9,Tokyo
0.1561078219653337,-0.66854507002847,7,Tokyo
1.2368878857514911,0.3427248674803929,10,Tokyo
1.0099282645104497,0.3396106204773083,9,Tokyo
0.1768527681127821,0.2244519477453501,7,Tokyo
0.3070520829601969,0.1863791231579011,8,Tokyo
1.6887908985089246,0.383710338095904,10,Tokyo
0.2114417966849661,0.0319802960462407,8,Tokyo
0.8177576522338921,0.780579807650767,9,Tokyo
-0.5042424638196882,0.867651524735266,4,Tokyo
-0.6673357225852435,0.2968228674313822,3,Tokyo
-0.2815521158789109,-0.120448553353984,5,Tokyo
0.943095195426492,0.3173977550754064,9,Tokyo
0.030577805828228,0.2497061143127862,7,Tokyo
0.1754636127644414,0.7858264562366292,7,Tokyo
-0.7111833974561111,0.4976489651221021,2,Tokyo
-1.534820375671062,0.7814088714281339,1,Tokyo
1.7802028661203664,0.811908817908379,10,Tokyo
-0.9455210980168126,0.2719197705611763,2,Tokyo
-0.8147098589129679,-0.0883206657072123,2,Tokyo
-0.7122167386584081,-1.133895592852766,2,Tokyo
-0.7452030028623924,0.1019352374343545,2,Tokyo
-0.6902912227296283,0.3660430912975419,3,Tokyo
-1.1171955172754204,0.4791050085627259,1,Tokyo
-1.0904844404588288,-0.3526067421830102,1,Tokyo
-0.5116993317670206,0.3345411464591153,4,Tokyo
-0.8472883464007066,0.5865183512199982,2,Tokyo
-0.9625291575374406,0.0935112969362978,1,Tokyo
-0.9910489017817832,-0.7487245324082168,1,Tokyo
-0.043679898505796,0.3571965188547802,6,Tokyo
0.3599809330662488,0.3635592072661728,8,Tokyo
-0.7364948284944608,0.0039519836145261,2,Tokyo
-1.112296300851236,-0.2070134740582351,1,Tokyo
-1.293210259735322,-0.7983714921917368,1,Tokyo
1.2073494276626278,0.7537648996305748,10,Tokyo
-1.1272044969842736,0.418679349200084,1,Tokyo
-1.3154815907236197,-0.135645249370283,1,Tokyo
-1.347899049852155,0.7694565595014207,1,Tokyo
-0.7139308755998576,-0.6128646826417211,2,Tokyo
1.7958570781620606,0.3150771003533916,10,Tokyo
-0.5576492772139452,0.9914067518004898,3,Tokyo
-0.5700659333563062,0.578635769703199,3,Tokyo
-0.4665058050274983,0.3416772830545651,4,Tokyo
-0.3340383126397093,0.1714297621229228,5,Tokyo
-0.7823551487476904,-1.1143053139648853,2,Tokyo
-0.6887342484384408,-0.8264132958760495,3,Tokyo
-0.5525498636825958,0.373617564271879,3,Tokyo
-0.967597566011254,0.1993422756613803,1,Tokyo
4.29780555850468,0.13237203152792,10,Tokyo
-0.344032436522976,0.4329412042253257,4,Tokyo
-0.5975036118297709,-0.7475182374561321,3,Tokyo
-0.6392145993885222,0.4175173467303525,3,Tokyo
0.5601182041339481,-0.7121626015248442,9,Tokyo
3.652652209143728,0.6871179147487969,10,Tokyo
0.3332904201174608,-0.4181963794128026,8,Tokyo
-0.225809780980316,0.0375877440624135,5,Tokyo
1.6367630454337585,0.6481736767143149,10,Tokyo
-0.7266036416841695,0.0301695233253077,2,Tokyo
0.5909380695355116,0.0810161965532698,9,Tokyo
-0.357396962238882,-0.3579621946742622,4,Tokyo
1.152652274948717,0.3084667402298273,9,Tokyo
0.5253139084384121,0.895046449420804,9,Tokyo
-0.8453843033446211,1.1721407037128,2,Tokyo
-0.1417161304324091,0.8657670780182478,6,Tokyo
-0.6698380190036748,0.3723116305420132,3,Tokyo
-0.4640003333157661,1.0434397837092149,4,Tokyo
-0.5487412874000342,0.0042634309585908,3,Tokyo
-0.2785024580973846,0.6821814799052982,5,Tokyo
-0.4021060763127808,-0.5592701668158074,4,Tokyo
-0.5119802767000796,0.8314684019948867,4,Tokyo
-1.0327320167854528,-1.118137120142216,1,Tokyo
-0.2955235533480239,0.0383909224467911,5,Tokyo
-0.6991217505518791,0.0724294899256602,3,Tokyo
-0.4851739251672244,-0.5339789416947714,4,Tokyo
-0.1197689808123297,0.3442773460065915,6,Tokyo
-1.7831084958536465,-1.0286960564823666,1,Tokyo
-0.4361788039823911,-1.1142097211202382,4,Tokyo
1.2924781669601015,-0.3215560743148524,10,Tokyo
1.839739386364645,-2.233818391086941,10,Tokyo
-0.5679172555155616,0.5814883602681628,3,Tokyo
-0.9952756809331488,-0.7398087030197346,1,Tokyo
-0.7016580091537392,-0.1373670229901504,2,Tokyo
-0.4582398010386581,-1.0713971407046434,4,Tokyo
0.2264567408682175,0.6306980385418219,8,Tokyo
1.40504296310488,-0.423719245634638,10,Tokyo
-0.2628287770807214,0.2871766766926019,5,Tokyo
-0.1146667212126479,-0.3696796174073569,6,Tokyo
-0.7242678675440275,0.2565122953873426,2,Tokyo
-0.7469009973009579,-2.154211310114387,2,Tokyo
-0.5032261362336509,1.0082820416156204,4,Tokyo
-0.6902862681541845,0.1737671518533884,3,Tokyo
-0.6836231401009488,0.458448889877084,3,Tokyo
-1.0101103137009957,-0.5478963387733259,1,Tokyo
-0.8876337992451551,0.5815726817089922,2,Tokyo
-0.6274724302755457,0.6342913710222418,3,Tokyo
-1.4937817785371656,-0.4458534729881179,1,Tokyo
-0.4146078343908618,-0.4062510217703497,4,Tokyo
-1.053954733702149,0.4690962105203342,1,Tokyo
0.0089523507267124,0.0029253322112026,7,Tokyo
-0.0651129226728408,0.4199423537096944,6,Tokyo
0.1714084467756465,0.6981155718170081,7,Tokyo
-0.6080803715566072,0.5843584622313468,3,Tokyo
-0.4629147958177942,-0.6434099173374718,4,Tokyo
0.0120180241438704,-0.5993103133155815,7,Tokyo
-0.3017232429241782,0.4736604024620195,5,Tokyo
-0.8489938307689301,-1.103216171557124,2,Tokyo
-0.932656252526829,-0.2012202569017912,2,Tokyo
-0.7573339286540104,-1.390600122736367,2,Tokyo
-0.593229993529766,-1.1593258404069684,3,Tokyo
0.1648719963781986,0.2452317697399623,7,Tokyo
0.3429245650613781,0.8398992289313371,8,Tokyo
0.5850701902791704,-0.325384311280324,9,Tokyo
0.5551712885789568,1.153164078684255,9,Tokyo
0.3001290151207054,1.129244616437946,8,Tokyo
-1.146379624907021,-0.4616754349741273,1,Tokyo
0.1428094500566399,0.3832812183720558,7,Tokyo
-0.5163729706420604,-0.1834398707964513,4,Tokyo
1.5137606419921072,0.9078466920379684,10,Tokyo
-1.343218671957631,0.0893353455604584,1,Tokyo
-1.0033098674400622,-1.4046193069290167,1,Tokyo
-0.9280442339107924,0.0428502407201875,2,Tokyo
-0.6245134889324073,0.5248615572581489,3,Tokyo
-0.5571328164087885,-0.445640187430403,3,Tokyo
-0.667396735377239,-0.5571331133177206,3,Tokyo
-0.8116468746179833,-0.1007864805038925,2,Tokyo
-0.9735610405352706,0.0956500625718666,1,Tokyo
0.5499715973679169,1.1157213104770085,9,Tokyo
0.3559066102379972,1.0341857884264802,8,Tokyo
-1.5549333210462275,-1.3190861140448396,1,Tokyo
-0.2816498502393642,1.0279035865000272,5,Tokyo
-1.0650942894687203,-0.0854707316429784,1,Tokyo
0.2486742587683859,0.8770039782427036,8,Tokyo
-2.0437507185250534,1.2399847486309004,1,Tokyo
-0.3594524107538815,-0.0023514485374813,4,Tokyo
-0.0823986330554339,-0.931135061773278,6,Tokyo
2.957776052048394,0.5039358056665105,10,Tokyo
-0.7314601117538961,-0.0692866894293351,2,Tokyo
0.015078703481235,-0.414865276032605,7,Tokyo
-0.4504624433060424,0.0024460077738434,4,Tokyo
-0.5168401321897651,-0.8511212423429458,4,Tokyo
-0.9096887071694736,-1.9056491628393124,2,Tokyo
0.0044533485173445,0.0620519889597594,7,Tokyo
0.2897899377677103,-0.8446179854471526,8,Tokyo
-0.9279665635847858,0.7969698361836436,2,Tokyo
4.909319205995948,0.6548559445594351,10,Tokyo
-0.7432270070291565,-1.102092769628246,2,Tokyo
-0.6701993356604181,-1.2973266867504936,3,Tokyo
0.1755330099694257,-0.1853875928331473,7,Tokyo
-0.2271090326764804,-0.1322372620559083,5,Tokyo
-0.5201222008040542,-1.2189871062132362,3,Tokyo
0.4504252195203215,-0.7195953804533218,8,Tokyo
1.7227214279141114,0.8640961970664449,10,Tokyo
1.6528213612480047,-1.0459066512018025,10,Tokyo
0.0090078756633645,-0.7200557874221416,7,Tokyo
-0.9732783792843028,-0.8311488931383012,1,Tokyo
-1.0247793043071831,-0.8938649428575222,1,Tokyo
-0.171632421772973,1.1236822719636212,6,Tokyo
-0.9142270090764067,0.2390313279505601,2,Tokyo
-1.0257401872661431,-1.328664197635844,1,Tokyo
-0.9331441043932138,-0.7266728791548486,2,Tokyo
-0.844216140414805,-0.9715605985694982,2,Tokyo
-1.602641368200943,0.8899813806163817,1,Tokyo
-0.8998201823253661,-1.7491946121431106,2,Tokyo
-1.1135780011190817,-2.415239185379072,1,Tokyo
-0.79643601748515,-1.3688753195096606,2,Tokyo
-0.7462345594146986,0.5147120015192065,2,Tokyo
-0.1537878750134981,-0.1170067402102156,6,Tokyo
-0.4708547231511255,-0.5453219232413031,4,Tokyo
-0.2727452076294857,-0.1579850456693895,5,Tokyo
-0.2226650485788712,0.3581510314434912,5,Tokyo
0.2394835732504013,0.1751548030042115,8,Tokyo
-0.236871443148809,0.1985468513402558,5,Tokyo
0.6472814416610532,-0.9117522231513356,9,Tokyo
0.4166475408534306,0.944588462973628,8,Tokyo
0.2803508974455267,-0.3184378395168681,8,Tokyo
2.774683419771414,0.3083983711222087,10,Tokyo
0.9744662822824222,1.0641714314940178,9,Tokyo
1.5191110546545634,0.533899499272219,10,Tokyo
-0.155482383839655,-0.3742045789525929,6,Tokyo
-0.20727465417152,0.7882899056905727,5,Tokyo
-0.6532548798513009,-0.8345297948617546,3,Tokyo
-0.8579312489688878,-0.5330939996890736,2,Tokyo
-0.3993432053827432,-1.5238075181117046,4,Tokyo
-0.8312372338663871,0.4194227828185058,2,Tokyo
-0.8203651495612578,0.5041860530389211,2,Tokyo
0.1730708525551768,1.276464381552744,7,Tokyo
-0.596553775187757,0.6987613130409455,3,Tokyo
-0.3058817619279025,-0.2432176877623838,5,Tokyo
0.1970452795169897,0.8419641435409245,7,Tokyo
-0.3194568705165089,-0.9694517348941334,5,Tokyo
-0.8949572984774821,0.3302239454545041,2,Tokyo
0.0070353351430745,0.2201133761978188,7,Tokyo
-1.2378439383356177,1.1226706613189634,1,Tokyo
-0.3727177909430774,0.2060935420184142,4,Tokyo
-0.8638905514078138,0.8396662933197252,2,Tokyo
-0.6923229262575691,-0.5143487587854481,3,Tokyo
-0.7304431540043681,-0.6240859500492926,2,Tokyo
-0.2291931822425817,-0.6170932584926927,5,Tokyo
-0.1508075345658463,0.2840302766659779,6,Tokyo
-0.1068132737221501,0.0870389085357241,6,Tokyo
2.6395758733568933,0.1054386546599617,10,Tokyo
0.984527892676722,0.4718115119786068,9,Tokyo
-0.9785695820868692,-0.5336072892604262,1,Tokyo
-1.2250730833364216,-0.4759292159930635,1,Tokyo
-1.3941430346120374,0.385414037447451,1,Tokyo
-1.5052098169077772,-3.105980365601038,1,Tokyo
-0.3133924258066523,1.0156152810146593,5,Tokyo
2.532466242418788,-0.6878444646814331,10,Tokyo
-0.3107071256236225,-0.6716815275400271,5,Tokyo
-0.5158667532120685,-0.004410969901234,4,Tokyo
0.1135454454277411,0.4712555844809088,7,Tokyo
-0.5007579657191586,0.2647776952446459,4,Tokyo
0.7167007850130718,0.8419961169444331,9,Tokyo
-1.4708690627411487,-1.7763692999140916,1,Tokyo
-1.0782105043894534,-0.553871534904336,1,Tokyo
-1.158437594153774,-0.5132819263819465,1,Tokyo
0.6279732598536527,0.9062105793161076,9,Tokyo
-1.0764822422142433,0.0183735494947493,1,Tokyo
-0.7159583059529514,-1.473666970211324,2,Tokyo
-1.269310101575689,-0.6738692909264832,1,Tokyo
-1.0092061730544426,0.1742859691052153,1,Tokyo
-1.380055263165516,0.2658131171272547,1,Tokyo
0.4404629136326333,0.5974003744924662,8,Tokyo
-1.6242980007151129,-1.0171463322446048,1,Tokyo
-0.9241204332466846,-1.4248023298297745,2,Tokyo
-0.3612724564873638,-0.3730258058965656,4,Tokyo
-0.8607579154792396,-0.6281305142623977,2,Tokyo
-1.6335836693189774,-1.074326237601928,1,Tokyo
-0.1329108350110276,0.2135788263669431,6,Tokyo
0.1309445601966699,-0.2714539389373172,7,Tokyo
0.6486592943662812,0.4581736073558042,9,Tokyo
1.5180120320154231,0.8978839969940533,10,Tokyo
0.4188864729024216,-1.4352841659366715,8,Tokyo
0.1538459210025761,0.5354739541157777,7,Tokyo
-1.5219790481183535,0.9431981269680628,1,Tokyo
-0.6694791217258066,0.5366927605587287,3,Tokyo
0.3711075732903114,-0.2829507829208902,8,Tokyo
-0.9126395966417604,0.1323567452815229,2,Tokyo
-0.2838572709851236,0.0761619232307408,5,Tokyo
-1.5613136637903404,-0.4340225433919368,1,Tokyo
-1.024714340236145,0.6218260589094383,1,Tokyo
-0.0853034847134529,-0.5138350148598269,6,Tokyo
-0.7475723770085734,-0.7231553514740933,2,Tokyo
-0.5862655149173752,0.5142093087538137,3,Tokyo
-0.6394501875058178,0.575778615811497,3,Tokyo
-0.9562507953355096,0.3479490279592834,1,Tokyo
0.2335257765171201,0.8074873585609704,8,Tokyo
-0.6645175902241516,0.1569905263783554,3,Tokyo
0.1679635876102965,-0.3010453876956213,7,Tokyo
-0.0106746075077377,-1.3862534711857863,7,Tokyo
1.5910257283411349,0.4346497351697264,10,Tokyo
1.830005319298554,0.1162178280227276,10,Tokyo
1.9583860506357469,0.0761931359076905,10,Tokyo
1.0816053247123618,0.4857396484187289,9,Tokyo
-0.0728643567798393,-0.760519923575148,6,Tokyo
-0.7999340383504331,0.7656717345570844,2,Tokyo
-0.9620380771766764,-1.5021415678559604,1,Tokyo
-0.640835143798831,-1.390541044409917,3,Tokyo
1.3721479862636332,-4.128862494965071,10,Tokyo
-0.6162964105510215,0.874725525705343,3,Tokyo
0.6997199557709051,0.3985792023914621,9,Tokyo
-0.808652846053265,-1.1630686623229802,2,Tokyo
-1.2150181906835489,-0.6170502752048503,1,Tokyo
1.2159954563744044,-0.4733000572095028,10,Tokyo
-0.4530804105075944,-0.189705462330217,4,Tokyo
-0.8282408888797698,-0.7677740884755265,2,Tokyo
-0.5518165170671505,-0.4562033986498719,3,Tokyo
-0.5777991265173623,-0.6808645516983387,3,Tokyo
-1.1136361885844357,-0.4301682323073552,1,Tokyo
-0.0024914180707331,0.8132582634184903,7,Tokyo
-0.7687610742071346,0.0536046817818706,2,Tokyo
-0.262392615301135,-0.0804798362197863,5,Tokyo
-0.7868448631146058,0.1670368850804593,2,Tokyo
-0.4349037279221622,-1.1804382597030108,4,Tokyo
-0.6816670663192793,-0.043367457911886,3,Tokyo
-1.380236528739213,0.4822319099264163,1,Tokyo
-0.5089387544450823,0.7853002321476459,4,Tokyo
-0.5168486646789497,-1.502406201595944,4,Tokyo
-0.9554141006283328,0.2152587153597901,1,Tokyo
-0.2485126173512946,-0.9984600269511422,5,Tokyo
0.0609816109988747,0.9052194247908522,7,Tokyo
-0.1286644162739818,-0.350088577423701,6,Tokyo
0.2996713615012774,0.5019500653768337,8,Tokyo
-0.2633876812075841,0.4921780320105608,5,Tokyo
-0.5357972609244926,-0.248188666311229,3,Tokyo
-0.5659807641966501,0.5624266498440813,3,Tokyo
-0.3260558914215745,0.3996341210950045,5,Tokyo
-0.3102967155461369,-0.285500681544805,5,Tokyo
-0.4920070363062723,0.5133649085049946,4,Tokyo
-0.3918804942186475,0.7149486376776747,4,Tokyo
-0.159849127254184,0.9612570664689576,6,Tokyo
-0.2650172727688529,0.437158220800349,5,Tokyo
-1.5430102583733218,-0.7588375258851232,1,Tokyo
-0.9972320367431426,-0.6290695055777241,1,Tokyo
0.2614862840902202,-0.0502809799351819,8,Tokyo
-0.0078289825857509,0.7966485362180792,7,Tokyo
0.6599443037770989,-0.0373520288471654,9,Tokyo
-0.5700058610480518,-0.0231308844285563,3,Tokyo
-0.1409778021358362,-0.3237423607717051,6,Tokyo
-0.4624679148772514,-0.8512456772857999,4,Tokyo
-1.340949524647065,0.4803051433857276,1,Tokyo
-1.7769912942932458,0.0576471703753399,1,Tokyo
-0.9506724884412048,-0.6841645670742672,2,Tokyo
-0.1979649476538882,0.1736521817100222,5,Tokyo
-1.0371488600102596,1.3190682930577906,1,Tokyo
-1.075601586801583,-0.4513210261989489,1,Tokyo
-0.3614807931733529,0.9621046170588108,4,Tokyo
-1.0091658816479134,-0.3937027992242063,1,Tokyo
-0.9516990780411636,-0.7152265195933015,2,Tokyo
-0.7858698368428135,-0.5412171110011976,2,Tokyo
-0.2212969864476988,0.0572027551103291,5,Tokyo
-0.3822630049774339,0.6088204018811452,4,Tokyo
-1.2425121926644729,-1.2026169481715547,1,Tokyo
-0.7032092838716973,-0.0632149220679438,2,Tokyo
-0.6712743281247484,-1.5469673068650265,3,Tokyo
1.54543643191166,0.9772549080943996,10,Tokyo
0.1408945839396891,-0.4294793743019506,7,Tokyo
0.9132676116441888,1.2055586834936702,9,Tokyo
-0.5298190605519154,0.3991883371066957,3,Tokyo
0.2089554350949642,0.6655382125609387,8,Tokyo
-0.2941698405975121,-0.1747898031179512,5,Tokyo
-0.8858132463231901,0.394457100404498,2,Tokyo
-2.2258631712027546,0.2899731306988035,1,Tokyo
0.8778655764269471,0.0334311697614348,9,Tokyo
0.2683468864835496,-0.2464106964024942,8,Tokyo
-0.5167652111954312,0.6198700902222698,4,Tokyo
-0.351891500839691,-0.3984104173397116,4,Tokyo
-0.2085994299687572,0.1401493705560818,5,Tokyo
0.3255895461790034,0.4266843095752575,8,Tokyo
0.0162075817384946,0.0046273482637873,7,Tokyo
-0.5983568236764035,-0.219402803480552,3,Tokyo
0.3696277292957036,0.1458353965770483,8,Tokyo
1.9312559878865057,0.1580847409740297,10,Tokyo
0.2338492439999676,0.846960550754686,8,Tokyo
-0.5583865522731802,0.1983083591880763,3,Tokyo
-0.6159181011051683,0.2283202113007322,3,Tokyo
1.0364100580791065,1.00835425132945,9,Tokyo
-0.1875979384063499,-0.0557545087032483,5,Tokyo
-0.4007319826771043,0.2727555989388188,4,Tokyo
1.052723623093251,0.234410375346742,9,Tokyo
-0.5553586050825509,0.2968579056567896,3,Tokyo
-0.1297147412006278,-0.8356694839401396,6,Tokyo
1.350844867984426,0.2919664514629075,10,Tokyo
-0.3684148514066578,0.8830220713712912,4,Tokyo
-0.7564021419589844,0.7469280283483567,2,Tokyo
0.4289309173950716,0.2278383019439117,8,Tokyo
0.2122860695857689,0.861383011067225,8,Tokyo
0.3438631530660786,0.4098983394588344,8,Tokyo
0.7777983002876645,0.122767094818728,9,Tokyo
-0.574207462301381,0.4218207805813047,3,Tokyo
0.3081919668087067,-0.1516329120374633,8,Tokyo
0.5600878193024159,-0.2492876177883599,9,Tokyo
-1.097611228828917,-0.4616015601840154,1,Tokyo
-0.7896851511002217,-0.0244604201118847,2,Tokyo
-0.3120314066935091,-0.3844764855774739,5,Tokyo
-1.0079306383096822,-1.0270895567602485,1,Tokyo
-0.803226699445644,-0.8558913672446473,2,Tokyo
4.004797174262285,0.7389658073316766,10,Tokyo
-0.743821704890339,0.5326497025376374,2,Tokyo
-0.0916524906500242,0.5625748961545574,6,Tokyo
-0.1546459504600621,0.4076089876823361,6,Tokyo
0.4447702424737622,-0.9130953666404424,8,Tokyo
0.0606264093783501,-0.1618459344856055,7,Tokyo
-0.1071533467318974,0.5853767306384644,6,Tokyo
0.3587919119498178,-0.0162711017965897,8,Tokyo
-0.1762571409153074,0.3431101502052718,6,Tokyo
0.0068646801274781,-1.3198013999349036,7,Tokyo
-0.4215323971390239,-1.3040501714828343,4,Tokyo
0.1554636500031666,0.5028778769903262,7,Tokyo
0.8847777962174024,-0.3825175811477084,9,Tokyo
0.2760696648482942,-0.5989767737011323,8,Tokyo
-0.2675755486114289,0.2016410735008887,5,Tokyo
-0.4343388078886284,-1.4894791584919418,4,Tokyo
-0.6356287883702153,0.7887100505013952,3,Tokyo
0.1310150940440593,-1.117706274387133,7,Tokyo
0.144377020111963,0.2338002764886448,7,Tokyo
-0.0726277145755224,-0.5479669318307513,6,Tokyo
-0.5635615613956221,-0.3088960135681511,3,Tokyo
0.1799173852491816,0.0869124996113296,7,Tokyo
2.23915435978796,0.0631459595997084,10,Tokyo
0.1100202903002596,0.92823707389513,7,Tokyo
-0.0997728772304028,-0.2140877033320902,6,Tokyo
-0.3116581973746752,-0.8328763585152522,5,Tokyo
0.3309306245510338,0.1049024622007939,8,Tokyo
0.0481930278614217,0.1926421513037389,7,Tokyo
-0.3202997545269022,0.0885817826018145,5,Tokyo
-0.643600803523844,0.3970115403064342,3,Tokyo
-0.0979534152657281,0.2076591312118522,6,Tokyo
-0.4529064945110704,0.1440926426358347,4,Tokyo
-0.1565870299979012,-0.5191579274734036,6,Tokyo
-0.2397119926599887,0.3658388985364284,5,Tokyo
-0.0353011474021809,-0.4078497957460099,6,Tokyo
0.0733132971458838,-0.2094793714200412,7,Tokyo
1.0699327923499504,0.7556042184405563,9,Tokyo
0.5929170253829802,0.4221427180221235,9,Tokyo
0.3784388206713847,0.5180489975721051,8,Tokyo
0.2056427142909961,-0.1590375521719997,7,Tokyo
2.7792339890873827,1.1286275360048288,10,Tokyo
0.8789158496235335,-0.4237885853188528,9,Tokyo
-0.8714632029401206,1.0731622414089148,2,Tokyo
-0.9937360344034996,0.4494142586919345,1,Tokyo
-0.0217050314767567,0.9566723560804732,6,Tokyo
-0.7813477268019321,0.0849153451689335,2,Tokyo
-0.6652016358944359,-1.1349441861085343,3,Tokyo
-0.4864805692555689,0.2347517787872233,4,Tokyo
-0.4369441629838387,-1.185858263649774,4,Tokyo
-0.4115346090206425,0.0521931109691778,4,Tokyo
-0.9495938262112464,-0.1282084446497023,2,Tokyo
-0.6620097826948492,0.0635554950728278,3,Tokyo
-0.0996110864938576,0.3933990742189739,6,Tokyo
-0.7144156876881956,0.7395607407202536,2,Tokyo
-0.992379781854832,0.1302399646214677,1,Tokyo
-1.2125910231922463,0.2746422233807269,1,Tokyo
-0.0743128498627442,0.175018936740462,6,Tokyo
-0.289626478159907,0.5708231293075242,5,Tokyo
-0.4387439996128028,0.523339532164336,4,Tokyo
-0.2445737142675269,-0.6585091845077707,5,Tokyo
-0.486514869914296,0.3983878438853043,4,Tokyo
-1.0406434311802666,0.6130834849688712,1,Tokyo
-0.2535132251929152,0.7944962627310265,5,Tokyo
1.6912636719050247,-0.5091152281369474,10,Tokyo
-0.1685453712848751,0.4700789197339816,6,Tokyo
-0.0003720323319499,0.9693814503281856,7,Tokyo
0.9866120577375012,0.9080088280003288,9,Tokyo
-0.8203999098054908,-0.4033719893035012,2,Tokyo
-1.15025095137141,-0.4699145007976049,1,Tokyo
1.5281127047966252,-0.5598172367745494,10,Tokyo
0.9162692900888436,-0.5789403183309255,9,Tokyo
-1.0231978227994878,-0.9703685361216896,1,Tokyo
-0.7646742463089103,-0.6556171805593171,2,Tokyo
-1.0279524964380589,-0.1720057648298968,1,Tokyo
-1.2990141423828452,-0.3687010086388342,1,Tokyo
-1.3525455112395532,0.5055640996570759,1,Tokyo
-0.4908909171599191,-0.4163200616639315,4,Tokyo
-1.5095642556103377,0.0944595888308575,1,Tokyo
-0.2611821712912534,0.6872697695148279,5,Tokyo
-0.5490816214040601,-0.5844858857672848,3,Tokyo
-0.4665615664294124,0.6863807424139847,4,Tokyo
-0.7615226461191559,-0.9848243435628734,2,Tokyo
-0.9031995092190056,-1.9335477153696272,2,Tokyo
-0.0395284495421019,0.4049089673262853,6,Tokyo
-0.567583174734179,-0.6410388119432774,3,Tokyo
-1.529648095105949,0.2950753387237354,1,Tokyo
-0.2080703067787985,-0.5214166490572346,5,Tokyo
-0.1972983931223762,0.6407818620028533,5,Tokyo
-1.2698027406328027,-1.185103287784967,1,Tokyo
-0.5901846922693856,0.3512561302935765,3,Tokyo
-0.9125320401992992,0.4603019992546562,2,Tokyo
-0.2667161592745399,0.6894409950855415,5,Tokyo
-0.6441601823480707,0.4565373253133444,3,Tokyo
-0.5783464641484881,-0.9783284407351543,3,Tokyo
2.479356977134828,0.7492635882010507,10,Tokyo
-0.7186299879464029,-1.0142213765133834,2,Tokyo
1.4716708392477886,0.6059804933525825,10,Tokyo
-0.6643617768168545,-0.1845749209263654,3,Tokyo
-0.7967716753653992,0.0466361743825017,2,Tokyo
2.456733577449088,1.1430995612029895,10,Tokyo
-0.1142480804856885,0.929720276357928,6,Tokyo
0.0388362767705328,0.048597303575967,7,Tokyo
0.6136768216337781,0.1822332233153391,9,Tokyo
0.6264687290116435,-0.684870724729343,9,Tokyo
-0.1793178521880998,-2.8238659769904424,5,Tokyo
0.5824249841162885,-0.0187123199119941,9,Tokyo
-0.1084119133762199,0.802191496013707,6,Tokyo
-1.0548516655269935,-0.0399151695259797,1,Tokyo
4.299999383932658,0.1700492503752684,10,Tokyo
2.672596319766255,-0.6820467716683872,10,Tokyo
-0.5752821495703858,0.7650852675126933,3,Tokyo
-0.6637519031392461,-1.1039675848243753,3,Tokyo
0.0001688154822229,0.7147435278313855,7,Tokyo
-0.1419422245011202,0.0413808866882226,6,Tokyo
-0.4578332445747216,-0.0968688657303381,4,Tokyo
2.579488101252818,0.9334022717079244,10,Tokyo
-0.0542540305671482,0.4245620443525073,6,Tokyo
0.5040214656575348,-0.4839206554530827,8,Tokyo
-0.3422258573687873,0.5032117334489631,4,Tokyo
-0.0009901438921164,-0.7642120301025394,7,Tokyo
-0.4575009471884867,0.0403958923032443,4,Tokyo
4.348028415807756,0.8853828545821386,10,Tokyo
-1.01211075740548,0.1502717158680872,1,Tokyo
0.8220928507710465,0.0992641695743768,9,Tokyo
-0.855531407591786,-0.1073857181953016,2,Tokyo
-0.4740197223291517,-1.1873282968742245,4,Tokyo
-0.1193902814426985,0.1261794954630012,6,Tokyo
2.4959733144036003,-1.4747978216434836,10,Tokyo
-0.7234646091178629,-0.3153457255795966,2,Tokyo
0.0022441429822605,0.9016390695246012,7,Tokyo
-0.6837302402149367,0.3821262574514925,3,Tokyo
-0.6869368047727836,0.8464378818314318,3,Tokyo
-0.8607308965929708,-0.885270772982846,2,Tokyo
-1.0852182302523752,-0.3639756748296555,1,Tokyo
-1.1726252384283673,-0.5149490938100395,1,Tokyo
-0.7119574004338448,-0.6023737670865873,2,Tokyo
-0.53720316759771,0.2228259641132886,3,Tokyo
-0.3777625996223298,0.2963047319221049,4,Tokyo
-0.7048278494695227,-0.421145912727406,2,Tokyo
-0.0802912165291237,1.1303410045598237,6,Tokyo
0.3096493058227267,0.8881017236048434,8,Tokyo
3.9284033645640974,1.2431257499440844,10,Tokyo
0.170226750858201,-0.5366702344277564,7,Tokyo
-0.5194235725325633,0.3562405634216667,3,Tokyo
-0.0521911913688449,0.1980918765320649,6,Tokyo
2.8046995154343386,-0.0783763064668087,10,Tokyo
-0.4388108026365714,-0.3306241082477292,4,Tokyo
-1.1905610010108252,-0.05334821003267,1,Tokyo
-0.5256602994869217,0.5116183014278332,3,Tokyo
-0.3467730721168144,0.5365095488340186,4,Tokyo
-0.8782832037665206,0.134362147687276,2,Tokyo
-0.4273252190006574,0.4238767710809597,4,Tokyo
-0.6629622737067242,-0.8077095840923088,3,Tokyo
-0.3447529255436706,0.0463231703669785,4,Tokyo
-0.6409937768999884,-0.0774533351978184,3,Tokyo
-0.881639482387516,0.0945557661083721,2,Tokyo
-0.0243857308853416,-0.2056661631420027,6,Tokyo
-0.0830545135828406,-0.7484773865242863,6,Tokyo
-0.8959206877765362,-0.5145014185711546,2,Tokyo
-0.018567887686415,-0.0983929639102934,6,Tokyo
-0.950641995061436,-0.3357840562624157,2,Tokyo
-0.4171017123456381,-1.0773844815159497,4,Tokyo
-0.1499485153803464,-0.5446082751296685,6,Tokyo
0.4161044701696302,0.8326537297218359,8,Tokyo
1.8021605926238629,-0.0576960713439091,10,Tokyo
-0.802441231155495,-0.2384819217143421,2,Tokyo
-0.0482866249940951,1.2218611121101843,6,Tokyo
-0.9081179830986204,-1.9743572489154544,2,Tokyo
-0.6064999240004403,-1.7948713667008291,3,Tokyo
-0.0165900179267297,-1.635177242430075,6,Tokyo
1.745786916781528,-1.205265869365579,10,Tokyo
4.813548880981737,0.0773408677478601,10,Tokyo
-1.455963310094074,0.4635082497320286,1,Tokyo
-0.8690302823718935,0.7866491182297417,2,Tokyo
-0.1623785468681599,0.3875944669007323,6,Tokyo
-0.4526628895528736,-0.145894557214876,4,Tokyo
3.229623252618765,0.2066281358359635,10,Tokyo
0.2119645313354657,0.0206606603464743,8,Tokyo
-0.5042996749399645,-0.3665466585578139,4,Tokyo
0.0638020741142429,-1.524877284892425,7,Tokyo
1.3014859302911386,-0.0266481384015988,10,Tokyo
-0.5877032886523448,-0.6890520197447881,3,Tokyo
1.660146145991219,0.2999138939815673,10,Tokyo
0.2521410682784092,0.4352524983590722,8,Tokyo
1.8201731771009169,1.2257512342531507,10,Tokyo
-0.5265730354288938,0.953778504904701,3,Tokyo
0.2421198847511652,0.8597980006388536,8,Tokyo
0.3715625128351916,0.5226869723215614,8,Tokyo
0.3766340299472859,-0.2898620451216908,8,Tokyo
3.132019784762975,0.596850815511043,10,Tokyo
0.5577567431760223,0.4386778474745514,9,Tokyo
1.3663310200004986,0.1922594769622023,10,Tokyo
2.732799152359495,0.2779553958721156,10,Tokyo
0.282989137298976,0.3432587476898519,8,Tokyo
-0.6581439052449827,0.0890106915731852,3,Tokyo
0.5545882448152816,1.1816769741651467,9,Tokyo
0.0893085917970174,-0.4684489469627338,7,Tokyo
-0.1727492556472069,0.2539073724508806,6,Tokyo
-0.0227718112833043,-0.0827304261414032,6,Tokyo
-1.1552040932639418,-0.4783078678896963,1,Tokyo
-0.8860353053796954,-0.5641091186741186,2,Tokyo
-1.046782555995758,-0.4706246499797537,1,Tokyo
1.239981915109879,-0.9806614755619936,10,Tokyo
-0.5072376192638466,0.1167802533773904,4,Tokyo
2.540995029593488,0.5257549422044412,10,Tokyo
-0.6559644207736516,-0.9845187238857696,3,Tokyo
-0.4012943677420842,1.104483643238369,4,Tokyo
4.114345366755773,1.15636752579566,10,Tokyo
-0.3305282053859913,-0.313131561951481,5,Tokyo
-0.4251879490446962,-1.3134275118548528,4,Tokyo
-0.7248946377284888,-0.6812240483996738,2,Tokyo
-1.1826157615306998,-0.981174155053688,1,Tokyo
-1.1979249495070008,-0.8033117458573465,1,Tokyo
-0.8636910029177348,0.0385947235619634,2,Tokyo
-0.7540391951854436,-0.2562044455333006,2,Tokyo
0.5468909991421539,1.043227865744604,9,Tokyo
0.2128059824129334,0.9521912098736228,8,Tokyo
-0.8654563617500384,-0.7605149624873762,2,Tokyo
1.2592459591271064,0.9243152395923254,10,Tokyo
2.2894740285126267,0.6475392120043512,10,Tokyo
0.3423068694113197,0.7709014917965168,8,Tokyo
1.6899013362373585,0.7397938383967063,10,Tokyo
0.9803989895239078,0.4574100008105302,9,Tokyo
0.4209535865116082,0.2162058996374088,8,Tokyo
2.288770918302241,0.8867441265291945,10,Tokyo
-0.8081087990762685,0.2784464384390553,2,Tokyo
-1.1909587725252042,-0.5400787680836093,1,Tokyo
-1.1827947347230643,0.3969285292719192,1,Tokyo
-1.0757715113102442,0.0318488496297177,1,Tokyo
-0.2953762041123289,0.3718691763080193,5,Tokyo
-0.6914069623695344,-0.3295572864622942,3,Tokyo
-0.8849967273879523,-0.2054368337482488,2,Tokyo
-0.6333689402253272,-0.1989651459579539,3,Tokyo
-0.5630512191729705,-1.281446580069425,3,Tokyo
-0.0072704114579491,-2.269812609659503,7,Tokyo
-0.5111560608147602,0.4621601121148087,4,Tokyo
-0.7060862937935504,-0.519948795518864,2,Tokyo
-0.8277525490600959,0.8845368599911677,2,Tokyo
-0.6227985257003373,0.2137774716396406,3,Tokyo
-0.5636639339744651,0.7398304281761657,3,Tokyo
-0.8815993816085453,-0.8129838679474015,2,Tokyo
-0.9786977650598574,0.3207349406805043,1,Tokyo
0.2863660349277401,-0.2414259131282925,8,Tokyo
-0.6380557973327352,-0.1886958374577021,3,Tokyo
1.2637960014824117,-0.1341416795096598,10,Tokyo
2.1022960365533074,-0.0808568537137063,10,Tokyo
-0.2416651238446907,0.1479409657387395,5,Tokyo
1.0351386564167528,0.5394610142212164,9,Tokyo
-1.212558875027888,0.4293082755353416,1,Tokyo
0.5934242666587707,0.8699960624231026,9,Tokyo
-0.2461089095652829,0.1291037927621068,5,Tokyo
0.8306148925752979,0.8164855534259988,9,Tokyo
-0.4043266020344534,-0.525026149371599,4,Tokyo
-0.3024009590669241,0.7515186966951406,5,Tokyo
0.2580156693492865,0.6251856521214679,8,Tokyo
0.912695110433496,0.743320415396469,9,Tokyo
0.5067125655607128,0.15122357824187,8,Tokyo
-0.170354402877756,0.8163026271764156,6,Tokyo
0.4741870708526559,0.4429435294351617,8,Tokyo
0.3486556724174048,-0.0030341204420326,8,Tokyo
0.0344035417781545,-1.156423425458294,7,Tokyo
-0.1623005208976869,-0.3634489055349828,6,Tokyo
-1.6386577633459043,0.4244783935426008,1,Tokyo
-0.3449299417125171,0.170002203996676,4,Tokyo
0.5552638790446189,-0.5169192084578541,9,Tokyo
-0.1373069052558408,0.8847117307769734,6,Tokyo
0.6057203705429306,1.0143937562282457,9,Tokyo
0.3941298657444597,1.2691027739295673,8,Tokyo
-0.2751082613069315,0.8448414560507059,5,Tokyo
0.1523656601111448,0.997327227248141,7,Tokyo
-0.6222507660274958,-0.7538355936781156,3,Tokyo
-0.8191725492922236,0.5184110565302003,2,Tokyo
-0.613305805878318,0.343737379692866,3,Tokyo
-0.6226173944989427,-0.1857922879593374,3,Tokyo
-1.1628874537621563,-0.8817158080191988,1,Tokyo
-1.0960724554210362,-0.0886273326241749,1,Tokyo
0.1446832061348903,-0.285648080029363,7,Tokyo
-0.6156451359554891,0.949676574488002,3,Tokyo
1.6913919320238946,0.3430146896192953,10,Tokyo
-0.3191585948685136,0.8708411349931325,5,Tokyo
-0.5920345360993016,0.3113132046138222,3,Tokyo
-0.8785055816224395,0.3644387651378284,2,Tokyo
-0.7749626136770159,0.2650618150158166,2,Tokyo
-0.4376767222355999,0.0038829375695239,4,Tokyo
-0.5401306219015976,0.4707496479631748,3,Tokyo
-0.2565902238622415,0.6940003301302612,5,Tokyo
-1.0174945262808932,0.8008019701487298,1,Tokyo
1.6142659356253473,-0.0944933787762613,10,Tokyo
0.0483967735184665,0.2873803602619366,7,Tokyo
-0.259269680082372,-0.0458391876797803,5,Tokyo
0.9599876948869492,0.7173690647268267,9,Tokyo
2.7310265446880417,0.3485454023650569,10,Tokyo
-0.3069465706745843,0.7199985625986235,5,Tokyo
-0.831643443051483,-0.1437123250777789,2,Tokyo
0.4024890516805722,-0.4664288329838617,8,Tokyo
-0.1993335900136501,0.1313823210663431,5,Tokyo
-1.513822798640978,0.9349036177813216,1,Tokyo
-0.7461604695445822,-0.2198555234732114,2,Tokyo
-1.112365470248028,-0.2160280065862737,1,Tokyo
0.2125195545292192,0.8213947868826447,8,Tokyo
-0.134598517794603,1.1644337321600269,6,Tokyo
-0.0730834796312871,0.2336357703542915,6,Tokyo
-0.4249266925593634,0.0727491846817327,4,Tokyo
-0.2325485921664057,-0.5334251232131331,5,Tokyo
-0.4129973925735707,-0.7035976838858077,4,Tokyo
-1.0968720964942211,0.0983120043459922,1,Tokyo
0.7385965880270478,-0.4687640347820254,9,Tokyo
-0.7432562978875565,0.107461873326326,2,Tokyo
-0.1336201587837595,-0.8324516524971862,6,Tokyo
0.9176170192801516,0.8892674192045363,9,Tokyo
0.4808751981564843,1.0504099952517538,8,Tokyo
0.1833700149554099,-0.1190977341770682,7,Tokyo
-0.7891350038496115,1.0541838609716478,2,Tokyo
-0.2481004865907992,0.465406183044373,5,Tokyo
1.6987999098036335,0.5707284138077751,10,Tokyo
-0.6528848799816798,0.2886077835700104,3,Tokyo
-0.1381387387411202,0.4247062904022889,6,Tokyo
-0.4255368416528645,0.6313345762877739,4,Tokyo
-0.3730497103272133,0.4918858530035475,4,Tokyo
-0.3249866956534504,-0.1180322285810437,5,Tokyo
-0.1225357141949884,-0.5385771174303167,6,Tokyo
-0.1551234115436735,1.0060615748318835,6,Tokyo
0.3679085044140968,0.0407953126957905,8,Tokyo
-0.3071861494893286,0.0838574168128274,5,Tokyo
-0.5173038004087667,-0.6815915343636195,4,Tokyo
-0.8754005289519159,-0.194129316587804,2,Tokyo
-0.123231109455871,0.9556680576089448,6,Tokyo
-0.7117726348779568,-0.4737918410987208,2,Tokyo
-0.3234274131017512,-0.6138995215089866,5,Tokyo
-0.6628874452776027,0.2448019446079648,3,Tokyo
-0.6437125649513761,0.0159640448891938,3,Tokyo
-0.4355800765150635,0.0037606026003348,4,Tokyo
-0.9831568245662824,0.5757637642946057,1,Tokyo
-0.1488811212599499,-0.7091968155274286,6,Tokyo
-0.0398390843504598,0.2154612925482553,6,Tokyo
-0.2626662226470729,-0.2020110323425905,5,Tokyo
0.3991726007772616,0.0374600758688411,8,Tokyo
-0.2790002628868913,-0.0163252026402436,5,Tokyo
0.4711965308409196,-1.343775495804383,8,Tokyo
0.2265312629341944,-0.6011835092916367,8,Tokyo
-0.4226071051081246,-0.1209219436477182,4,Tokyo
-0.4711898640759817,0.7058654585021226,4,Tokyo
-0.2255845901254733,-1.9232680615472144,5,Tokyo
-0.6444529897436019,0.0661670010027375,3,Tokyo
-0.1626462247483364,-0.4534386487203005,6,Tokyo
-0.2613955776956328,-1.8741232298616,5,Tokyo
-0.3441228915079815,0.0199721114508903,4,Tokyo
-0.4534978947796349,-0.6748312721157727,4,Tokyo
0.0269728192287635,0.1832102144375323,7,Tokyo
-0.2729233370546693,-2.4063261042529067,5,Tokyo
-0.446622476581248,0.3188921493179842,4,Tokyo
-0.0141480055501056,-0.5134346999153072,6,Tokyo
0.0693814724626831,-0.8163654416599676,7,Tokyo
0.307091303761688,-1.3293974703733604,8,Tokyo
-0.0716709786855209,-1.8383456436954628,6,Tokyo
-0.5727572733733295,-0.5012917247704546,3,Tokyo
-0.8419331243229213,-0.54752873050015,2,Tokyo
-0.1068564791257639,-0.7678001476371992,6,Tokyo
-0.428684065019457,-0.9675215131791662,4,Tokyo
-0.1598667209673344,0.0670160121699442,6,Tokyo
-0.4079572726988008,-0.4313061375632872,4,Tokyo
-0.4436972885517303,-1.1295612547981966,4,Tokyo
-0.7753099879297861,-0.7534641915812337,2,Tokyo
-0.4064673728527177,-0.5308526768733376,4,Tokyo
-0.5834971278313796,-1.0514081751581992,3,Tokyo
-0.4925095514868889,-2.4584830435793283,4,Tokyo
0.0466363090226119,-0.3798042340851955,7,Tokyo
-0.386732761435728,0.5962885816563032,4,Tokyo
-0.4368572394281297,0.2440888911773635,4,Tokyo
1.0810636605782282,-0.8146977036092697,9,Tokyo
-0.4301780667612038,-0.2722344700127743,4,Tokyo
-0.3389403593014038,0.3546712744566061,4,Tokyo
-0.040115121669372,0.2857270006814607,6,Tokyo
0.0853280329596851,0.4484261373660951,7,Tokyo
-0.9318106532652292,-0.4632344689435352,2,Tokyo
-0.0107174072216815,0.8503791585782409,7,Tokyo
0.1903694045425071,0.2499280374737994,7,Tokyo
-0.3278165134922111,0.1555945276286153,5,Tokyo
2.193806864593893,0.7814122215465144,10,Tokyo
-0.0075197238788416,-0.55046038872916,7,Tokyo
-0.0362843507457735,0.5553874093665315,6,Tokyo
0.2017630342651672,0.8572955039026265,7,Tokyo
-0.4739352788690215,-0.4326000339086703,4,Tokyo
-0.1274901092082545,0.7664833516665617,6,Tokyo
-0.4664487871906851,-0.0145396723036888,4,Tokyo
-0.173137533101867,-1.1890367482789646,6,Tokyo
-0.5536021901741549,0.4346117223032245,3,Tokyo
-0.1257546568315187,-1.6818467223284657,6,Tokyo
-0.4214853344587256,-0.4652074877819286,4,Tokyo
-0.4026148007193058,0.278014420197622,4,Tokyo
0.0458104995475309,-2.103651782080895,7,Tokyo
0.2662034030443848,0.2072521222771113,8,Tokyo
0.1788065969525052,-1.080379608270437,7,Tokyo
0.419305039827672,0.4397253956199531,8,Tokyo
0.0533347143597402,-0.9652286032826104,7,Tokyo
-0.2506767320619136,-0.8932290179254933,5,Tokyo
-0.165023856985684,-0.6374986518149074,6,Tokyo
-0.3735990563176377,-0.929854106774358,4,Tokyo
-0.0060614691362619,-1.0169936537047737,7,Tokyo
-0.2623471076019082,-0.8971396385991192,5,Tokyo
-0.3800042039659846,-1.4355313683243394,4,Tokyo
-0.5590083901366648,-0.4282486063347342,3,Tokyo
-0.1938789342873635,-0.2867673300138588,5,Tokyo
-0.1984341829901478,-0.7121547875758779,5,Tokyo
-0.2946100488704301,-1.719302309537669,5,Tokyo
0.0355351494832056,0.4293570694084315,7,Tokyo
0.280568032014504,-0.2109273597153118,8,Tokyo
0.2704582342691335,0.1524376931353792,8,Tokyo
-0.5340024128262044,-0.5228984486634355,3,Tokyo
-1.1707479735027373,0.50944554258668,1,Tokyo
0.4618547155361383,0.0751836834732567,8,Tokyo
-0.3616507099245817,0.4611166282183754,4,Tokyo
-0.2079570314968402,1.2939004806825516,5,Tokyo
-1.2899647590683094,0.2252893695849525,1,Tokyo
0.1751810512478654,0.6659449772690081,7,Tokyo
-0.5769299276146674,0.9252949006524857,3,Tokyo
-0.8844271042006407,-0.9126745883394244,2,Tokyo
-0.2750957895739264,0.1713538201449617,5,Tokyo
-0.2429481204282439,0.843916935513111,5,Tokyo
-0.7909094437068923,0.0916354033947936,2,Tokyo
1.921125064892591,0.159564585679709,10,Tokyo
-0.2236635584242177,0.5979003129248296,5,Tokyo
-0.0968429621418658,-1.0275591204030643,6,Tokyo
-0.794334032860278,-2.425680657764768,2,Tokyo
-0.3927835737775784,0.278579723550996,4,Tokyo
-0.8753473204476968,-0.6393349945449968,2,Tokyo
-0.4596126401896657,-0.064965282573738,4,Tokyo
-0.1447972310089267,0.4747332832307199,6,Tokyo
-0.2383670481703407,-0.2407785603936808,5,Tokyo
-0.185596461613603,-1.9847698566492893,5,Tokyo
-0.1176092031715591,-1.3858703069604443,6,Tokyo
-0.7830688843905672,0.3213511855902929,2,Tokyo
-0.2797619991076764,-1.4159326228892384,5,Tokyo
-0.1450040029302541,0.1517997998330118,6,Tokyo
-0.2581254123889142,-1.0371595630358723,5,Tokyo
-0.7677370907180354,-0.2191179237269015,2,Tokyo
-0.661715839236409,0.0332747449108672,3,Tokyo
-0.2660917156389282,-0.8627069948121803,5,Tokyo
-0.4920144444493355,-0.513358055574502,4,Tokyo
-0.4181904329988039,-0.0988051412773275,4,Tokyo
-0.5968136531446455,0.027085035074042,3,Tokyo
-0.0012777999998454,-1.3029164930838328,7,Tokyo
-0.2140046221720563,-0.3314718170357053,5,Tokyo
-0.5822852458559997,0.642856965524211,3,Tokyo
-0.637554914823301,-0.8234884946046278,3,Tokyo
-0.9288567653576784,1.002782382443591,2,Tokyo
-0.8264579439906066,-0.6868080539219193,2,Tokyo
-0.1259678185586681,0.268011150029059,6,Tokyo
-0.0534571255571603,-0.7994678737649447,6,Tokyo
-0.7759739519351815,-0.5297515634415858,2,Tokyo
-1.0149424011474182,0.6214939959156252,1,Tokyo
-0.4530389221024876,0.1518739932090529,4,Tokyo
-0.6905088891020762,0.9542060924330436,3,Tokyo
0.2220273207184599,-0.8419749978746437,8,Tokyo
-0.717973073010719,0.8692847171243856,2,Tokyo
-0.2858670918909411,0.9886939162815104,5,Tokyo
0.0421587776274628,-0.1080248242001842,7,Tokyo
-0.5758269736558324,-0.8916257801501662,3,Tokyo
-0.3380305958701016,0.5787702868257891,4,Tokyo
4.991772103128207,0.908009109095354,10,Tokyo
1.9825014036273456,0.8733992484129226,10,Tokyo
0.1249146218019677,0.5301590877602587,7,Tokyo
0.0881785668385302,-0.226627504658611,7,Tokyo
0.6065802245508847,0.1100077609676315,9,Tokyo
-0.8883477689279579,-0.3691952001405442,2,Tokyo
-0.8658677674896634,0.2720092289259149,2,Tokyo
-0.3969747023667009,-0.3704989267363108,4,Tokyo
-0.383894459936604,-0.2635886039056224,4,Tokyo
0.3674879300762472,-0.2565326295504308,8,Tokyo
-0.5106197301809537,-0.0859202622858433,4,Tokyo
-0.1244469348365672,0.0715540815247799,6,Tokyo
1.0273376534284744,0.2345310977720799,9,Tokyo
-0.2092810002110601,0.1377658406876493,5,Tokyo
-0.7184165889641873,0.4785371081318945,2,Tokyo
-0.695585228003631,1.0303489338699434,3,Tokyo
0.3406931075582792,0.9334807717074564,8,Tokyo
-0.1246788094964428,0.079074800414098,6,Tokyo
-0.4156370175718664,-0.1112710417904769,4,Tokyo
-0.2554204858168161,0.0285255485891089,5,Tokyo
0.0488247668955039,-0.0608464390480581,7,Tokyo
0.1706460769832822,-0.7330867685853487,7,Tokyo
-0.8610848601199069,-0.3103888698666671,2,Tokyo
-0.4323912404968903,0.8404569274048864,4,Tokyo
-0.840340738583837,0.808977111971758,2,Tokyo
-0.2083215918063024,0.6300272448098583,5,Tokyo
-0.6821777098526928,-0.5177913962242154,3,Tokyo
-0.0971302032172368,-0.4697807600274379,6,Tokyo
-0.0470030266612248,-0.4331194098569694,6,Tokyo
-0.8775646961512346,-0.6279520103458166,2,Tokyo
-0.0622807295889359,0.5454415612835971,6,Tokyo
0.7158260349006467,0.3247610154216428,9,Tokyo
0.1891932099027594,-0.3463569083779156,7,Tokyo
0.4843789988162379,-0.2208115291933091,8,Tokyo
0.3152691195986022,-0.3100837762594424,8,Tokyo
0.0828356032285107,1.0695028753606242,7,Tokyo
-0.3933056317589095,0.455938247374244,4,Tokyo
1.6913875629088468,0.8788693975947587,10,Tokyo
1.5938714769978544,0.5634640358300367,10,Tokyo
0.0527785124988316,0.1230450452070268,7,Tokyo
0.851771470189007,-0.0064395070052207,9,Tokyo
1.1830158299431544,0.5482542514487184,10,Tokyo
0.2599965778636468,-0.036666894866587,8,Tokyo
0.6593754349077433,-0.2786911529412506,9,Tokyo
-0.4309385884715305,0.9239206835141368,4,Tokyo
0.5446292875582658,0.5618442171337265,9,Tokyo
0.3149819553073459,0.5750423196746303,8,Tokyo
0.3150352879151932,0.5746824106058129,8,Tokyo
2.2655070305838843,0.493163349069522,10,Tokyo
0.3358523511335533,0.5779092795692836,8,Tokyo
0.0933478310406084,0.4339936878958522,7,Tokyo
-0.0334116882462223,0.1076208343201646,6,Tokyo
0.1873732369492824,0.3252656976927434,7,Tokyo
0.502946770838479,-0.7622720362110703,8,Tokyo
-0.6071819975760125,-0.6018825416869199,3,Tokyo
-0.2991039067807535,-0.994031808671035,5,Tokyo
0.8713208575107457,0.3149206200330665,9,Tokyo
0.1555911595476744,0.0146313474414536,7,Tokyo
-0.6177419450683892,0.2990453730629033,3,Tokyo
-0.9085022536363327,-0.359107399171569,2,Tokyo
-1.050510185066622,-0.1210373772845464,1,Tokyo
-0.0479287075202507,-0.3425623964554696,6,Tokyo
-1.3012356151266715,0.3229555706984166,1,Tokyo
-0.2716965108227098,-0.2832521502929579,5,Tokyo
-1.0566529912299407,-0.0838161984672322,1,Tokyo
-1.2373958036051194,0.7423624000953817,1,Tokyo
-0.6403625819191651,0.0763949041152799,3,Tokyo
-1.5686596962868793,0.3953441894548559,1,Tokyo
-0.4297530966243412,0.9398950552436552,4,Tokyo
2.198625185867737,0.9802314383827796,10,Tokyo
1.0613004385601283,0.9825628999349224,9,Tokyo
-0.6321409987136519,-0.4105068026315887,3,Tokyo
0.6566830485083759,1.142131000346943,9,Tokyo
0.2007023810890452,-0.1470929180999298,7,Tokyo
-0.1467372431974712,-0.2119186586354662,6,Tokyo
0.4948491695046733,-0.0066883069180866,8,Tokyo
1.6894568262268403,0.4570084171594116,10,Tokyo
-0.9541986731615432,-0.9420373186134208,1,Tokyo
-0.981673282030196,0.1714869341856206,1,Tokyo
-0.8996525075830153,-0.3993916517026645,2,Tokyo
-0.8197045898700244,-1.354784657645122,2,Tokyo
-0.9903325996119026,0.2218160597953681,1,Tokyo
-0.98214921721074,-0.7932524564077088,1,Tokyo
-1.1275883677263598,-0.009376550692548,1,Tokyo
-0.8579579134932187,-0.7637735820313288,2,Tokyo
-0.8497779969554636,-0.1786833656653615,2,Tokyo
-0.5759126785638897,-0.976727186762888,3,Tokyo
-0.6184652975767845,-0.7200716128026373,3,Tokyo
-0.7592819027194244,0.8586454120573402,2,Tokyo
-0.0402299933463296,-0.4031103629926471,6,Tokyo
-0.0322739675116948,0.851218352818126,6,Tokyo
-0.426827531738836,-0.4182295711825312,4,Tokyo
-0.6495082475783395,-0.1750669143702712,3,Tokyo
-0.5506999748880933,-0.3243994154014248,3,Tokyo
3.6461586271193633,-0.1720939006788405,10,Tokyo
0.0287326612093008,-0.2529501056095975,7,Tokyo
0.4251437421838813,-0.3298557207472748,8,Tokyo
2.401864971364025,0.7108587944440318,10,Tokyo
0.2047250411652107,-0.7784889034609765,7,Tokyo
-0.1040807987057158,-0.2083228667118313,6,Tokyo
0.3075731653772972,0.9311748400228111,8,Tokyo
0.7208486419395284,0.1983901813805393,9,Tokyo
-0.0990461213527896,-1.50040090967284,6,Tokyo
-1.42548373503465,-0.8856593006733798,1,Tokyo
-0.8777481585899779,0.5974345341363102,2,Tokyo
-1.2241903625970905,0.601002871580372,1,Tokyo
0.3883857559448092,0.688498062826744,8,Tokyo
-1.0044454351257264,0.4203148157485388,1,Tokyo
-1.0035460035889008,0.6836724971067022,1,Tokyo
0.8797413900531544,0.058639308001864,9,Tokyo
0.3459118605035671,0.1169276536483303,8,Tokyo
-0.3550802195559853,0.1724444858716574,4,Tokyo
-0.3629845420263184,0.1826290609388273,4,Tokyo
-0.2118830949930309,0.1065529369352309,5,Tokyo
-0.9370059670000952,-0.0561241951086742,2,Tokyo
-0.3171128145680536,0.2071933392016839,5,Tokyo
-0.3249498933793506,0.3712628027349212,5,Tokyo
-0.7326858539119296,-1.32253598698149,2,Tokyo
-0.6077544867758065,0.6767493272217994,3,Tokyo
-0.487400916413706,0.1357034848560231,4,Tokyo
-0.4364581627061959,-0.0505213470159827,4,Tokyo
-0.3864812044530977,-0.4853587790320524,4,Tokyo
-0.3466146824496679,-0.520209731882615,4,Tokyo
0.6911026054382171,0.5368610761952907,9,Tokyo
0.8051236373703391,0.2967734140910583,9,Tokyo
-0.2426570089953292,-0.5608515048808039,5,Tokyo
-0.07087041095975,-0.3864861825634586,6,Tokyo
-0.521005300755601,-0.0521317499475372,3,Tokyo
-0.1002369480963827,0.385590315761493,6,Tokyo
0.0185193366008993,-0.3224697778241845,7,Tokyo
0.2185015156158055,-0.3626552788712152,8,Tokyo
0.4822601285222157,-2.3559396368351067,8,Tokyo
0.2442372974022934,0.2686837160164602,8,Tokyo
-0.7724503933508665,-0.5121727189829256,2,Tokyo
-0.69471071813548,0.0139773020372748,3,Tokyo
-0.6980230759872249,0.7380745366974439,3,Tokyo
0.1178838965570982,-0.0109454352465138,7,Tokyo
0.4262563525681013,0.7446517856920635,8,Tokyo
-0.667358987177483,-0.7440500389523864,3,Tokyo
-0.3118927216761255,0.4614467216519982,5,Tokyo
0.2246819962668545,0.4675509517832238,8,Tokyo
-0.4888247805772391,-1.9336427258060132,4,Tokyo
-0.6463545979400005,0.2810288158789504,3,Tokyo
0.1819226336387277,0.1387077846175676,7,Tokyo
0.1930119571941923,-0.012727991192243,7,Tokyo
0.0004670232036266,0.7072735184808311,7,Tokyo
0.1278620736187234,0.0008102236527059,7,Tokyo
0.0733367753085204,-0.803966367168872,7,Tokyo
0.1056335355568174,-1.109099414583976,7,Tokyo
-0.1281086509581094,-0.0118743104816974,6,Tokyo
0.2078604273820953,-0.0271729449273159,8,Tokyo
-0.2953327388451131,0.1538610020994047,5,Tokyo
-0.2776919428020847,0.2908730990115742,5,Tokyo
-0.2981322338977305,-0.56579648822179,5,Tokyo
-0.5394841697545931,-0.972826325693306,3,Tokyo
-0.1599197572902317,0.3127756856841954,6,Tokyo
0.4129629246147657,0.6802295189486838,8,Tokyo
-0.6161065025818608,-0.297793257201999,3,Tokyo
-0.2724195973380625,-0.8159482559595957,5,Tokyo
-0.2040152316919422,-0.373286277847419,5,Tokyo
-0.4167343418792356,-0.736630775715908,4,Tokyo
-0.1649242777534056,-0.3092327899682761,6,Tokyo
-0.2294660562834346,-0.7876719678591736,5,Tokyo
-0.2672230526622352,-0.4302382751559347,5,Tokyo
-0.1954912571631642,-0.27506761490041,5,Tokyo
-0.1936846824513864,-0.95794954059294,5,Tokyo
-0.224095791291357,0.2960349325384215,5,Tokyo
0.0325420755049545,0.6250022148309654,7,Tokyo
-0.2944020017833056,0.734720294648061,5,Tokyo
0.2588118455148819,0.2187173120887095,8,Tokyo
-0.0310781078442916,0.7187794687413657,6,Tokyo
-0.0515613790420661,0.3697046345062524,6,Tokyo
0.0462846858650968,0.3895376419479529,7,Tokyo
0.2394173889035005,0.2372352571399195,8,Tokyo
-0.2034321152578648,0.0561531839649467,5,Tokyo
0.2255646724009964,-0.3800228454803705,8,Tokyo
-0.1710397090081497,0.8406654886965503,6,Tokyo
-0.2528521704025827,-0.2809194319892678,5,Tokyo
0.0421035145804075,0.3255999905206158,7,Tokyo
0.2495307148878858,0.600938736816424,8,Tokyo
-0.5331803848360719,-0.7798123542326296,3,Tokyo
-0.8062577980730932,-0.2007916095931927,2,Tokyo
-0.7149457259799931,-0.0362997838398972,2,Tokyo
-0.8540289258182594,-0.420827251506431,2,Tokyo
-0.098878730555303,0.4049475294502695,6,Tokyo
-0.2001936303139251,0.1401102178605271,5,Tokyo
-0.0816240938256322,0.4160017457412273,6,Tokyo
-0.4562917785499958,1.03225914640594,4,Tokyo
1.1767862530244726,0.2685730782035014,10,Tokyo
-0.3967210606307425,-0.5676683133347505,4,Tokyo
0.293877732566799,0.699403200431966,8,Tokyo
0.4098155255690489,0.1087383244723961,8,Tokyo
-0.0447829912380703,0.7129878589700205,6,Tokyo
0.1516887823358378,0.6961951277343906,7,Tokyo
0.4541917177797078,0.21943545939622,8,Tokyo
-0.0491574057432808,-0.0088565004252063,6,Tokyo
0.1622219033083713,0.3687089516224529,7,Tokyo
0.1390442479522229,-0.16194345083712,7,Tokyo
0.4567601758659514,0.1619537428066563,8,Tokyo
-0.0467051889987217,0.292624676100129,6,Tokyo
0.0049007721497847,0.3607122080214748,7,Tokyo
0.1004851949728127,-0.2880926978397942,7,Tokyo
-0.0827505260025478,-0.1932815749927288,6,Tokyo
-0.0871892724067635,0.2815042397396435,6,Tokyo
-0.7273445405769722,0.3459281179379267,2,Tokyo
-0.1928659813107897,0.2782648984628826,5,Tokyo
0.2346541036308772,-1.6813768249188248,8,Tokyo
-0.5173496337066069,-0.175627526476856,3,Tokyo
0.0098486400009776,-0.9118847649220428,7,Tokyo
-0.2249239755409295,-0.8284228214294157,5,Tokyo
0.128169244240271,-1.1994479290594182,7,Tokyo
0.2550206970410135,-0.1833991171561568,8,Tokyo
0.4893985179335634,0.3837251979553019,8,Tokyo
0.1946884038044181,0.0330017745069619,7,Tokyo
0.2512965237964062,0.9020243718450924,8,Tokyo
-0.0555752607389207,-0.2235333423912256,6,Tokyo
-0.1267823536117309,0.0009520811195128,6,Tokyo
0.6684700796201215,0.1811599704463377,9,Tokyo
0.422073700854395,-0.2412459634741482,8,Tokyo
0.3775287979272235,0.2423447134672347,8,Tokyo
0.1885343675707214,-0.2362459448783318,7,Tokyo
0.3978436380648683,0.2524026682912096,8,Tokyo
0.1956440719413806,0.6715660914602174,7,Tokyo
0.2671743342566748,0.6330802059217125,8,Tokyo
0.9060869229299544,0.0313361123019093,9,Tokyo
1.6401549719595214,0.113833477285645,10,Tokyo
0.2834172961008943,-0.2823719360446012,8,Tokyo
1.5141917852168083,0.8256660674246863,10,Tokyo
0.6168795520414149,-0.3964888481491291,9,Tokyo
2.327836550708511,1.0596520915970589,10,Tokyo
-0.1813699610965439,0.6055521045795713,5,Tokyo
-0.2368725283611904,-0.4596975443451563,5,Tokyo
-0.0212457160386349,-0.92733569610354,6,Tokyo
0.0398722362305802,-0.4158310575862067,7,Tokyo
0.4386823587736845,-0.579729351942257,8,Tokyo
0.306556008753231,-0.1871647694258301,8,Tokyo
0.1546074401500122,-1.3935267867072412,7,Tokyo
0.2932010873443157,-0.1154635063848878,8,Tokyo
0.5696051135677629,0.4648323450658131,9,Tokyo
0.5496188958149272,0.0107118365355649,9,Tokyo
0.3971088188747441,0.2574816438165412,8,Tokyo
0.1639610894976032,-0.0218814744088005,7,Tokyo
0.4090625923125381,0.1576942069753748,8,Tokyo
0.533580748249574,0.3442907926526735,9,Tokyo
0.6429567767146659,0.1552909053022915,9,Tokyo
0.3130671212396694,-0.5819669736593683,8,Tokyo
0.4181498465443967,-0.2225121600270811,8,Tokyo
0.6897212358885284,0.1896487092000472,9,Tokyo
0.4646689292888343,-0.0484012999198375,8,Tokyo
0.4029387534971463,-0.7433542049328338,8,Tokyo
0.5222243416542531,-0.2486461410244036,9,Tokyo
2.646589707217563,0.4432120077353108,10,Tokyo
4.298924058234831,0.7479945091228489,10,Tokyo
4.809247698075651,-0.1729481438022468,10,Tokyo
3.609037650794353,0.825834865683538,10,Tokyo
0.4068107289856581,-0.2514340093360429,8,Tokyo
0.9250444094128484,0.9892795860883388,9,Tokyo
0.1235439326160046,-1.2833514856641042,7,Tokyo
-0.1023909109897202,0.1727228446439246,6,Tokyo
0.6110117638368802,0.4557602372238822,9,Tokyo
-0.2507990072634243,-0.0747111220393268,5,Tokyo
-0.4173244553404375,0.8667294178137747,4,Tokyo
0.0478342760881282,0.0061578063997953,7,Tokyo
0.0866022855962534,0.0092463711131622,7,Tokyo
-0.0802211483297038,-0.8624469630373842,6,Tokyo
-0.0514141102986834,-1.1502986130258688,6,Tokyo
-0.0093384086926785,-0.3488903510193555,7,Tokyo
0.4303215814206104,-1.2008205391769249,8,Tokyo
0.7335564421455635,-1.1376083424860373,9,Tokyo
0.4913209669236261,0.0593209878959529,8,Tokyo
0.7412785276586509,-0.6205993754817839,9,Tokyo
0.2942487452302639,0.0817141119825357,8,Tokyo
0.0943899550533001,0.4405868282336317,7,Tokyo
0.4459060940873396,0.7563980609088716,8,Tokyo
0.6635663851619965,0.2579214905500792,9,Tokyo
0.2122955433202854,0.4510020476542011,8,Tokyo
0.5588355394949199,0.5331888621540216,9,Tokyo
0.8435014895458787,0.3437798746509214,9,Tokyo
0.8494077724423165,-0.0598838841515416,9,Tokyo
1.211621104946696,0.2225233222489822,10,Tokyo
0.6998175648486183,0.133016740234756,9,Tokyo
0.7208353672915959,0.4284561193417308,9,Tokyo
2.6600835530537346,0.5092528889766105,10,Tokyo
0.8389540934942499,0.4075594039557629,9,Tokyo
2.1069914797748184,0.6532408687508413,10,Tokyo
3.0654720900875985,0.6376738926534913,10,Tokyo
1.5373311209510203,0.3528031862219961,10,Tokyo
2.4693009411419244,0.869568593146015,10,Tokyo
1.37084573341665,0.1198001842737734,10,Tokyo
0.3329817651994183,0.7637159956005344,8,Tokyo
-0.3617912692115955,-0.0256349994677714,4,Tokyo
-0.3407168144473366,0.3184650096250787,4,Tokyo
-0.5531742195884972,-1.0957916923239464,3,Tokyo
-0.2658394870958736,0.6704014535585352,5,Tokyo
-0.333177889885815,0.2197227953770358,5,Tokyo
-0.7772910988806859,-0.1655311520945199,2,Tokyo
-0.8422271438538219,0.2415685644481247,2,Tokyo
-0.1046311457168267,-0.6355681324665287,6,Tokyo
1.2202191831189488,0.1604983702091664,10,Tokyo
-0.0606238655193057,-0.2644599609870199,6,Tokyo
2.4462139053149308,0.4501046733302505,10,Tokyo
1.0417018129945528,0.9603660429840803,9,Tokyo
0.4160868205968743,-1.0132530308296257,8,Tokyo
0.6869722004859504,0.0108876520328962,9,Tokyo
0.9487127127111904,0.1934638938695561,9,Tokyo
0.9308047270491312,0.5520879136938678,9,Tokyo
0.8143202256508981,0.301861053988002,9,Tokyo
0.899987287023472,0.2226172384295898,9,Tokyo
0.59896167370123,-0.7027990076533732,9,Tokyo
0.8465215880341361,0.0320531867858012,9,Tokyo
0.7444865092228141,0.1635938764877436,9,Tokyo
0.6741270934234307,-0.6171397750938153,9,Tokyo
0.2870045132424977,0.3540675621057856,8,Tokyo
-0.0547304375680495,0.4419266758704475,6,Tokyo
0.093699311946101,-0.978943978055426,7,Tokyo
-0.010135972005021,-0.3915441900329672,7,Tokyo
-0.0224505123302632,-0.2446261636490062,6,Tokyo
-0.1250308059231027,-0.3314418587766543,6,Tokyo
0.5335161813139115,-1.3977696465378175,9,Tokyo
0.3610086404703795,-1.0077980433517502,8,Tokyo
0.6421426721051431,-0.4807792432448889,9,Tokyo
0.7321337525633758,0.1671781583128545,9,Tokyo
0.278012519934756,-1.1951426635175133,8,Tokyo
1.27262565673674,-1.3727443937134025,10,Tokyo
0.5011319826951478,0.0667997117309173,8,Tokyo
-0.1712595840006801,-0.0900475621978354,6,Tokyo
0.7837136336745237,0.0203502652533063,9,Tokyo
0.4512989587239469,0.4033896170154095,8,Tokyo
-0.660700087159544,0.7887839983044981,3,Tokyo
-0.1186432642536524,0.5345058176966517,6,Tokyo
0.5449992283157009,-0.7479675064059247,9,Tokyo
-0.2865568783333365,0.2028067314966787,5,Tokyo
0.1307668200421519,0.5018862474708093,7,Tokyo
-0.7318417503159813,0.6088378299101432,2,Tokyo
0.1010904144820419,-0.341657212237902,7,Tokyo
-0.0277503732413972,0.1612209854805092,6,Tokyo
0.4299348493820378,0.065539445421307,8,Tokyo
-0.4182870324113788,-0.0352383631349453,4,Tokyo
-0.9941973478470936,-0.4826234594247809,1,Tokyo
0.4020681826567743,-0.405074942155898,8,Tokyo
-0.2324757986154876,0.833916480850429,5,Tokyo
-0.0968286063649393,-0.1520218293207993,6,Tokyo
-0.4902109470195278,-0.3516687251179777,4,Tokyo
-0.1140528023219654,-0.5676536011560563,6,Tokyo
0.2485211980618111,-0.2702828967933506,8,Tokyo
0.3918425615942754,-0.2704787820302143,8,Tokyo
-0.0242977854582604,-0.4072198479110161,6,Tokyo
0.8293707772181421,0.461732609014722,9,Tokyo
1.0542298795119518,-0.4033707900203453,9,Tokyo
0.8225660375775097,0.7242899816193239,9,Tokyo
0.4822976853938632,-0.2991785603182662,8,Tokyo
0.1257691018984314,-0.6889406578642526,7,Tokyo
0.6441157079222012,-0.0200042413395575,9,Tokyo
0.1622723406585,-0.1409471389155191,7,Tokyo
0.5795597912521276,-0.4310155610262587,9,Tokyo
0.8423337651008438,-0.8631978435921394,9,Tokyo
1.127394091572611,-0.3188260923591625,9,Tokyo
0.7700395080340747,-1.212539963281128,9,Tokyo
1.0662019770078133,-0.3924134797403718,9,Tokyo
1.138607907166976,-1.1183058469297935,9,Tokyo
0.3009366387201562,0.5768373827982137,8,Tokyo
2.758417169687824,0.8491737022326501,10,Tokyo
1.3230947642632018,-0.1143945617712931,10,Tokyo
1.1168494497924213,0.2368714641066564,9,Tokyo
2.122882228982332,-0.1651469304766509,10,Tokyo
-0.1584103159913982,-1.1693018345829922,6,Tokyo
-0.1921160033579796,-1.0801180739028966,5,Tokyo
0.9615205015750746,-0.8123280601772128,9,Tokyo
0.3837901155706749,0.3367177839137976,8,Tokyo
0.1272196854415493,0.3794926643679352,7,Tokyo
-0.2239558408778797,-0.8479671543598051,5,Tokyo
-0.0596657451983851,0.1932101221009796,6,Tokyo
0.1271494779929244,0.4542405849928027,7,Tokyo
-0.1738999706981082,0.0367036483165843,6,Tokyo
-0.1398498014372361,0.8031042365855249,6,Tokyo
-0.0003549826903582,-0.5210866778365367,7,Tokyo
0.0859257877735424,0.84417200314011,7,Tokyo
0.398083504658074,-0.9940173708178394,8,Tokyo
0.2388162374316031,0.3872700142175868,8,Tokyo
-0.0043710448866594,-0.368148493690418,7,Tokyo
0.3386128187200024,0.9031015533884772,8,Tokyo
0.1222395622142367,-0.0229453946923343,7,Tokyo
0.0586083031838295,-1.5856308578622018,7,Tokyo
0.0807613620180278,0.1724572232930384,7,Tokyo
0.372580496043183,0.2645339476483064,8,Tokyo
0.1801198715053651,-0.7680913662897533,7,Tokyo
0.1024368877593789,-0.047602431713836,7,Tokyo
0.3372788593826931,0.2308371180622338,8,Tokyo
0.5179654126966869,-0.6721337358428371,8,Tokyo
0.7613057486027653,0.0962310874777533,9,Tokyo
0.3721809314762028,-1.0325583581357851,8,Tokyo
0.6042481042581064,-0.9995057736819064,9,Tokyo
2.557526851580701,-1.0585221654572785,10,Tokyo
1.0533374900096175,-0.1705344778574471,9,Tokyo
2.8527228120349952,0.1805111909260412,10,Tokyo
2.080409172656831,0.1294393922117228,10,Tokyo
2.3426727855074265,0.042475074453829,10,Tokyo
1.0807173198976616,0.056770381354847,9,Tokyo
2.822856776059236,0.0132240986248469,10,Tokyo
1.4611090653236998,0.1671992353233014,10,Tokyo
1.1859853174981896,-0.1393005016071705,10,Tokyo
1.0294035627768456,0.5292932919268328,9,Tokyo
-0.2122799519706863,0.3843279482654276,5,Tokyo
1.3165379522334333,-0.2529338999843699,10,Tokyo
0.3280633481185069,-0.9539526017724418,8,Tokyo
1.297522669350781,0.1065004942007087,10,Tokyo
-0.2579273833248505,-0.2322164468134894,5,Tokyo
-0.3789862512847465,0.0466897335777627,4,Tokyo
-0.573326315374018,0.4307207046327785,3,Tokyo
-0.3433625962784209,0.1061337255888094,4,Tokyo
-0.6575928136094169,0.4165567161874275,3,Tokyo
-0.0783510742296276,0.3958882887687857,6,Tokyo
-0.2590742727167935,0.1504341340153198,5,Tokyo
0.8481778948868116,0.5985423118333517,9,Tokyo
-0.1233055662969024,-2.445144124528973,6,Tokyo
-0.0625786523549786,0.0520622435894926,6,Tokyo
-0.2060531451227621,-0.7183737372095886,5,Tokyo
0.089572669534995,-1.008366039052318,7,Tokyo
0.0240381535564602,-0.1450710195454507,7,Tokyo
-0.3902600053638481,0.7469330378477914,4,Tokyo
0.1521543287227634,0.376780581679134,7,Tokyo
0.3954439693885947,0.1193480801270124,8,Tokyo
1.133324206296343,0.6644300345086822,9,Tokyo
-0.0257732192790027,0.3228396198439878,6,Tokyo
1.1802722005449298,-0.3050974437988721,10,Tokyo
-0.0091746790017205,-0.4921993491881395,7,Tokyo
1.7345104099391568,-0.606141663581679,10,Tokyo
0.663916415338924,0.2772932118591609,9,Tokyo
0.8700072538886648,0.4318727262038571,9,Tokyo
0.7385523957019184,0.944654086648198,9,Tokyo
1.4968577388537636,0.0643433964252604,10,Tokyo
0.7354109957233055,0.281353613314008,9,Tokyo
-0.2060771323821724,0.1796945064055782,5,Tokyo
1.1086426373470843,0.0237473262051355,9,Tokyo
1.122351343526246,0.47577050798791,9,Tokyo
0.2400208520951366,0.5741912793644857,8,Tokyo
0.4004994450122213,-0.2567644250940269,8,Tokyo
0.6410131430225114,1.026456821680544,9,Tokyo
0.2296041181171501,-0.0113252746386498,8,Tokyo
0.0535803348394266,0.174349402411667,7,Tokyo
0.7224764763155389,0.1537721499659371,9,Tokyo
0.3076881229556303,0.3402743905468116,8,Tokyo
1.1845179021437835,0.9948163066731952,10,Tokyo
0.4830603366649516,0.2762925769454891,8,Tokyo
0.4251985681440655,0.8067342671355598,8,Tokyo
1.487322772224898,0.4519298371095581,10,Tokyo
1.375906217093285,0.7222409429860699,10,Tokyo
0.0204135681277645,0.3960838566950113,7,Tokyo
0.979972564626517,0.9691566725641568,9,Tokyo
0.0245258476561944,0.9809752334919124,7,Tokyo
-0.0654028553552817,0.8951202063112443,6,Tokyo
1.1208647236915288,0.8874802998752885,9,Tokyo
0.0590882474324499,-0.3208381911684784,7,Tokyo
-0.0366698133595401,0.5252206971256718,6,Tokyo
-0.4102314743186573,0.3224887306060418,4,Tokyo
-0.281990053340673,0.0638918418871365,5,Tokyo
0.6175727078419642,0.174465843648386,9,Tokyo
0.0777065544810024,0.5988505902211344,7,Tokyo
0.0062312059665382,0.5574954820348119,7,Tokyo
2.0079616016174238,0.175680080961881,10,Tokyo
-0.3872222509948896,0.108652515930373,4,Tokyo
3.5230441823546848,0.2827258837465579,10,Tokyo
-0.0583218703565973,-0.6306098192712615,6,Tokyo
-0.2602183078343684,0.2118405797232059,5,Tokyo
1.0273408876035457,0.2560459205124286,9,Tokyo
0.407719173378205,0.4442207992195732,8,Tokyo
-0.3388601251113579,-0.1430100761529481,4,Tokyo
-0.028385991624246,-0.0552702210564237,6,Tokyo
-0.8040221586348716,0.3437874916043995,2,Tokyo
-0.0833160473034659,0.0302033442424124,6,Tokyo
-0.0255272071316614,0.7271299164740713,6,Tokyo
-0.3453149378036876,0.9255840329794424,4,Tokyo
-0.050068605296534,0.3923650098385404,6,Tokyo
0.0404283178654573,0.6546162791240638,7,Tokyo
-0.5393723216927016,0.2112733495892794,3,Tokyo
0.2381004050635398,0.5984813473614915,8,Tokyo
2.214647798188991,0.2005089813996942,10,Tokyo
3.0733417751069774,0.8148312632875712,10,Tokyo
1.8070396745506847,0.4780491367361127,10,Tokyo
1.145842112565869,0.560286259866977,9,Tokyo
3.4769167386025117,1.2083078143081756,10,Tokyo
-0.7438838793352988,1.0232134582708965,2,Tokyo
-0.0536260636534466,0.5055112190087655,6,Tokyo
-0.0528151143328396,0.2336200542592467,6,Tokyo
0.2776027915657164,0.6748781752487035,8,Tokyo
0.4658660765708453,0.267541862473252,8,Tokyo
0.8371263726628486,0.7141211708779395,9,Tokyo
1.6235476029140592,0.1941595783253189,10,Tokyo
1.281403978381651,0.6445514955356452,10,Tokyo
-0.0434710475551301,0.0338241264244936,6,Tokyo
-0.6581383189311439,-1.1060534041944712,3,Tokyo
-0.0784001696990643,0.1548760575817694,6,Tokyo
-0.202677073587663,0.3788153103832874,5,Tokyo
-0.2103259983298212,0.485173450445495,5,Tokyo
0.5533371707336893,0.8246460069949594,9,Tokyo
-0.0281526779439093,0.0566014123190545,6,Tokyo
0.1730402680514185,0.4632448246935253,7,Tokyo
2.652424622501657,0.3538886849517733,10,Tokyo
0.8165732143962887,0.0070452499598097,9,Tokyo
1.7224267780330498,0.5211611196861524,10,Tokyo
1.2525281887800044,-0.2772925811147347,10,Tokyo
4.792430088125205,0.5988290891538675,10,Tokyo
0.7291434976988715,-0.1362934596142733,9,Tokyo
1.947341245556158,0.6402075494104021,10,Tokyo
0.7850007777443093,0.7880284914980433,9,Tokyo
0.1911750374763036,0.3820231374881582,7,Tokyo
-0.3267627561284453,1.290883053840307,5,Tokyo
0.0498967672677085,0.4158766130157222,7,Tokyo
-0.5396281455515567,0.7154158508876497,3,Tokyo
0.0172771802266821,0.5175918364212292,7,Tokyo
0.644534012867726,0.3952658336468317,9,Tokyo
-0.4864824541920418,0.6804905099838757,4,Tokyo
0.2013920305423365,-0.4067097306860708,7,Tokyo
0.0351827908709885,-0.6185188661409146,7,Tokyo
0.8227085279312627,0.1928791525669475,9,Tokyo
-0.1264116413506243,0.4354717679011177,6,Tokyo
0.9600107461422848,0.1336126942140666,9,Tokyo
-0.0033622050238577,-0.0824403405759566,7,Tokyo
2.583265375481574,0.5396562767362557,10,Tokyo
0.2812686786230197,0.33887118938926,8,Tokyo
-0.0599024835505931,0.503405974985445,6,Tokyo
-0.3353072429182873,-0.0950240949910989,5,Tokyo
1.5649128270768278,-0.7028700837757741,10,Tokyo
-0.2908968756351048,0.0740051338175579,5,Tokyo
0.6963425045841628,0.2585735030884749,9,Tokyo
0.836495640693873,0.5454896803354535,9,Tokyo
0.2790444931345251,0.823772233702775,8,Tokyo
1.1703971356692906,-0.4464037469378972,9,Tokyo
2.370120936800709,0.4480381730846728,10,Tokyo
1.0016136841338183,0.9852627978566436,9,Tokyo
-0.9773656250475214,0.7449647132276946,1,Tokyo
1.5700125260419484,0.0269783628415856,10,Tokyo
0.269743162658457,-0.3379972856378617,8,Tokyo
0.2089065545095252,0.7778718603611519,8,Tokyo
-0.3639538842104461,0.4591682894672713,4,Tokyo
-0.1788763337268494,-0.5564934722281317,5,Tokyo
-0.143365975270609,-0.029934704140196,6,Tokyo
-0.110228089984541,0.7791474315015089,6,Tokyo
0.2927181254986963,0.5922602161729078,8,Tokyo
0.0316770841042467,0.6889380244657052,7,Tokyo
2.3439870537889145,-0.0019502148290756,10,Tokyo
1.0613039629874934,0.3318741614737075,9,Tokyo
0.5464001000048652,0.5960668925072069,9,Tokyo
0.7949810250591497,0.5826395578509966,9,Tokyo
0.9784915515747192,0.6474982294919447,9,Tokyo
0.6962885602015311,0.6744668355288935,9,Tokyo
0.1850453012794531,0.5563815936163631,7,Tokyo
0.0367855313281386,0.0254539648241295,7,Tokyo
-0.078691463447863,0.0886580549583537,6,Tokyo
-0.0288787031811587,-0.0067772710139341,6,Tokyo
0.1488542535028522,-0.4560470583662042,7,Tokyo
1.161255592514144,1.0822560187940695,9,Tokyo
0.3816565952049676,-0.3683691049226376,8,Tokyo
0.9728888427590976,-0.3284767723730413,9,Tokyo
2.7762608231119823,0.7782169716416676,10,Tokyo
0.7053986712602333,0.7024925673870367,9,Tokyo
3.154538999393998,0.5872993429255032,10,Tokyo
1.3244733419765602,-0.0411851367258269,10,Tokyo
0.0803540347144338,0.3250067781116694,7,Tokyo
0.824435675840187,0.9959489364693508,9,Tokyo
0.1301400396541541,-0.2016321724454198,7,Tokyo
-0.5071518898825143,-0.1669688803475005,4,Tokyo
-0.3243650540581902,-0.4119647270904553,5,Tokyo
0.4629826543267245,-0.1791434051778617,8,Tokyo
0.2381335594847464,0.0755631800200741,8,Tokyo
0.2790876635114214,0.4706488190127351,8,Tokyo
0.7443954568020894,0.6661364878211973,9,Tokyo
1.9392255650189631,0.2002739843424067,10,Tokyo
2.3188195428792167,0.7272917422382589,10,Tokyo
1.176277144938192,-0.1692038802272986,10,Tokyo
2.981771915564549,0.4716585066054171,10,Tokyo
1.8199059761774323,0.3315607861677034,10,Tokyo
0.89435906038673,0.4852612519747709,9,Tokyo
1.3111287656788686,0.7959248405459296,10,Tokyo
1.5351287650298506,0.6922692830562808,10,Tokyo
1.315104713915132,0.4050250582634052,10,Tokyo
2.063094695672487,0.532229629637034,10,Tokyo
1.2224499751409514,0.513242519017713,10,Tokyo
-0.3746711148416602,0.0539921658749363,4,Tokyo
0.1964325946559447,-0.5359970707171494,7,Tokyo
0.0466996086648982,0.8835610843170166,7,Tokyo
0.4529688804589335,0.5511554540268245,8,Tokyo
-0.0564336839058436,1.0270593919380102,6,Tokyo
0.3381594991402101,-0.9355397241924438,8,Tokyo
0.9511777127596408,0.6328753191245042,9,Tokyo
0.0711408887686966,0.4617385961546747,7,Tokyo
0.6568878654440587,-0.4395181008859956,9,Tokyo
0.0803189936940821,0.0474150486637348,7,Tokyo
0.3279405032121597,0.2228272667418695,8,Tokyo
0.303705371120361,0.1419952645908534,8,Tokyo
1.404286420644273,-0.2554533774466535,10,Tokyo
0.2672901590408421,1.1083364733686178,8,Tokyo
0.7261681950822128,-0.0098311351858962,9,Tokyo
1.4099893831541246,-0.952669506216064,10,Tokyo
0.9670613941882352,0.0741655233768174,9,Tokyo
1.2939001455270134,0.619301472130108,10,Tokyo
0.6084458999326321,0.8175220796921256,9,Tokyo
2.6775138293891856,0.7893106655762655,10,Tokyo
1.5256038048113318,0.7089370253215327,10,Tokyo
1.0305803106788625,0.702052396601597,9,Tokyo
2.4218705174239785,0.6444494353099776,10,Tokyo
0.6303689631877263,0.3458282724263244,9,Tokyo
0.3969845542533077,0.0018722352215786,8,Tokyo
1.5560095381652592,0.6353905659103914,10,Tokyo
0.2825296414763372,0.6130256090551214,8,Tokyo
0.5626843572948674,-0.0457797621175245,9,Tokyo
-0.3074487193152025,0.8062200686463608,5,Tokyo
0.1020062097017278,0.9286012290690868,7,Tokyo
-0.1482952250789821,0.0358214038036856,6,Tokyo
-0.1480467773661378,0.5503737570342857,6,Tokyo
-0.3335347427544024,-0.7069155694062563,5,Tokyo
0.7220432761936182,-0.1810712405832487,9,Tokyo
-0.1133308337946774,-0.3034065537854534,6,Tokyo
-0.0862056185584838,0.8066680061085459,6,Tokyo
-0.1287437043899633,-0.6349641054478156,6,Tokyo
-0.3446134123169572,0.6236734758404909,4,Tokyo
-0.6267357975973396,0.8556169481029309,3,Tokyo
0.1340732673228052,0.4966298775566615,7,Tokyo
-0.3036251508695016,1.0847812221765858,5,Tokyo
-0.2310031237185507,0.2027261870844993,5,Tokyo
0.6874971774665276,0.7859532928727977,9,Tokyo
-0.676857802145013,0.8330221246770725,3,Tokyo
0.4339722035114885,-0.2299297399764903,8,Tokyo
0.4371823006631792,0.8494912284875243,8,Tokyo
0.3447166734171147,-0.2035952713224097,8,Tokyo
1.0674863717667276,0.2356543717298125,9,Tokyo
0.3534337676561107,-0.5944007418664138,8,Tokyo
0.1472111970066636,-0.3022927467373728,7,Tokyo
0.5463612088916705,0.381340939451795,9,Tokyo
1.100349498247985,0.8400113463454315,9,Tokyo
0.6290726642287469,-0.7964761498899214,9,Tokyo
1.3633337335172866,0.5802751404683592,10,Tokyo
0.2373372400247086,0.8127122473882714,8,Tokyo
-0.5359134568825201,0.8547420828348082,3,Tokyo
0.7423023724075686,0.3682194977435478,9,Tokyo
-0.108783317998028,-0.3481261469628887,6,Tokyo
-0.1970189253326385,0.0327102530155282,5,Tokyo
0.7074506014898961,0.0568192568305588,9,Tokyo
0.7046462893586528,1.0979966144727589,9,Tokyo
1.3370964019535014,1.326000615596449,10,Tokyo
0.1757689074659769,-0.0992083165396653,7,Tokyo
0.383396564190645,-0.0215864199562486,8,Tokyo
0.6087262218605677,-0.440414775489512,9,Tokyo
0.6259946100000352,-0.0503595422438509,9,Tokyo
0.2159167518745331,0.2625200721676785,8,Tokyo
0.6264384017401826,0.7717721649576292,9,Tokyo
0.5764793672708982,0.5228699879363853,9,Tokyo
1.5668248825744129,0.3916975454189242,10,Tokyo
0.0024031093326194,-0.202771239265114,7,Tokyo
0.4785424407147119,0.4667392330705316,8,Tokyo
2.092499342956909,0.2026408034904409,10,Tokyo
0.2613886678774273,0.0883762941678217,8,Tokyo
-0.9829721359919684,0.5400740320194428,1,Tokyo
1.3258336387630625,-0.6736643038152192,10,Tokyo
-0.0167348677595014,-0.0483954187495901,6,Tokyo
2.2313516603729653,0.2343045409258779,10,Tokyo
0.4556805574160373,0.1564313291610047,8,Tokyo
-0.2993762727456828,0.7118187672224584,5,Tokyo
-0.0025122166310572,0.3451208785743807,7,Tokyo
-0.3704087071050737,-0.6000322603710722,4,Tokyo
0.9132683043861418,0.8689687477189877,9,Tokyo
-0.5546700894480725,0.0014550917918415,3,Tokyo
0.5362646516962515,0.8174658881645693,9,Tokyo
0.4391446799536204,0.2081871685806598,8,Tokyo
-0.2138305408230564,0.6859760359067772,5,Tokyo
-0.1208285204416888,0.270300080644434,6,Tokyo
0.2018391815953446,0.7609209188546839,7,Tokyo
-0.3288997267257676,-0.3482086681488803,5,Tokyo
-0.6548572196909742,-0.4512253324467827,3,Tokyo
0.3444754491631105,0.1475643532298346,8,Tokyo
-0.3725955566767071,0.1068550831074668,4,Tokyo
1.3306624337257689,0.9742279667971842,10,Tokyo
-0.8541713525786377,-0.2105422453607822,2,Tokyo
-0.6646642202509455,0.4383040446175577,3,Tokyo
-0.6979976777569239,0.0195423073838403,3,Tokyo
1.174973678463445,0.2762855044004538,9,Tokyo
-0.4162489492440721,-0.7519607145745405,4,Tokyo
-0.2450382372645946,0.3650396870541659,5,Tokyo
-0.7588949958771696,0.2003028420991865,2,Tokyo
-0.2694423568626499,0.0578010057198198,5,Tokyo
-0.6999028091195884,0.1602970805414438,3,Tokyo
-0.994118225998332,0.2436524862060773,1,Tokyo
0.0179535139000701,0.3566692870939771,7,Tokyo
3.791615483084695,0.4642339321931952,10,Tokyo
-0.8885876090098791,0.1488847951538854,2,Tokyo
-0.6762166359441727,0.1737574017370422,3,Tokyo
-0.8763145907940698,0.3642906404478712,2,Tokyo
0.7220619721655296,0.563874026148777,9,Tokyo
-0.8246963975890647,0.4081519103850978,2,Tokyo
-0.5481603649787573,0.1040600037040807,3,Tokyo
-0.5041991713011024,0.6061980918029287,4,Tokyo
-0.4848310272184697,0.2799486818266434,4,Tokyo
-0.5605217088120411,0.0224267669365924,3,Tokyo
-0.5529048711014747,0.5672476472290481,3,Tokyo
-0.8375841089147051,-0.3842671359897449,2,Tokyo
0.0445078459132477,1.2128424593250415,7,Tokyo
-0.5342202662967026,-0.6397931409521044,3,Tokyo
-0.5796981864978039,0.9531215616603208,3,Tokyo
-0.3499454375690661,0.1772239740542126,4,Tokyo
-0.3642734994233437,0.5699515725950803,4,Tokyo
-0.2155120636318973,0.663908360249014,5,Tokyo
-0.369376963859048,0.4229458116030429,4,Tokyo
-0.115767235513341,-0.0392871762781733,6,Tokyo
-0.5011610752986273,0.9684011973320966,4,Tokyo
-0.4155564813811305,0.0001468126307591,4,Tokyo
-0.161415619534366,0.9886100968244852,6,Tokyo
-0.1741545466674351,0.1285997593207599,6,Tokyo
-0.0057389867785406,0.6144260850071896,7,Tokyo
0.2401000045466523,0.1371096032479293,8,Tokyo
0.205181905362291,-0.3957893266849953,7,Tokyo
-0.996601968463873,-0.1605094018801265,1,Tokyo
0.1858052059511849,-0.2234257657322956,7,Tokyo
0.9296583902883442,0.2679571515738645,9,Tokyo
0.8154199959968631,-0.2095860935447663,9,Tokyo
1.669702982138853,0.3064459625501128,10,Tokyo
1.5495027076889232,-0.2187872906258343,10,Tokyo
0.3476247614239212,0.0948575753134364,8,Tokyo
0.3667089379115504,-0.6521252671140854,8,Tokyo
1.9632102326582916,0.5596744047908058,10,Tokyo
1.698137610538901,0.2255467548256297,10,Tokyo
0.8988822493623101,-0.1932934382652836,9,Tokyo
0.4983554124392592,-0.0299765258729588,8,Tokyo
0.851236836376336,-0.2416076324696136,9,Tokyo
0.1618302901598241,1.0057066680735751,7,Tokyo
0.5224779887920881,-1.16006258233401,9,Tokyo
0.2462774224370009,0.8828833098031721,8,Tokyo
0.8397547326485215,-0.0879185708328135,9,Tokyo
0.7988238326338805,-0.2295871560779984,9,Tokyo
-0.3952225737575148,-0.3643123307172891,4,Tokyo
-0.3579703040399011,-0.3517406449095752,4,Tokyo
-0.1420615795611188,-1.1322744310016792,6,Tokyo
-0.0929469087057209,1.433682016013636,6,Tokyo
0.3633045710270186,0.0116615500755763,8,Tokyo
-1.003805904486822,0.1558203633930687,1,Tokyo
-0.6079645645792814,0.486185182615347,3,Tokyo
-0.7001142581712959,-0.1319116246276762,2,Tokyo
-1.0077163153856226,-0.7232739437589978,1,Tokyo
-0.6521377398914211,0.1321686529890831,3,Tokyo
-0.5571361639538349,0.7001253687297094,3,Tokyo
0.4799239142027378,0.5659939004159269,8,Tokyo
-0.1508161727869256,0.2209294748820561,6,Tokyo
0.0493551005216858,0.5496055687734176,7,Tokyo
-0.143163002680534,0.4308213182955522,6,Tokyo
-0.6591668742636041,0.3748344079872124,3,Tokyo
0.0743575842176397,0.5897490269699843,7,Tokyo
-0.5653072333735679,0.5043878874236172,3,Tokyo
-0.2241700623418304,0.1788550775400249,5,Tokyo
-0.3166165904773966,0.8897644183422853,5,Tokyo
-0.7494419187418326,-0.8040277821345078,2,Tokyo
-0.8086825065736001,-0.3010488834369091,2,Tokyo
2.8066814956185646,-0.0257745425130578,10,Tokyo
-0.1060488854760952,0.3221153837887709,6,Tokyo
-0.530886666797628,0.4441441904555039,3,Tokyo
1.6538756564320902,0.6020390669235244,10,Tokyo
0.5709578361329112,1.3117747223793048,9,Tokyo
-0.2312092018433139,0.9494255397259256,5,Tokyo
-0.1493204867826983,1.0419345405920537,6,Tokyo
-1.0600732887187987,-2.262606963559716,1,Tokyo
-1.344344804076505,-0.6453963405146438,1,Tokyo
-1.2837308093574762,-1.89617189265578,1,Tokyo
-1.068393482194036,-1.1448085336782845,1,Tokyo
-0.6333512412582836,0.3309321359194177,3,Tokyo
-1.2975096412923377,0.4075760983527945,1,Tokyo
-0.7445454942933722,1.1567365825849445,2,Tokyo
-0.6924356597399695,-0.3994650222928094,3,Tokyo
-0.6861416998856033,-0.824335332028753,3,Tokyo
0.0556091032193808,-0.5840624532100755,7,Tokyo
-0.0061638385595128,-0.0484608319749763,7,Tokyo
-0.2419859387942274,0.1142815649071861,5,Tokyo
-0.0368045582085146,-0.4924367260171755,6,Tokyo
0.017905264258705,-1.3458030899682722,7,Tokyo
0.1747443979245951,-0.3824621417512281,7,Tokyo
0.0780334673948918,-1.7680744507930646,7,Tokyo
3.591367228350344,0.4764309857415805,10,Tokyo
2.721869964947411,-0.1422186420683281,10,Tokyo
0.972823550663768,0.1732907495619166,9,Tokyo
-0.540074640523728,1.1837971416627793,3,Tokyo
-1.5772868283982198,0.0421555104058179,1,Tokyo
-0.3499870734199629,1.0382731682548942,4,Tokyo
-0.8664937577867787,-0.769172216046107,2,Tokyo
-0.3007320574779172,-0.1012987490450913,5,Tokyo
-0.8050586423148379,-0.976774495993624,2,Tokyo
-0.5187252050526687,-0.1281510719661578,3,Tokyo
-0.6833841858720109,0.6527920812867891,3,Tokyo
-1.3558811364765029,0.5105455704084995,1,Tokyo
-0.2226333580634718,-0.348171580684369,5,Tokyo
-1.1456998000325451,0.4844142103193906,1,Tokyo
-0.1066978206747173,-0.3178125536793817,6,Tokyo
-0.609118346358808,-0.98433580622462,3,Tokyo
-0.898318963355513,-1.452766798190611,2,Tokyo
0.105498578472851,-0.0811607137398526,7,Tokyo
0.1795691431127437,-1.1595189492251017,7,Tokyo
-0.0277590245361017,0.5798106181330137,6,Tokyo
-0.3813779751843382,-0.5141831368451556,4,Tokyo
-0.2168778486539465,0.9610267789447918,5,Tokyo
0.0997244211918922,-0.7441484936954671,7,Tokyo
-0.1065503745904495,-0.3189295954153703,6,Tokyo
-0.0749261824082961,0.7239906200616142,6,Tokyo
0.3739997292755121,0.0786234938881982,8,Tokyo
-0.1692291453754316,-0.0531949630484053,6,Tokyo
-0.2713069106295976,-1.914369103775628,5,Tokyo
-0.4610374854350551,-0.3823131946834415,4,Tokyo
-0.7661030646467396,-0.2726406396123227,2,Tokyo
-0.4619439172593916,-0.6388643887678885,4,Tokyo
0.3391365421640776,1.0550020829305466,8,Tokyo
-0.5079048776384806,0.0355805352651967,4,Tokyo
3.6018180471339294,0.3597574818898508,10,Tokyo
-0.7857208475278681,-0.4006468250503147,2,Tokyo
-0.4206803324412992,0.3414494290964681,4,Tokyo
-0.4759233965426676,0.7382545268544742,4,Tokyo
-0.7122695356783587,-0.8456651809614543,2,Tokyo
-1.561186203714145,1.1164673988009466,1,Tokyo
-0.0472138406229536,0.2281253260152006,6,Tokyo
-1.0571144178335266,0.918708772219749,1,Tokyo
-0.1460873540174485,-0.3162379035114214,6,Tokyo
0.2685643820768771,-0.3931136385051747,8,Tokyo
1.8996654380395293,-0.0001798995708652,10,Tokyo
0.4706383421419741,0.693667448033816,8,Tokyo
-0.0548619507897923,0.229707860237554,6,Tokyo
-0.7021182192306603,0.3029438327027914,2,Tokyo
1.228918819060316,-0.0399804723289895,10,Tokyo
-0.9530343572269632,1.3958565959387257,2,Tokyo
-0.5143862892059898,-0.929843076494357,4,Tokyo
-0.1636609435708791,-0.305597714731489,6,Tokyo
-0.23795878485455,0.7934388130763127,5,Tokyo
1.0837312924162248,1.0179183092279025,9,Tokyo
-0.6135699712591763,-0.8320134344690118,3,Tokyo
-0.8184133319245506,0.3085781986618174,2,Tokyo
-0.2436668202365287,-0.1155742228763174,5,Tokyo
-1.4456652629171685,0.128783365891465,1,Tokyo
-0.7304363265066525,1.1561968885704472,2,Tokyo
-0.6666043233474239,0.1825041527395723,3,Tokyo
-0.4087448193561901,0.8695175792102431,4,Tokyo
-0.6990814083964257,-0.1951919897507289,3,Tokyo
-0.4457842252359095,0.1395169311706247,4,Tokyo
-0.5604407736027248,0.3516193772238224,3,Tokyo
-0.3734483124824049,0.0792345783479227,4,Tokyo
0.3293444942126644,0.049746179369366,8,Tokyo
-0.0981237184020386,0.9450712478607614,6,Tokyo
-0.392941086204884,-0.2450092774372443,4,Tokyo
0.5152264436123316,0.0441489971965294,8,Tokyo
1.8193992749296144,0.304803841362824,10,Tokyo
-0.804732065956353,-0.745687558784475,2,Tokyo
0.878187265711505,-0.3820303137425007,9,Tokyo
-0.8131458763573836,-0.4436261793509291,2,Tokyo
-0.0939041575501862,-0.7341201776916128,6,Tokyo
-1.209881993583743,-1.5431743284305923,1,Tokyo
-0.7451441944824353,-0.8330957990863186,2,Tokyo
-0.8607872191350648,0.60158061205101,2,Tokyo
-1.2249190918164197,-0.6884699435991917,1,Tokyo
-0.0884426465046316,-0.7216495937021822,6,Tokyo
-0.4825821180521144,1.1019324100369847,4,Tokyo
-0.6393206112047337,0.7083798203979943,3,Tokyo
-1.4011436683515133,0.4497846599226293,1,Tokyo
0.0618895931505988,1.104690068362532,7,Tokyo
-0.5170582589189254,0.4053728717187015,4,Tokyo
-0.7273058551763438,-0.2759063181835702,2,Tokyo
-0.6738445069284172,-1.0373368192019414,3,Tokyo
-0.8514044517770474,-0.5685432516812796,2,Tokyo
-0.6526382734269618,0.0772982492159076,3,Tokyo
0.8521821100963215,-0.9224944204072402,9,Tokyo
-0.5315662079760992,-0.5558367415182528,3,Tokyo
-1.144583117812237,-2.044405140910301,1,Tokyo
0.8994340370051883,-0.4897034288275209,9,Tokyo
-1.1910629621725486,-1.870705793121931,1,Tokyo
-1.324355022900506,0.0635811518314126,1,Tokyo
-0.0845407631184452,0.8890052360694615,6,Tokyo
-1.0940845414676854,-1.5953643030412925,1,Tokyo
-0.5555796906799871,-0.1384739122867291,3,Tokyo
-0.6757539676189385,0.542720289638842,3,Tokyo
-1.802844214045829,0.5308333443155288,1,Tokyo
-1.4031163773942428,-0.7838890619162977,1,Tokyo
-1.142995348372691,-4.15373605046574,1,Tokyo
-1.309395591730976,-1.3226640917371346,1,Tokyo
-1.1283392670332897,-0.0124336526575206,1,Tokyo
-0.9188213760517708,-1.1690839030196345,2,Tokyo
-0.5246291200262506,-0.2963659134127599,3,Tokyo
-0.6622611043144101,-0.2197691167339927,3,Tokyo
-0.5579543562432663,-0.2940182865284741,3,Tokyo
-1.0717181716588282,0.4191641190999872,1,Tokyo
1.1037297193217612,0.4141444852925982,9,Tokyo
-0.8963353842906172,-0.3595874775632294,2,Tokyo
-0.0938930611512245,-0.3348914067078121,6,Tokyo
-0.0640732392307109,-1.0568353467382103,6,Tokyo
-0.3943290296997388,-0.9320204800282826,4,Tokyo
-1.1232943829590545,-1.6114517049306003,1,Tokyo
-0.512480229898497,-0.9067441757062152,4,Tokyo
-1.1903064807281103,-0.528962061230608,1,Tokyo
-0.8516941735781042,-0.4089125297152571,2,Tokyo
-0.863779994284885,0.14211132116742,2,Tokyo
-1.157550737754719,0.2805113277425284,1,Tokyo
-0.9888082585973867,-1.885541982335836,1,Tokyo
-1.2424746414896313,-0.9365649490418648,1,Tokyo
-1.370666077344043,-0.8745286531407913,1,Tokyo
-1.3579549352444191,-1.9691626734399237,1,Tokyo
-0.5807165057053822,-0.696573246412961,3,Tokyo
-0.8146373239558216,-0.2979770659142951,2,Tokyo
-1.2758234976662275,0.006572626152322,1,Tokyo
-0.6768236110954374,0.1518031187068399,3,Tokyo
-0.7714051626292024,-0.3192127000046323,2,Tokyo
-0.7168193874454584,0.2575857415364124,2,Tokyo
-1.189702551062197,0.3457890754857924,1,Tokyo
-0.749437999959406,-0.6192466990218878,2,Tokyo
-0.3425935266228478,-0.7138820754625445,4,Tokyo
-0.1885823757509176,1.0698809862799397,5,Tokyo
-0.6738075554212187,0.0468342532183939,3,Tokyo
-1.0156068432592555,0.8705897464558845,1,Tokyo
-1.0830451556514458,-0.8285840734445714,1,Tokyo
0.812645842004227,1.3072669449004293,9,Tokyo
0.0255258034813171,1.1696124693837364,7,Tokyo
2.7655544003125896,1.074112792413993,10,Tokyo
-0.1447371875481063,0.6913470909599134,6,Tokyo
2.53056292717982,-0.9337650732406356,10,Tokyo
-0.643725575797891,0.096310342937601,3,Tokyo
-1.254664386136608,-0.8483553786841435,1,Tokyo
-0.6818322263808453,0.6825884828911217,3,Tokyo
-1.3911873332530122,-1.9413284547851704,1,Tokyo
5.13750354548827,0.7783059706462182,10,Tokyo
3.2816634116788013,0.8709215029173477,10,Tokyo
-0.9380874845015292,-0.6299507487480628,2,Tokyo
-0.4950405293849299,0.8683834567478746,4,Tokyo
-1.0700060638192574,-0.6896644514694378,1,Tokyo
-0.7451130159311079,-0.7007658924723774,2,Tokyo
-0.2219801589493141,-0.6969220238695285,5,Tokyo
-0.5660829841816156,-0.1830367570438636,3,Tokyo
-0.0644278173124462,0.3017774712160158,6,Tokyo
0.9182332255446352,0.0326353968911593,9,Tokyo
-0.9863547790575506,0.1601589041009171,1,Tokyo
-0.2894133493390707,0.4441575108902878,5,Tokyo
-0.487812238396259,-0.1858301428020027,4,Tokyo
0.2298619041638712,0.2391493105986107,8,Tokyo
-0.9483038711646772,-1.248519893947189,2,Tokyo
-0.9053491715777382,-0.6157996182247217,2,Tokyo
-1.0969975508421903,-0.6820649358746579,1,Tokyo
-1.090137379465412,0.571390145911513,1,Tokyo
0.2141893249035018,0.562144853347463,8,Tokyo
-1.6433362871818975,-0.8730794398782368,1,Tokyo
-0.5893980677000852,0.092475299978784,3,Tokyo
-0.379113544773593,0.7571759850265035,4,Tokyo
-0.0323879393408886,0.0728197453232641,6,Tokyo
-0.9791373817056744,-0.9663922634095312,1,Tokyo
-0.2924335230183273,0.703705154964458,5,Tokyo
-1.3864630636483997,0.0913891133911456,1,Tokyo
-0.9205400380453016,-1.2625831776101946,2,Tokyo
-1.198542154589269,-0.745719292686768,1,Tokyo
-0.033115088821775,-0.2749532215512085,6,Tokyo
-1.106095857821162,0.1266340403972603,1,Tokyo
-0.5293387608042357,0.1108612217558766,3,Tokyo
-0.5555028067895776,0.3493075285481155,3,Tokyo
-0.8612445713329347,-0.3068571972739915,2,Tokyo
-0.0814471018472402,-0.1897898312120371,6,Tokyo
-0.7990931430417201,-0.3157110457208397,2,Tokyo
-1.311740062295419,-1.2560060274127158,1,Tokyo
-2.16070286371165,-0.0374492461008294,1,Tokyo
-0.1205627463321763,-0.2927796561050462,6,Tokyo
0.2233230977206874,0.6253183446758375,8,Tokyo
-0.022328961754178,1.0254091725066905,6,Tokyo
-0.8452827620320587,0.371539464026469,2,Tokyo
-0.3342694033005332,-2.2232223634125527,5,Tokyo
-1.699274767882574,-1.1468624048601754,1,Tokyo
1.2239996036719325,0.3124087754684738,10,Tokyo
-0.7933372955878307,0.6102576498695435,2,Tokyo
0.540670418241582,0.8863010168019243,9,Tokyo
-0.2227764984476968,0.6488828063027716,5,Tokyo
0.2064895642313507,0.1660377958774763,7,Tokyo
-0.27505964982609,0.8007613588385815,5,Tokyo
-0.762957016876976,-0.3513220790920309,2,Tokyo
-0.2775455748618481,0.7115341035492139,5,Tokyo
-0.9096785256515024,0.8627219205729088,2,Tokyo
0.196143465146998,0.1220703215575873,7,Tokyo
-0.1933768314304284,0.8192485490586837,5,Tokyo
-0.3973122251493833,-1.0555368922538106,4,Tokyo
-0.4872704376076253,0.139016871547512,4,Tokyo
0.1648480133539568,0.8112551009808696,7,Tokyo
-0.7076743350289677,0.3185118593342835,2,Tokyo
-0.5752456488086869,0.1261973819328813,3,Tokyo
-0.7276620616231766,0.2379549433341299,2,Tokyo
-0.6014514001122717,0.4228497351766994,3,Tokyo
-0.7864130821991812,-0.8916684254317842,2,Tokyo
-0.5730989676474052,-0.0343829146364943,3,Tokyo
-0.3228237462593047,0.1206226383819919,5,Tokyo
-0.5716278174074189,-0.035311971525905,3,Tokyo
-0.1354850490838891,0.3219507842528666,6,Tokyo
-0.0453352285820609,-1.319242642918638,6,Tokyo
0.197241528229349,0.1877227834476553,7,Tokyo
0.1869309557087189,0.2782243638805146,7,Tokyo
-0.5338437378669522,0.5470920680446054,3,Tokyo
-0.5323947300343538,-1.1661950524222429,3,Tokyo
-1.160148316221004,-0.5582672126573262,1,Tokyo
-0.9696428452935284,-0.8001273219202076,1,Tokyo
-0.9001737614924521,-1.6271749793760968,2,Tokyo
-0.6398752518551933,-1.185632755390807,3,Tokyo
-0.9377937815650044,-0.3493611418534743,2,Tokyo
-0.8064694001151762,-0.0735129919452291,2,Tokyo
2.252653207096493,1.1070019619051468,10,Tokyo
2.4389696700300254,-1.1666581804852034,10,Tokyo
1.4846733245292525,0.2635617729878816,10,Tokyo
-1.036142273769047,-1.136856924334117,1,Tokyo
3.904230698903522,1.2135041054634146,10,Tokyo
0.6769424486540291,0.3428046203026713,9,Tokyo
0.6459801431979981,0.0303695287939875,9,Tokyo
-1.1063028226965137,-0.478532648554577,1,Tokyo
0.2935872224103955,1.0876115713631784,8,Tokyo
-0.2828058144309551,1.040198011504632,5,Tokyo
-0.2717648921767828,-0.2637216226637107,5,Tokyo
0.1580982108143416,0.2052952081210394,7,Tokyo
0.1606459515573285,-0.4071810574321616,7,Tokyo
-0.7712812462089856,0.9917876968170676,2,Tokyo
-1.0723790826357436,-0.3893175190073222,1,Tokyo
-0.963222603410323,-0.9734588785895688,1,Tokyo
-0.7051926737912119,0.2087562605239795,2,Tokyo
-0.6794868276480454,-0.0316595618328985,3,Tokyo
-1.1516127387746928,-0.5573479544839113,1,Tokyo
-1.1839017207191094,-0.2189889387307878,1,Tokyo
-0.7620464208206331,-1.0283946943312623,2,Tokyo
-0.9983206145052476,0.0214412318570142,1,Tokyo
-0.715941191933623,0.4053280849458714,2,Tokyo
-0.7699957523658727,-0.760978820780894,2,Tokyo
-0.6115285128231849,-0.4842778098097782,3,Tokyo
-0.8019965604227194,-1.863295235640065,2,Tokyo
-0.8257776456357473,-0.6421537906173159,2,Tokyo
-0.167961319171108,-0.0713083371043087,6,Tokyo
-0.5286877802702877,-1.0475134995994382,3,Tokyo
-0.3484890507259017,0.5496291257794191,4,Tokyo
-0.8039083078697441,-0.2559999922501146,2,Tokyo
0.3675704756434625,-0.3176181353508562,8,Tokyo
1.339823846044823,0.2408212663331876,10,Tokyo
0.9346188489897456,0.3192990768564371,9,Tokyo
1.5289864229532382,0.7909634220673626,10,Tokyo
-0.336733286582035,1.0391372177564564,4,Tokyo
-0.0850967296087513,0.2992383647884467,6,Tokyo
-0.830845100930313,0.9198489028031022,2,Tokyo
0.9313109108912504,0.3876312747336958,9,Tokyo
2.5023342058875824,-0.9277983717432764,10,Tokyo
-0.3153082330679614,0.882662158403007,5,Tokyo
-0.9027616901439078,0.3718015876014315,2,Tokyo
-0.6759521249435979,-0.9616405735970402,3,Tokyo
-0.2707608997088971,-0.4266119352810403,5,Tokyo
-0.9361967702822588,-1.2737604498486077,2,Tokyo
-0.8242671437945075,-0.1789259812603657,2,Tokyo
-0.3673606665800478,-0.95951247553734,4,Tokyo
0.0124276221775784,0.8787756205897064,7,Tokyo
-0.7715469151466264,0.55917018236014,2,Tokyo
-0.983461365896446,-0.4738618102577429,1,Tokyo
-0.5753237307751242,0.5176748306728912,3,Tokyo
0.0826703527325915,1.2403459973089008,7,Tokyo
-0.541723216598475,-0.9624127152966088,3,Tokyo
-0.7236650768666021,-0.0620154736862828,2,Tokyo
4.0565977291634825,1.0899394026381215,10,Tokyo
-0.3674576927851983,0.3374931614897329,4,Tokyo
-0.1443546907296449,0.0222270821202261,6,Tokyo
-0.6021075478211294,0.40082650631815,3,Tokyo
-0.768057894004078,-0.2863499054230158,2,Tokyo
-0.526709012551175,0.0771384949421416,3,Tokyo
-0.8258207692329129,-1.1053276785952704,2,Tokyo
-0.3557497663521445,-0.0093946341597505,4,Tokyo
-0.7659059502139767,0.5710297702540053,2,Tokyo
-0.8872731949842311,0.415701482230898,2,Tokyo
-0.838981666067087,1.0547532749923891,2,Tokyo
-0.2891480350073709,-0.7985556977334465,5,Tokyo
-1.376922540183919,-0.6194087322756378,1,Tokyo
3.212811810490941,0.2042239316382439,10,Tokyo
-1.0337535521790973,0.4112609169206707,1,Tokyo
-0.667084888551623,0.3856857474442003,3,Tokyo
-0.7895919288574998,0.4806170736899124,2,Tokyo
-0.7182778924484374,0.8760902788778028,2,Tokyo
-0.8135948283929357,1.0684851799462944,2,Tokyo
1.9418102859879351,0.0224784043829173,10,Tokyo
2.01928643261095,0.3814192934682443,10,Tokyo
3.610442303305092,-0.175930597263449,10,Tokyo
-1.71182478209023,0.7221750903706462,1,Tokyo
-1.9480588325168304,1.2364535047427307,1,Tokyo
-0.7946451338060336,1.1326755931266126,2,Tokyo
-0.0928424725487138,0.0995940036963944,6,Tokyo
-0.5550129488382018,-0.9113480890021314,3,Tokyo
-0.755042903354113,-0.8766678080859042,2,Tokyo
0.6920876833947296,0.5548070476142933,9,Tokyo
-0.7468687872362183,-0.718820236009324,2,Tokyo
-0.3384034004834404,0.1161376360431442,4,Tokyo
-0.5872906790578556,-0.1929601493316742,3,Tokyo
-0.7025802889031812,-1.0729239842586549,2,Tokyo
-0.50605433833534,-0.1916132424570787,4,Tokyo
-0.2314197429374981,0.194316890441475,5,Tokyo
-0.3711186608190341,0.8204435673920014,4,Tokyo
-0.2339818703218686,0.3838981952875997,5,Tokyo
-0.1133918633512313,0.8549803041803768,6,Tokyo
-0.5553751928293545,-0.0947402562553463,3,Tokyo
-0.1895289080123147,0.9621325148193136,5,Tokyo
-0.1836830395301925,0.1470454297958266,5,Tokyo
-0.2192253331354239,0.9398750184392562,5,Tokyo
0.1566032610887409,0.3632694189697902,7,Tokyo
0.4455653596961794,0.3187647222387517,8,Tokyo
0.9425985567299244,-0.430257542018001,9,Tokyo
0.3416809736030434,0.0123209993187394,8,Tokyo
0.7911992378331084,-0.8604000207148988,9,Tokyo
0.4208188635517609,1.0097731212244387,8,Tokyo
0.454277557138179,0.4480767977761438,8,Tokyo
0.7206210127318184,-1.100256979995727,9,Tokyo
-0.0289545571314287,0.4601447798609346,6,Tokyo
0.4074134265913353,-0.2348244524433771,8,Tokyo
1.381114044478226,0.3784624083498799,10,Tokyo
3.0788914937924363,0.9325210375803996,10,Tokyo
0.0489514173706205,0.4271814337694855,7,Tokyo
1.8820432620151908,1.093179481152652,10,Tokyo
0.453404462443499,0.5846175339966532,8,Tokyo
-0.0936980272859459,0.5218476170738254,6,Tokyo
0.4634505465928569,0.3390986529997069,8,Tokyo
0.9576525898287088,-0.1561421288751507,9,Tokyo
-0.8638890516420822,0.1364077398831845,2,Tokyo
-0.2797882960237182,-0.3709335563225235,5,Tokyo
-0.4042271686397307,-1.6066467388018728,4,Tokyo
-0.0255022967274361,0.0339749425365851,6,Tokyo
1.481665403857106,0.723737622035479,10,Tokyo
0.7963490427626431,0.8621853097200907,9,Tokyo
0.0083355487238289,-1.2889863322453248,7,Tokyo
0.4367278386893427,-0.6542507665786871,8,Tokyo
-0.0375952436691031,-0.1897659500873249,6,Tokyo
0.87188480049985,0.8298158176533615,9,Tokyo
0.641295234244009,0.5666373653053266,9,Tokyo
0.6377149127325252,-0.2456437132959709,9,Tokyo
0.4784975809662334,0.2830390877246962,8,Tokyo
0.6274795847053714,-0.1058898677338323,9,Tokyo
0.5027799690058804,-0.4595127201199291,8,Tokyo
-0.2473507274366176,-0.5240527597701959,5,Tokyo
1.589293364912457,0.0496282342209801,10,Tokyo
-0.3495232009947655,0.4448873768591562,4,Tokyo
0.6776209216658767,0.5409004160381284,9,Tokyo
0.401303270046587,0.2672985786908855,8,Tokyo
0.2028481242800161,0.4524502734591729,7,Tokyo
0.3011912185231238,-0.2651208974728617,8,Tokyo
1.6593116057179862,-0.0376043641816487,10,Tokyo
0.1984364281673585,0.5838231651953341,7,Tokyo
0.7832508230285627,0.2819258328661305,9,Tokyo
0.4825350802049009,0.3661453168190331,8,Tokyo
0.7113418737861674,0.0383394956125222,9,Tokyo
1.1255383780855417,0.511239025419443,9,Tokyo
0.4660684982753112,-0.1747862414919916,8,Tokyo
1.200673996105011,0.9043701838729024,10,Tokyo
1.8346284206374417,0.6314489654870812,10,Tokyo
1.0011351370425787,-0.3010165810994335,9,Tokyo
0.0740768971983675,0.6777059418202064,7,Tokyo
-0.0769148837191988,0.4200611852832405,6,Tokyo
0.489340591547205,-0.4326355916364631,8,Tokyo
0.0626565655095197,0.4865387130574888,7,Tokyo
0.5691804253891887,0.1393977005765549,9,Tokyo
0.3217178029382175,-1.0984504090441802,8,Tokyo
0.1268019932314119,-0.1950327310728438,7,Tokyo
-0.0924241188472903,0.25425505748827,6,Tokyo
0.1597860777634924,0.2060122196428569,7,Tokyo
-0.989653433521014,0.4480699374998113,1,Tokyo
0.306469595227156,0.5691721624069485,8,Tokyo
0.3043447884846773,0.2479931892780763,8,Tokyo
0.3166466355574214,0.155524260619321,8,Tokyo
0.1611866191852016,0.4029531349660679,7,Tokyo
2.5529164560798496,0.0927592473255954,10,Tokyo
0.0296929475037118,0.6193171477735334,7,Tokyo
0.4819526165493114,0.7443136311878039,8,Tokyo
-0.1579399775134631,0.6707304869024845,6,Tokyo
0.0393401375210027,-0.1243208091050315,7,Tokyo
0.3308271786686912,0.160149809896418,8,Tokyo
-0.5569757755648032,0.4041030567030488,3,Tokyo
1.1580798024038113,0.1571861132113736,9,Tokyo
0.4124844361904451,0.462711138670212,8,Tokyo
1.1245406683233583,0.8502169812406423,9,Tokyo
0.0672842685070785,0.1557062433666851,7,Tokyo
0.1805307820901166,0.7732201031798627,7,Tokyo
0.1540079823378918,-0.7249031314076246,7,Tokyo
0.4660278781502191,0.5240193693638968,8,Tokyo
0.4580314863554514,-0.4651335828311156,8,Tokyo
0.0887342082817995,0.6330076973360385,7,Tokyo
0.988569989816368,0.0237257145548848,9,Tokyo
1.3385195345637022,0.6123077018632936,10,Tokyo
2.410633371672023,0.4249632310406031,10,Tokyo
1.6610087968168012,1.0788287023241123,10,Tokyo
0.9501109866769776,1.0509962724571789,9,Tokyo
3.262621810393072,1.345434040199781,10,Tokyo
1.357653057520477,0.3157714787782814,10,Tokyo
-0.3204450156423066,0.8192943998817174,5,Tokyo
0.5294294359533299,0.3549398577578042,9,Tokyo
-0.7337892100017231,0.4358221099572856,2,Tokyo
0.4137050246922518,0.1225035146484838,8,Tokyo
0.1965617703651708,0.3936100897678694,7,Tokyo
-0.0326640491432088,-0.1893637282536791,6,Tokyo
-0.061829574626149,-0.0084331017184366,6,Tokyo
-1.086719099109061,0.1229938494186942,1,Tokyo
-0.3758968203870902,-0.0628138481995822,4,Tokyo
-0.3130851582384168,0.1444489980921316,5,Tokyo
-0.5764293454673685,0.9133541602826016,3,Tokyo
-0.8308095691418484,0.388813170814086,2,Tokyo
-0.4168397075623545,-0.3133124937359727,4,Tokyo
-0.1882468487318974,-0.0081317536479434,5,Tokyo
-0.3786512670639304,-0.4203474195737944,4,Tokyo
0.4524903449108289,0.4341133705959654,8,Tokyo
0.0298930503537101,0.015134541987989,7,Tokyo
-0.1290639193837404,-0.8500849264743756,6,Tokyo
0.9429153586236176,0.5115290082827174,9,Tokyo
0.0843378759976341,0.9399271647390606,7,Tokyo
2.7178534215759123,0.1307434499901102,10,Tokyo
0.7799092300402893,0.7386262182977106,9,Tokyo
1.6786678924122578,0.4154014859527897,10,Tokyo
0.8513787684659212,-0.3454526786269674,9,Tokyo
-0.0701235179251291,0.6625835488560086,6,Tokyo
0.4560945957427237,-0.2627774175266031,8,Tokyo
-0.0065285463274961,0.3578751602018652,7,Tokyo
1.318529769134614,-0.2987945961055264,10,Tokyo
0.3073349046590081,0.3120288614393573,8,Tokyo
4.349083503139354,1.0262427011685145,10,Tokyo
-0.6180272555727783,0.8284062148972361,3,Tokyo
-0.2077351750308861,0.1663904032448164,5,Tokyo
0.1780093049811996,-1.2330070318316255,7,Tokyo
1.3023834750232994,1.0019411952757131,10,Tokyo
1.2300235151406598,0.8319327349332623,10,Tokyo
2.478889066831984,1.123465781036697,10,Tokyo
-0.016646020533523,1.018725706682125,6,Tokyo
0.84290358803912,0.3152460431533851,9,Tokyo
0.023877550953981,1.027712142528869,7,Tokyo
1.936356260370139,0.9216953758383688,10,Tokyo
0.0376561842327798,0.4804292436419325,7,Tokyo
0.2566155930825165,1.1334596360131068,8,Tokyo
1.4522687204393556,1.2210876061742508,10,Tokyo
0.9075708689557416,0.7471391648297144,9,Tokyo
-0.3306510855435241,0.8415970009327687,5,Tokyo
1.179209411433363,0.1154082788685093,10,Tokyo
-0.3511912573056667,0.4864613409058365,4,Tokyo
0.4897907839455576,0.7658456357089781,8,Tokyo
1.535498863271824,0.94828896436142,10,Tokyo
0.2000348381423008,0.8135466483655042,7,Tokyo
0.1684398682170105,-0.4336559736133076,7,Tokyo
-0.4459541422294807,0.3046479895029541,4,Tokyo
2.3739891246123217,0.8111526005042599,10,Tokyo
-0.1272829012393825,0.4629746705153926,6,Tokyo
-0.404074965194968,0.9832010847253888,4,Tokyo
0.5594659117984863,1.0160211101156442,9,Tokyo
-0.2316642870305534,0.7758782856027088,5,Tokyo
0.3188729735208112,0.1160525380230262,8,Tokyo
0.938494629625802,-0.1659147949166088,9,Tokyo
1.111833966689704,-0.6418611261355637,9,Tokyo
0.7848664851035172,-0.3788458288979291,9,Tokyo
0.8195804221176068,-0.5045320010741742,9,Tokyo
0.528029077337701,0.6337725752984423,9,Tokyo
0.7968583939721555,0.1800291353828769,9,Tokyo
3.084356243377198,0.9814749834541135,10,Tokyo
1.058556186786504,0.5156992819180858,9,Tokyo
-0.1795835754393706,0.5088685584942058,5,Tokyo
-0.0119924206488788,0.2545973115619348,6,Tokyo
-0.4967576977664321,-0.397141724286725,4,Tokyo
0.2143095085059618,-0.0897667942948474,8,Tokyo
0.119661341695176,0.1861076805377694,7,Tokyo
-0.2315346147766253,-0.8445228603832374,5,Tokyo
0.5112196899307319,-0.3818400929751677,8,Tokyo
-0.1223089600340864,0.4747271011564233,6,Tokyo
1.763418609554687,0.1303931080339183,10,Tokyo
0.8035661554965687,0.6503255067765776,9,Tokyo
1.681026947430114,-0.8588165559583293,10,Tokyo
1.2047221127135237,0.2472779497042584,10,Tokyo
-0.3297998100595042,-0.2232288372173811,5,Tokyo
0.4701226867948234,-1.6961004430694937,8,Tokyo
0.5025857091272525,-0.5598099824586334,8,Tokyo
0.7961381496754905,-1.1075081525487838,9,Tokyo
0.5768725243172365,-0.1281229316888996,9,Tokyo
0.4631198646085248,-0.1288899598826049,8,Tokyo
0.139623453175748,-0.1444324498698307,7,Tokyo
0.2147817333873627,-0.4898262125334033,8,Tokyo
1.245996953138338,1.0288375857535172,10,Tokyo
-0.1854350979188681,-0.5528646327750815,5,Tokyo
0.5571817913528446,-0.0839808686587974,9,Tokyo
0.4430526072352054,0.7563068489055699,8,Tokyo
0.8621758690895609,-0.0937762285145202,9,Tokyo
1.3688716716744007,-0.7633476200473944,10,Tokyo
0.5673716415787545,0.5507551412266775,9,Tokyo
1.1863589455897476,0.4907218321750335,10,Tokyo
1.6954334878354458,-0.9810337497297896,10,Tokyo
0.944333630314481,0.7395249983410919,9,Tokyo
0.3304580413616338,0.0303158490990508,8,Tokyo
-0.0378080960191335,0.703785588420314,6,Tokyo
0.7044014985917441,0.2599351468504942,9,Tokyo
-0.5141793617813091,-0.2914251427578576,4,Tokyo
-0.8834357066341401,0.7026355454099419,2,Tokyo
0.2782253738849648,0.3733788534248252,8,Tokyo
-0.2052464923046435,-0.6340770737778846,5,Tokyo
-0.2113063341182787,-0.4573516617790048,5,Tokyo
1.245344365552877,0.0231325653450919,10,Tokyo
0.3283962721058366,-0.6299108284581971,8,Tokyo
0.4608270424264657,0.0777776634367441,8,Tokyo
2.649656934271369,-0.0053212270220297,10,Tokyo
1.3857803123876564,0.1335766674170209,10,Tokyo
4.179818447324805,0.2452176500821153,10,Tokyo
0.9814768285087055,0.3891770469634169,9,Tokyo
-0.1999225484950688,-0.8513118045514517,5,Tokyo
0.4273552815365193,-0.695525708726472,8,Tokyo
2.176664796084,-0.1901536798052997,10,Tokyo
0.3139722306684424,-0.193270752691115,8,Tokyo
0.4057584102566308,-0.2543562197229252,8,Tokyo
-0.4814974489867895,-1.0042630085039466,4,Tokyo
0.2412625121567057,-0.1936886388169638,8,Tokyo
0.2541912158477879,0.3407939655992971,8,Tokyo
-0.1022374065709001,0.3151102938267914,6,Tokyo
1.3892364740744416,0.2403798968606947,10,Tokyo
0.4992548817963539,0.675456580054295,8,Tokyo
1.252146831114633,0.1726968946173202,10,Tokyo
1.5736412830246125,-0.0876804525058778,10,Tokyo
1.197566423753034,0.6828835636261271,10,Tokyo
0.3203328367173925,-0.2564885581480815,8,Tokyo
0.5353172193378464,0.3621377206101876,9,Tokyo
0.4922377605747817,0.3451168912920805,8,Tokyo
0.0464759456734874,0.1640873062058559,7,Tokyo
0.2771279736139767,0.1712397379460349,8,Tokyo
0.081773319538613,0.089925123813314,7,Tokyo
0.0307359996736665,-0.0854586336815959,7,Tokyo
0.3684963665914216,0.9483945356687996,8,Tokyo
0.02621719185841,-1.0294883538290411,7,Tokyo
1.0319090306657326,1.2754367659443024,9,Tokyo
-0.2658073818568323,1.0450573982300708,5,Tokyo
4.272792986562747,0.978506712750885,10,Tokyo
-0.6957680263393323,0.2990976630651346,3,Tokyo
1.5849218687970494,0.4276307406840824,10,Tokyo
3.9047900573381153,-0.72774192105689,10,Tokyo
0.8518207992216219,1.0594396581132337,9,Tokyo
0.0570725235796788,-0.8427137132340904,7,Tokyo
0.0684138168536356,-0.754378115816481,7,Tokyo
0.0091265977905637,-1.270562615105666,7,Tokyo
1.0452026215571255,-0.8960950921337679,9,Tokyo
2.0558717855267816,0.6854590249630972,10,Tokyo
3.974627001468691,0.7114673197425548,10,Tokyo
1.943617191074948,0.0761210047244499,10,Tokyo
1.1522843465505497,0.0622262258902408,9,Tokyo
-0.2934574082797944,0.0613362902707817,5,Tokyo
1.9281675263934623,0.5073785397970151,10,Tokyo
1.025946288379986,0.5613361940249213,9,Tokyo
0.3719179785226686,0.4255366625792762,8,Tokyo
0.106039569320851,0.0149963213117,7,Tokyo
1.1178943242333776,0.4024446178226175,9,Tokyo
0.5763220195120143,0.3544903104343287,9,Tokyo
0.3715739447822643,0.5196799081920024,8,Tokyo
0.6583850567415536,0.2224107408858539,9,Tokyo
-0.0098410533445821,-0.8440810695786646,7,Tokyo
-0.8129544509930511,-1.4314401472992833,2,Tokyo
0.198660633670296,-0.465715069258896,7,Tokyo
-0.4457938146862547,-1.269348850402628,4,Tokyo
-0.5088779912925583,-1.0921233147440426,4,Tokyo
0.2368292529959841,0.3651009943834455,8,Tokyo
0.0661112627840089,0.2669028073439193,7,Tokyo
0.0380425448618747,0.301908081089992,7,Tokyo
0.0418408287042798,0.6419532600405424,7,Tokyo
0.3759043206839437,-0.5664940771343011,8,Tokyo
4.232649741049945,0.703309373838161,10,Tokyo
0.9102101165485736,-0.0552618633457443,9,Tokyo
1.2976711906799494,0.7964623706923625,10,Tokyo
-0.4529922762736275,-0.7230177658631775,4,Tokyo
1.281113128406262,-0.7001420936856015,10,Tokyo
-0.7309198434146551,-1.0927708883369085,2,Tokyo
-0.9674603822861222,-0.1496345967108195,1,Tokyo
2.2636377240680337,-0.2413100635241921,10,Tokyo
0.4300056482993709,-1.0489718513209711,8,Tokyo
-0.4135596421579855,-1.4321777651722918,4,Tokyo
-0.6237883849281683,0.5775296375934477,3,Tokyo
4.326492315931658,1.0561606824258292,10,Tokyo
0.7345965014065305,0.2652442623738064,9,Tokyo
-0.0976293672428764,-1.779413749797049,6,Tokyo
0.0350053666810167,-0.1670587087309301,7,Tokyo
0.0371871196243193,-0.6350969018211374,7,Tokyo
2.254145633045713,0.0705756083740746,10,Tokyo
0.2893167153677338,-2.588943418605075,8,Tokyo
0.4576298212535637,0.3147641992131734,8,Tokyo
-0.1451531820411486,0.1037755662369626,6,Tokyo
1.6712050771252471,-0.8137308390046104,10,Tokyo
0.9746479623170732,-0.3289439794243271,9,Tokyo
1.6350166120028526,-0.4397379249959254,10,Tokyo
0.7209721583916157,-0.5384193508204301,9,Tokyo
4.589960984300399,0.6162913766103247,10,Tokyo
1.6060333371940854,-0.4687160076995101,10,Tokyo
2.717925358655559,-0.1093830203358802,10,Tokyo
1.9499546806078012,-2.1390649903781185,10,Tokyo
1.715984202288369,0.2383821966625855,10,Tokyo
1.798166946153677,-0.6106718103396377,10,Tokyo
0.5556558197049827,-2.5716744265293574,9,Tokyo
-0.4382365636798497,-2.154587006487022,4,Tokyo
1.7597422341617734,0.1341114767523413,10,Tokyo
-0.0223737893511505,-1.1356542256117603,6,Tokyo
-0.3936441975527493,-1.33951775257785,4,Tokyo
2.5455301606166536,0.6746535669169389,10,Tokyo
-0.3996593118998605,-1.0941845664730523,4,Tokyo
0.8483986948059686,-0.9829023296762012,9,Tokyo
-0.1257769892393798,-1.0181965512118805,6,Tokyo
-0.2746355080663901,-1.6272008392239066,5,Tokyo
2.483825950879958,-1.6890719557469789,10,Tokyo
-0.8473292892645778,-1.3243558829595592,2,Tokyo
0.5882326674258105,-2.3557614061864824,9,Tokyo
-0.549372907488231,-1.7597635161194412,3,Tokyo
-0.6513676154941174,-2.243598373287204,3,Tokyo
-0.7057629620766045,-2.3939413933985456,2,Tokyo
-0.4722408710761724,-1.04294764424265,4,Tokyo
-0.6482149312565325,-2.112149379746604,3,Tokyo
3.135614772663566,1.0088686079971017,10,Tokyo
0.0065111240673327,-0.2373750274194482,7,Tokyo
-0.9964390453602529,0.1474157566720014,1,Tokyo
-0.5937385034280129,-1.480536537702706,3,Tokyo
0.9304082696124574,0.2305778221545123,9,Tokyo
-0.227093212731812,-0.5751904251183472,5,Tokyo
0.5601973349700932,-0.4678578285478446,9,Tokyo
1.328119080240433,0.5335380604671341,10,Tokyo
2.078767409746641,-0.312425687527256,10,Tokyo
1.076853031142893,-0.7151212460513025,9,Tokyo
0.249870518717861,-0.3628493773625073,8,Tokyo
0.451552776778107,-0.3102319302525982,8,Tokyo
1.6625416764223906,-0.0993328753348689,10,Tokyo
1.4092409282187928,0.4131615551688885,10,Tokyo
1.962161058149844,0.2829742347142308,10,Tokyo
1.7265422423375223,-1.5701212031767342,10,Tokyo
-0.1840711750111058,0.6237264203941791,5,Tokyo
-0.2892190086195502,-0.47222840058486,5,Tokyo
-0.8758617527772342,-0.1517278253963812,2,Tokyo
-0.1745919184196755,-1.4635557572622566,6,Tokyo
0.4952382322325617,-1.4457090425736137,8,Tokyo
0.875242400263586,-0.6585922385414013,9,Tokyo
-0.8953201057337719,1.317100516513704,2,Tokyo
-1.2152786654211631,0.1615981169197554,1,Tokyo
3.372942998525465,1.009621921280918,10,Tokyo
0.6567209084606914,0.7052576449499147,9,Tokyo
0.0826205456836354,-0.0434325961484353,7,Tokyo
-0.5500142054549841,-0.1403028444948281,3,Tokyo
0.1363511751733335,-1.2623035050365352,7,Tokyo
-0.6484246825294903,-1.4378061836519425,3,Tokyo
-0.3488043829200296,-0.4906356920944987,4,Tokyo
-0.520891788636312,-1.3662230773377184,3,Tokyo
-0.6107309031493328,-0.3248283954281396,3,Tokyo
0.6352308409013466,-0.2042479440566304,9,Tokyo
-0.5096568276496791,0.6586856470829912,4,Tokyo
0.902764130376458,-1.2029764350971652,9,Tokyo
0.9262397882878286,-0.5512978841887283,9,Tokyo
1.2402112943913426,1.0550416134363998,10,Tokyo
4.105237292200753,0.9298287650495046,10,Tokyo
0.1517124441917734,-2.4349823970730977,7,Tokyo
2.124953655620883,0.3778231608255439,10,Tokyo
2.9047570474522275,-0.0010062954290517,10,Tokyo
-0.9533799048606952,-1.2844179896483137,2,Tokyo
1.4524858363872868,0.3315680731208942,10,Tokyo
1.130425971122591,-0.5355547972588023,9,Tokyo
-0.2983511118442681,-0.6418335842093472,5,Tokyo
2.0843053240793386,-0.4866557415238832,10,Tokyo
-0.2850616267695263,-0.5365048145187145,5,Tokyo
-0.6145509197112192,0.4086765476904558,3,Tokyo
6.343511031642221,0.8836387600537084,10,Tokyo
-0.4624865054715306,-0.8420970671278099,4,Tokyo
-0.0817445169268201,0.5892049344608953,6,Tokyo
0.078620115403783,-0.3579904627550539,7,Tokyo
0.6215848656771449,0.6806975662670403,9,Tokyo
-0.2928880777751667,-0.1820744660022676,5,Tokyo
-0.1289267084204185,-2.22312310019401,6,Tokyo
-0.3066012513847725,-0.0810793862252513,5,Tokyo
-0.9868932620351648,-0.2848014970884998,1,Tokyo
-1.2448999096855031,1.0927126717102396,1,Tokyo
0.2435446066963893,1.3494417163927468,7,Amsterdam
-0.2305454554915496,0.5466948520024628,5,Amsterdam
-0.8227216233756985,-0.3117332031827654,2,Amsterdam
1.4173607819836287,0.3117803290522174,10,Amsterdam
-0.1812044427124093,0.1951574942555956,5,Amsterdam
0.1760737599813347,0.3560067317951688,6,Amsterdam
0.1122588216402037,0.0539933934336067,6,Amsterdam
-0.2604946198883145,0.4155017668472042,5,Amsterdam
-0.2016151672852989,1.1774601892413104,5,Amsterdam
1.0983750444053797,0.4034267556190917,9,Amsterdam
-0.157993495243898,1.1932097450716503,5,Amsterdam
-0.7940659181957689,0.0503895849553074,2,Amsterdam
-0.5094258308670475,0.8046005800257313,4,Amsterdam
-0.4208738443185,-0.0354740655320521,4,Amsterdam
0.4229755834619095,0.352777480136361,7,Amsterdam
-0.2521453000854158,0.669278411839491,5,Amsterdam
0.11073803821734,0.2995132342207095,6,Amsterdam
-0.2396891548290038,-0.3448768110516015,5,Amsterdam
0.0214762598265206,-0.0504013187746,6,Amsterdam
-0.0160201154820375,-0.1874281446264956,6,Amsterdam
-0.0338290794467029,-0.3205374216470439,6,Amsterdam
0.5706436896960771,0.2742562690977754,8,Amsterdam
0.5837303125286512,-0.1086833941514901,8,Amsterdam
0.2667108994636303,-0.1615408980128361,7,Amsterdam
0.1770169441020033,0.1421343771316162,6,Amsterdam
0.4191981725044313,0.236966416033682,7,Amsterdam
0.638222754099574,0.4694364940171995,8,Amsterdam
0.5315982477049851,-0.0379877582685617,8,Amsterdam
0.4881431187931816,0.6958809720698085,8,Amsterdam
0.8841005615932163,0.1562746494609396,9,Amsterdam
0.8659759550070903,0.3079022177756901,9,Amsterdam
0.1100999968244722,0.1792873365852928,6,Amsterdam
0.5586538568120816,0.5992684265265846,8,Amsterdam
-0.6226861673825499,0.0919483605685357,3,Amsterdam
-0.0883936980122879,0.246098885623006,5,Amsterdam
-0.1235230738888722,0.1007545445881772,5,Amsterdam
0.3752985117341198,0.6029937506297431,7,Amsterdam
0.5340028890454446,0.9657402578928812,8,Amsterdam
-0.1098477080039515,0.1953114366394061,5,Amsterdam
-0.2562268709048368,0.7651697089394544,5,Amsterdam
0.2864036667246051,0.5282398329109478,7,Amsterdam
0.0126261051837292,0.4741506990680208,6,Amsterdam
-0.1548020395456826,-0.4498970314359526,5,Amsterdam
0.7311051110707065,-0.1029136625297799,8,Amsterdam
0.4437488586041884,0.4359679721781061,7,Amsterdam
-0.236277065851172,-0.4683304846077529,5,Amsterdam
-0.3638803220828481,-0.2484981156854778,4,Amsterdam
-0.2409677648663895,-0.4215530473198857,5,Amsterdam
-0.5960186595862182,0.0450745334821435,3,Amsterdam
0.2949052338501081,-0.0408686173737183,7,Amsterdam
-0.3839887805502397,0.0536786368415258,4,Amsterdam
-0.4264018512686964,-0.0970313586615543,4,Amsterdam
0.468349421570592,-0.1841072021334883,8,Amsterdam
0.2313549873524574,0.0021029580542125,7,Amsterdam
-0.3875506544826088,-0.4618366256792414,4,Amsterdam
-0.5860827433560842,-0.3112587839570787,3,Amsterdam
-0.4166496596665883,0.1577995354590946,4,Amsterdam
-0.4981884516399649,-0.2558645683206954,4,Amsterdam
-0.2919248005017338,0.4563703481765623,4,Amsterdam
-0.8543557647233405,-0.2029134038441177,2,Amsterdam
0.5400217315900383,-0.1433375970589248,8,Amsterdam
0.0878846816034993,0.2617035835447507,6,Amsterdam
-0.7436787597027187,-0.2518603507990772,3,Amsterdam
0.0232258147673587,0.1689973334410581,6,Amsterdam
-0.9335296678916554,-1.05602720612512,2,Amsterdam
-0.3480169133493833,0.8515951321755411,4,Amsterdam
0.0488532975410133,-0.1544779547719001,6,Amsterdam
-0.9356972478692638,0.2670825947022563,2,Amsterdam
0.3015094273479499,0.1180343515548722,7,Amsterdam
-0.0646728290527408,-0.019324954129191,6,Amsterdam
-0.0013915691717636,0.0546500589430973,6,Amsterdam
0.404093731720853,0.2259591608120414,7,Amsterdam
0.1543622764850388,0.0853142707093091,6,Amsterdam
-0.3454850733976738,0.0971497729407865,4,Amsterdam
-1.2402029713788647,-0.4044384913208804,1,Amsterdam
-0.5948687375209613,-0.4418695444912382,3,Amsterdam
1.0081299547379583,-0.2423124632387712,9,Amsterdam
0.5445906773768783,-0.2021148493596014,8,Amsterdam
0.0917324640581346,-0.2506716453241328,6,Amsterdam
0.6265083822456009,0.1377719665753797,8,Amsterdam
0.5829097947392762,-0.1981696003723337,8,Amsterdam
0.3679452302009838,0.0218303939389399,7,Amsterdam
-0.9401090430654432,-0.1056075510936512,2,Amsterdam
0.3935293742818525,0.0080106803028312,7,Amsterdam
-0.2027543893889452,-0.3583227575928431,5,Amsterdam
-0.3735173593962739,-0.1522763880710002,4,Amsterdam
-0.0919717526180817,0.2005916255222471,5,Amsterdam
-0.862320326259207,0.4981014705951398,2,Amsterdam
-0.5912012009397323,-0.0738900161518002,3,Amsterdam
-0.4143267656626124,0.0270753851375992,4,Amsterdam
-0.4703644268289566,0.1979403759816353,4,Amsterdam
-0.1021252083776303,0.4497889375397281,5,Amsterdam
0.4452403270985236,0.3333870660446481,7,Amsterdam
0.1241841574524578,0.3256487889972247,6,Amsterdam
0.7970326099556501,1.0900171634212317,9,Amsterdam
-0.3489953714182727,0.004286251417075,4,Amsterdam
-0.3426782528629049,0.1074113754177338,4,Amsterdam
-0.2140591539459453,0.0928205893771912,5,Amsterdam
-0.2426989278699898,1.1650799222167385,5,Amsterdam
0.1968008942629675,0.6055935492567236,7,Amsterdam
0.5933968891288018,0.3480480922492555,8,Amsterdam
0.2741224763809627,0.3313651955796889,7,Amsterdam
0.2515656895887607,0.0752034311687921,7,Amsterdam
-0.5729222517040453,0.4169211399228014,3,Amsterdam
-0.8090696151254705,0.1387493593610981,2,Amsterdam
-0.3026130448295628,0.609588382512287,4,Amsterdam
0.2844605629448024,0.3656011583079706,7,Amsterdam
-0.0959017111696319,0.3243995027446544,5,Amsterdam
0.6235754529641758,0.2321715440350277,8,Amsterdam
-0.2810460539927532,0.1836041261393332,5,Amsterdam
-0.2003475846528483,-0.2561008646430648,5,Amsterdam
0.7177286185958652,0.3683704190301116,8,Amsterdam
0.2515381397025222,-0.0910143569611686,7,Amsterdam
-0.2406448257532905,-0.0260262499027193,5,Amsterdam
-0.4660143380418142,0.0904663535787319,4,Amsterdam
-0.683258797018538,0.096419885206183,3,Amsterdam
-0.584877446429466,0.0152198827914158,3,Amsterdam
-0.7817289626294867,0.5453086368147955,3,Amsterdam
0.327406026072464,0.1484865407107501,7,Amsterdam
0.797369385355186,0.819812932548344,9,Amsterdam
-0.0743450458358085,0.3445436618757622,6,Amsterdam
-0.8801615945664244,-0.0992344776470134,2,Amsterdam
-0.6584187202231592,-0.3015123676470859,3,Amsterdam
-0.6780769115098165,-0.037745528542425,3,Amsterdam
-0.2753397621786853,0.7388525474977394,5,Amsterdam
-1.0642285869269676,-0.0396227119660998,2,Amsterdam
-0.0530422624862246,-0.299282044115411,6,Amsterdam
-0.0699013953270017,-0.8716524089803839,6,Amsterdam
2.516222125734436,-3.751217081052106,10,Amsterdam
0.9113555260558076,1.0724893177644277,9,Amsterdam
0.1062547630503272,-0.0205008312770029,6,Amsterdam
1.443500053854402,0.2400893820105812,10,Amsterdam
0.4986920033890805,0.6636404280806815,8,Amsterdam
0.6609476234065034,0.1495508236096089,8,Amsterdam
1.3441253281500096,0.7557000202928239,9,Amsterdam
1.0316613163180983,0.9070262217004214,9,Amsterdam
0.9639264678549692,1.011629810629583,9,Amsterdam
0.9629519107423108,-0.523709493422516,9,Amsterdam
1.684220250696658,0.8726834787467812,10,Amsterdam
1.548136732534417,1.392130345535062,10,Amsterdam
1.6275449118453342,0.1771445395348408,10,Amsterdam
-0.3635829800655792,-0.5755432534371024,4,Amsterdam
1.5757974727179769,0.7240712062424743,10,Amsterdam
1.2078954565585116,0.25817213704426,9,Amsterdam
1.4108542703412563,0.8201135449576928,10,Amsterdam
1.5252037300233583,0.3060967153886029,10,Amsterdam
0.0002837526550426,0.5099735584672881,6,Amsterdam
0.1468456496872444,-0.4877515531032399,6,Amsterdam
-1.9504331229359368,-2.3427893683232,1,Amsterdam
0.5972461231992933,-0.1262288820966942,8,Amsterdam
-0.3900489381146942,-0.9295227174560126,4,Amsterdam
-0.334658032637111,-0.9595368243615464,4,Amsterdam
1.950684303745182,1.5591649166023778,10,Amsterdam
0.8661273895302634,-0.4377523509996922,9,Amsterdam
1.3970998332689135,-0.11709314862787,10,Amsterdam
1.406333828899644,-0.0240752579130558,10,Amsterdam
1.3688565177303522,-0.2468754725583493,10,Amsterdam
0.3846411581862003,-0.0908546480757521,7,Amsterdam
1.799134300410376,0.3597122460928244,10,Amsterdam
0.0445519167848971,0.0060081595954228,6,Amsterdam
0.6638308367858858,0.5167055469174648,8,Amsterdam
0.4858859402315504,0.5049587308262554,8,Amsterdam
0.4895383242657734,-0.0774540258929125,8,Amsterdam
-0.6673787177895076,-0.2455542246252132,3,Amsterdam
0.1431017190880647,-0.4816657363593511,6,Amsterdam
1.570444629346887,-0.5143514907851879,10,Amsterdam
1.5435215814109418,0.6180966137001507,10,Amsterdam
0.7651562475593574,-0.1489645001580992,8,Amsterdam
0.9579048829547075,0.0665700501770685,9,Amsterdam
0.2832152958264616,-0.0187458769185113,7,Amsterdam
-1.2909839011233155,0.0868708019676336,1,Amsterdam
2.4640946582377232,0.0794328708808027,10,Amsterdam
0.8642889837272892,0.2444098846074387,9,Amsterdam
0.5337013923485442,0.1560284516799044,8,Amsterdam
2.7850663950155625,0.060079839637458,10,Amsterdam
0.8040634671185836,0.1443431196240979,9,Amsterdam
0.9848658106585152,0.7117939327079951,9,Amsterdam
-0.7067200555439638,-0.3318997714977063,3,Amsterdam
-0.5257351848070162,-0.8169267952891502,3,Amsterdam
0.548784071525307,0.2141728740078069,8,Amsterdam
1.3822809885948986,0.3540703003784752,10,Amsterdam
2.922339126322889,1.1208768794273516,10,Amsterdam
-1.1053102063915594,-0.0558899241298904,1,Amsterdam
-0.3477630733865198,0.0859699860052146,4,Amsterdam
-0.1637206505753744,-0.2821275200852705,5,Amsterdam
-1.5448309686497863,-0.2589339049696331,1,Amsterdam
-0.133526207437797,0.5965935793054887,5,Amsterdam
-0.0853202949404576,-0.2707175372671365,5,Amsterdam
-0.953997698777166,-2.478382886413026,2,Amsterdam
-1.817076410181372,-0.4642752958592739,1,Amsterdam
-0.3315589158060927,0.7388913790083336,4,Amsterdam
-0.8654055463268129,-0.2386621237493822,2,Amsterdam
-0.7985106697851614,-0.153214388370646,2,Amsterdam
-0.5988139752405616,-0.3082474479501645,3,Amsterdam
-0.9575626295906188,-0.0328341414516138,2,Amsterdam
-1.0282006330340976,0.1927987266279106,2,Amsterdam
-0.6748085982760594,-0.2646607209687349,3,Amsterdam
0.1411466117095693,0.880238732452524,6,Amsterdam
-0.5132237267782014,-1.0609249107381358,3,Amsterdam
-1.0954942438280375,-0.3273718963865346,1,Amsterdam
-0.7827901832988933,-1.167153475885773,3,Amsterdam
-1.3210769444268446,-1.2103068851848384,1,Amsterdam
-0.6778934415010692,-0.7918724371915611,3,Amsterdam
-0.4171479490033044,-0.957595559836246,4,Amsterdam
-0.4233556349103433,-1.610420765054797,4,Amsterdam
-0.4253448698501818,-0.8632786326842754,4,Amsterdam
-1.0046265040941755,-0.7603684587041379,2,Amsterdam
-0.5095544584849189,0.4847459129023792,4,Amsterdam
0.5165805225462093,1.3269762831495642,8,Amsterdam
-0.5381737869312226,0.122722506964927,3,Amsterdam
0.181997782287454,0.8717528987004696,7,Amsterdam
0.2409639389084275,0.4892795516217385,7,Amsterdam
-0.2489752116834312,0.1830341422326512,5,Amsterdam
-0.4470457607045421,-0.3958546074017576,4,Amsterdam
-0.5503235420365414,0.1309210750719947,3,Amsterdam
-0.161102729389626,1.096599865074848,5,Amsterdam
-0.3806642436063426,-0.0129363646832241,4,Amsterdam
-0.1573134231924433,0.158228765983189,5,Amsterdam
0.3057134272334728,0.0620231371831222,7,Amsterdam
0.3693179233638987,0.1476745078020079,7,Amsterdam
0.7689595101528773,0.8899945469366368,8,Amsterdam
0.6823203064071424,1.3654361942519655,8,Amsterdam
-0.1652354610796455,-0.4528227517261935,5,Amsterdam
0.6706308499993796,0.5694704448286605,8,Amsterdam
0.5764413208348171,0.5911443000294717,8,Amsterdam
-0.8068040596283387,0.1306420219808568,2,Amsterdam
-1.3835349881543582,-3.6414629870765873,1,Amsterdam
-0.8457428335729203,-2.056322864123347,2,Amsterdam
-0.8333327514343938,-1.6258959225792609,2,Amsterdam
-0.9313328730461692,-1.0737046584992929,2,Amsterdam
-0.2585964697855145,-1.0805278611932347,5,Amsterdam
-0.6259183216868206,-2.314443001400198,3,Amsterdam
-0.7576544269157347,-0.1393560132717858,3,Amsterdam
-0.7310536943570494,-0.6342677463716955,3,Amsterdam
-1.1261658261220389,-0.2083806523427218,1,Amsterdam
-0.6713800838191106,-0.1911594410519911,3,Amsterdam
-0.0879931810306898,0.4687667569588337,5,Amsterdam
-0.5745782825439548,0.128374274013655,3,Amsterdam
0.0242632648378496,0.6391460763194037,6,Amsterdam
-0.1017209697257191,0.0780789034495482,5,Amsterdam
-0.1147860424057392,0.3607550607383441,5,Amsterdam
0.8409295734693049,0.5460457089860231,9,Amsterdam
-0.7188339976272127,0.0187029131024556,3,Amsterdam
-0.7991605244559971,-0.0438656447958351,2,Amsterdam
-1.1764067626737398,-1.663775489715704,1,Amsterdam
-0.4641747262969709,0.0798639608404532,4,Amsterdam
1.2076354315465856,-3.430022266873244,9,Amsterdam
-1.4149530694625154,-0.3099289606633481,1,Amsterdam
1.816703944430461,0.2265880929335893,10,Amsterdam
-0.8016658448048427,1.5145981698613398,2,Amsterdam
-0.4936657618296385,-1.1495616890803464,4,Amsterdam
-0.5779305317332826,-0.1117711117277378,3,Amsterdam
-0.5763048382607324,0.0748023950301414,3,Amsterdam
-0.4160480079310156,-0.5177960061124011,4,Amsterdam
-0.7307872335578283,-0.0168261392960311,3,Amsterdam
0.1316700567816983,0.4176104199844856,6,Amsterdam
-0.3598679874505604,0.2505534590786628,4,Amsterdam
-0.7916480523112936,0.002899092000752,2,Amsterdam
-0.8862679397982264,1.0407659191751644,2,Amsterdam
-0.6926958668266856,-1.277443597266578,3,Amsterdam
-0.7530613277739794,-0.2148218518303008,3,Amsterdam
-1.118378351561241,-0.1347494597968205,1,Amsterdam
-0.5754505622115927,-0.2090223869778513,3,Amsterdam
-0.1294623132395635,-0.3675502480783993,5,Amsterdam
-0.5765893354058966,1.0633557458394731,3,Amsterdam
-1.0725977212335172,0.0526883637786643,2,Amsterdam
0.0855300253426581,-0.967911959441499,6,Amsterdam
-0.7767389319815469,0.6407187995401844,3,Amsterdam
-0.8307264462690224,-0.0810789574491862,2,Amsterdam
2.973568260929571,0.7291076022945276,10,Amsterdam
0.0107043338724217,1.5777662546949354,6,Amsterdam
1.530569995695494,1.07857027843454,10,Amsterdam
0.5098877475850094,-0.0399634533808999,8,Amsterdam
-0.2757172011968032,0.4038203293357288,5,Amsterdam
0.3812243250944184,0.0809711788489457,7,Amsterdam
0.2538540552136407,-0.1539106734135382,7,Amsterdam
0.1607745342714208,0.0038993672896557,6,Amsterdam
0.3422967053988482,0.0166882767673211,7,Amsterdam
-0.359146058401368,0.196006112798792,4,Amsterdam
-0.2160720207798505,0.1302505943035578,5,Amsterdam
0.1805426408265798,0.0557500950036267,6,Amsterdam
0.8548025114764293,0.6547469917278612,9,Amsterdam
0.8155238655838466,0.1619414978622256,9,Amsterdam
-0.9672286506955954,0.3711955338082302,2,Amsterdam
0.4312821168982592,0.009820061670034,7,Amsterdam
-0.3294106066531874,0.7398321640652586,4,Amsterdam
1.6651221264598708,0.6088839622718359,10,Amsterdam
2.968711942373699,1.3569946318799209,10,Amsterdam
-0.4514150441774117,-0.5573760012691602,4,Amsterdam
-0.5104948375767133,0.5760746226381172,4,Amsterdam
-1.0586927615590973,-0.9320041244204258,2,Amsterdam
-0.0583507052634315,0.1680297592812556,6,Amsterdam
-0.3908579278165199,-0.1653647376152552,4,Amsterdam
-1.1233583854339817,0.0660902228916844,1,Amsterdam
0.0162659369095708,0.472547780920154,6,Amsterdam
-0.5525990253747788,-0.3653724553883478,3,Amsterdam
-1.6714454345379717,-3.8920927603515634,1,Amsterdam
1.0811033090016071,0.833942494890356,9,Amsterdam
0.9911767729443828,0.2032362156286659,9,Amsterdam
-0.7762516754547191,-0.3257792047327979,3,Amsterdam
-0.868598942162294,0.1098400504785063,2,Amsterdam
1.6006764921455017,0.0751656977149933,10,Amsterdam
-0.4137996210906113,0.2423606754550165,4,Amsterdam
0.2286068245825195,1.25857764114568,7,Amsterdam
-1.062679055235053,-0.6437367322406657,2,Amsterdam
-0.9416434344873248,-0.4463402314842736,2,Amsterdam
-1.0250507629305614,-0.2260485913956415,2,Amsterdam
1.1565728745788884,0.2404510931071216,9,Amsterdam
3.307202076786659,1.5938351215646984,10,Amsterdam
-0.7315757651340624,0.5395112299925583,3,Amsterdam
2.7026263303982483,1.2319047204008202,10,Amsterdam
-0.9075937157607624,-0.5038952486188463,2,Amsterdam
0.3246338786481123,0.6520485025632801,7,Amsterdam
-1.093726941855904,-0.5497041542256071,1,Amsterdam
1.513519516290302,0.9259057440507132,10,Amsterdam
-1.1049858012316942,0.3030600554442534,1,Amsterdam
0.2442818314686406,0.3023302721149855,7,Amsterdam
-0.6917756599562948,-0.2167357068361146,3,Amsterdam
-0.6850663318246514,-0.7360458517630271,3,Amsterdam
-1.3623571630930196,-0.4973661587980095,1,Amsterdam
-0.4279297309964417,0.2999206809835031,4,Amsterdam
1.516461675601486,0.9434968297180216,10,Amsterdam
0.1486039198732168,0.6267229886369023,6,Amsterdam
-0.3964318488296384,0.1393836616064233,4,Amsterdam
-1.2998716458493502,-0.9592577061359878,1,Amsterdam
-1.116403678717307,0.1188717605440815,1,Amsterdam
0.4221756762579541,0.0890877361939846,7,Amsterdam
0.3303510086761971,0.2844463224520453,7,Amsterdam
0.6164444484180249,1.0348558435841917,8,Amsterdam
-1.0777175626822946,-0.3129928317452494,1,Amsterdam
-0.2439136490104459,1.4553322907184525,5,Amsterdam
-1.0197511687708165,-0.8334085863764507,2,Amsterdam
1.5273199105797213,0.8392986564043424,10,Amsterdam
1.066894654811293,0.3932657429478475,9,Amsterdam
1.1577919337166398,0.0455537274714226,9,Amsterdam
0.2096111526044571,0.1611067735157001,7,Amsterdam
-1.9035113610047725,-1.373073061153628,1,Amsterdam
-0.4704369026536362,-0.3293168417815425,4,Amsterdam
-2.6921677622501567,-1.7901753542346177,1,Amsterdam
-2.9752715900447666,-1.480986108907672,1,Amsterdam
-1.5568076049202726,-1.0065266357488576,1,Amsterdam
-1.9676834438713957,-1.3046959078810778,1,Amsterdam
-0.5172813349166762,-0.1209500182268964,3,Amsterdam
2.092053193048246,0.5982722594349731,10,Amsterdam
-3.083435156017815,-1.1242872714833,1,Amsterdam
0.1728135553785862,0.3963565789821471,6,Amsterdam
1.6530513429410911,1.207827249695938,10,Amsterdam
-0.1014297766089339,0.0288899824698046,5,Amsterdam
0.8430888788919498,0.8881761304726778,9,Amsterdam
0.9129894480596472,1.089978829956406,9,Amsterdam
-2.7119302558657794,-0.1052936988658237,1,Amsterdam
-0.6339499804724724,1.3120937059586824,3,Amsterdam
0.9191925734016207,0.9484282743480824,9,Amsterdam
0.7120341822170626,0.1993092320965063,8,Amsterdam
-0.9804257257714104,-0.1463642650459422,2,Amsterdam
0.7527770518753379,0.6024095659732965,8,Amsterdam
0.8154028617002733,-0.0691307786407574,9,Amsterdam
0.4510777791619061,-0.3044540389977039,7,Amsterdam
0.9694632535717046,0.0719171538155062,9,Amsterdam
1.135223531308153,0.3594558521157569,9,Amsterdam
0.3152226251368064,1.2608897921273214,7,Amsterdam
-1.6309036705975266,-1.2794055398071515,1,Amsterdam
0.8633786787326699,-0.036052312282376,9,Amsterdam
0.6122577058883558,0.4467285344251285,8,Amsterdam
0.3605189675279256,0.4173501353716775,7,Amsterdam
0.1773356333967672,0.8699919180720959,6,Amsterdam
0.4147500217522353,1.0808804170728594,7,Amsterdam
1.783605861716257,0.1980317378436237,10,Amsterdam
-0.8869240985085697,-0.0106582936209922,2,Amsterdam
-2.08788814766952,1.137266164826466,1,Amsterdam
-1.67823237898861,0.2818830702728585,1,Amsterdam
0.4694391120643235,1.7077619685935168,8,Amsterdam
-0.9072540383691716,-0.1875280822795516,2,Amsterdam
-1.5631818668640238,-0.5263171987561639,1,Amsterdam
-1.3351771332271565,-0.7193775872573688,1,Amsterdam
-2.7914652579562538,-2.4637084728499903,1,Amsterdam
-0.8220688133314911,1.2058598822626156,2,Amsterdam
-2.759099421668154,-2.6388400288076403,1,Amsterdam
-2.7051045169729435,-2.097265736805872,1,Amsterdam
-2.6365382199795664,-1.1451729505814472,1,Amsterdam
-2.3954232238943534,-0.951183915252507,1,Amsterdam
-0.5658863431145396,1.0104373360461578,3,Amsterdam
-1.758340746156511,-1.1004288318208122,1,Amsterdam
-0.2440972628295788,0.094248457786704,5,Amsterdam
0.6398901342589336,0.1138831360104028,8,Amsterdam
-0.4096811112645563,0.9237646849928112,4,Amsterdam
0.8141583599443108,0.6212486948922548,9,Amsterdam
-1.0993175598586848,0.6750564839914903,1,Amsterdam
0.082300067756317,-1.8383830369802163,6,Amsterdam
-0.9169817479447492,2.3704233259621894,2,Amsterdam
0.1750665511183675,1.5045760310633964,6,Amsterdam
-0.1619479284658979,1.40007052429302,5,Amsterdam
-1.7310725680313923,0.920555665902424,1,Amsterdam
-1.1094825689503736,-1.2350364923925403,1,Amsterdam
-1.034490680576394,1.282014142012711,2,Amsterdam
-1.0166789904291655,1.5631022091740223,2,Amsterdam
-1.0066213240086062,-1.4291630376454445,2,Amsterdam
0.1756734088435029,0.4855949106669603,6,Amsterdam
1.2198211848223426,0.429264747288852,9,Amsterdam
1.0188346933826782,-0.1624116206467102,9,Amsterdam
0.8550738818195847,-0.1061042408121701,9,Amsterdam
1.7650982659753949,0.6178523351164792,10,Amsterdam
0.7132844706719099,-0.0474344932839031,8,Amsterdam
1.47262713677502,0.1592006499740652,10,Amsterdam
0.2676681097376184,-1.3601415775936143,7,Amsterdam
1.7968316143244687,-0.0034873534352095,10,Amsterdam
1.630132522755522,0.489688004399848,10,Amsterdam
1.956818599672059,0.146728376812728,10,Amsterdam
-1.8929481651820728,-1.203907640014508,1,Amsterdam
0.1303034739051902,-1.4216919059046222,6,Amsterdam
0.7640812111511116,-0.5387309555471768,8,Amsterdam
1.982391277315423,1.0821289763063129,10,Amsterdam
-0.1657379726648592,0.7554171560379195,5,Amsterdam
0.1182210490003186,-0.7441129715509213,6,Amsterdam
0.4637491438604544,2.10634292346533,8,Amsterdam
1.8174242360629376,0.4120988177552125,10,Amsterdam
1.361440000585669,0.2922059716372692,9,Amsterdam
1.7767843389187106,0.6894787085478548,10,Amsterdam
-1.199098493835408,-0.9568920762336746,1,Amsterdam
1.3011953824983844,0.8468099832272948,9,Amsterdam
1.1614317134125498,-0.0033226577161684,9,Amsterdam
0.5798413246538904,-0.8272193944182695,8,Amsterdam
0.2648039299282554,-0.7069219624635745,7,Amsterdam
1.938479139511799,-0.215162997552989,10,Amsterdam
-0.1463775682622713,0.083750317462062,5,Amsterdam
1.5570801278590485,0.395121645821847,10,Amsterdam
-0.079856394227552,0.9015044746369364,6,Amsterdam
0.7036203588612834,0.5937997616115254,8,Amsterdam
0.7091375578749073,0.8944595983474647,8,Amsterdam
0.8879357642028788,1.1243087894489154,9,Amsterdam
0.1955867811263913,1.3830507123348097,7,Amsterdam
1.1764409338446715,0.6958306171381611,9,Amsterdam
1.105057291140201,1.266614792112987,9,Amsterdam
-0.8934958691734527,0.6232944862281573,2,Amsterdam
0.4983737407537495,1.7619943378576692,8,Amsterdam
-1.605401719418894,0.7780788288379896,1,London
-1.692071470563432,0.5139410023413362,1,London
-0.5400101624017226,0.9988879578696728,4,London
1.4500369747362496,1.324338396794649,10,London
0.5342289445801277,-1.596402977526945,7,London
0.6428132673950805,-0.541207619873925,8,London
1.9595892401836168,0.4665301502961288,10,London
1.323730120649263,-1.1099983074818534,9,London
1.2289402356903392,0.0335539932478403,9,London
1.3336757988651653,-1.8885801740501016,9,London
1.2690137312102412,0.7019378837272068,9,London
1.0007997347892883,0.5756797063131596,9,London
0.8486733829767134,0.8624843075731352,8,London
0.6881537536323469,-0.0568856166770433,8,London
1.197901453829304,0.4181648527217969,9,London
0.794476142519806,0.3010374922882132,8,London
0.9566543142527812,-0.3956613085360931,8,London
1.2738211696155666,0.4868807080100923,9,London
1.3914515356531325,0.8153441428377678,10,London
0.8177051468487336,0.3688643779321451,8,London
1.1478595796236502,0.5183286779190897,9,London
1.2065827616154892,0.9205849851063852,9,London
1.4282300230549465,0.1830268986505903,10,London
1.5627195799982267,1.0788977769929082,10,London
0.3478327008780227,0.2025572977685859,7,London
1.3452228791172494,0.5922323487196846,9,London
0.201866983347181,0.0969239266617229,6,London
0.9305396052557312,0.2466311372780818,8,London
1.3561161978825118,0.8318528570533118,9,London
1.277274479854887,0.1816787702201316,9,London
0.8725091371226977,-0.0840769569394604,8,London
0.3245025514638886,0.1172745383668616,7,London
-0.2075564031374761,0.4261631156884536,5,London
0.1158805398265468,0.4542428270214897,6,London
-0.0141369977170994,0.895644258253837,6,London
1.6324795993209045,0.2442684780714827,10,London
1.0357768815482669,0.1499680277601127,9,London
1.468105915297604,-0.1075389937745524,10,London
0.9838131376978028,-0.8807195721743268,9,London
0.8800449973593467,-0.4360339325521438,8,London
1.1726732200190462,0.6546877855309114,9,London
0.9707885527434894,0.1024601906981813,9,London
2.059742872368621,-0.4902915537381085,10,London
0.9374662018538622,-0.5368053900163203,8,London
0.063752266080919,-0.373956703114414,6,London
1.0443031521154609,0.0886324587704329,9,London
1.482551954065742,0.02820493653055,10,London
0.8908705509957906,0.2164103239131057,8,London
0.9226526104742424,0.278079945368436,8,London
1.2591642973219637,-0.2075578553687054,9,London
1.2272984169431824,0.4348190593390402,9,London
1.150262879488584,0.9142135290156505,9,London
0.9313450535732978,0.5949269724229765,8,London
1.0329309859453717,1.010352547349981,9,London
1.620273004161742,1.1672907561487038,10,London
0.523227208759757,0.5609253044027158,7,London
0.8629425297767611,0.1048603853233396,8,London
0.8240054947808565,-0.0388780375161317,8,London
1.5283899474959035,0.599992764069049,10,London
0.7431784659151613,-0.153417745544754,8,London
0.4208725977455859,0.1558200812577218,7,London
0.4730957589382477,-0.9794789748877428,7,London
-0.2274238241272823,-0.9529593597365308,5,London
0.3289596790629627,-1.3586528492108398,7,London
0.1006783505001275,-0.5656860876595243,6,London
1.420440050537933,1.053740307173511,10,London
0.8390164809632725,0.9829761180411284,8,London
1.125727492302239,0.7154107681010266,9,London
0.9279145940613814,0.16938532355098,8,London
1.6280049185650267,0.3413077178097616,10,London
1.4053210055823464,1.6463936512617467,10,London
1.2664606983863154,1.0714499923853222,9,London
1.0054494196996018,0.0773397565385769,9,London
0.9074516273880664,1.187658793728916,8,London
0.9986741191368224,0.8677934737270044,9,London
0.8547744944223554,0.7878805079168227,8,London
1.279687233976125,0.7878257078591608,9,London
1.198562336394087,0.4342174965624513,9,London
1.3279238597662606,0.3889369350037904,9,London
1.1289908947551883,0.4571459932367269,9,London
1.0186799268118196,0.0710359383727664,9,London
0.7450478289875033,0.1605170503322106,8,London
0.6055053996930702,-0.0175907839907165,8,London
0.6427167731472108,0.1355671765173327,8,London
1.5434228150000684,-0.2907173689756632,10,London
1.6932315631395995,-1.0631455116366266,10,London
0.2765101909653578,-0.2084103536146207,6,London
0.4209717127633327,-0.1237046438152743,7,London
1.3798388501381649,0.0003125463291741,10,London
1.3299668233967823,1.0945068515966232,9,London
1.1986687251163777,0.869179608866262,9,London
0.4958897839591859,0.1410098290732512,7,London
1.2318055738608775,0.3198440243230025,9,London
1.2415100233024752,0.697535998081364,9,London
1.2450176858272677,1.0632963767191994,9,London
0.7297639602732335,-1.070286635995676,8,London
1.0723354405774237,0.9239673389378772,9,London
1.4657573554610968,0.8901529506863187,10,London
1.4534452626792476,0.0943604978464737,10,London
0.84027978217714,0.0241538527109529,8,London
0.7831628488753547,-0.5469776690811181,8,London
-0.1942403629083761,-0.0296299298767651,5,London
0.8250575370002337,0.6015583405772645,8,London
0.4286007386375224,-0.5459761433471013,7,London
0.4555644750446659,0.5221927805130505,7,London
0.2319099951761095,0.3378063619145131,6,London
-1.039923827948249,-0.9432809096803508,2,London
-0.9167654795753442,-0.2232128330669905,3,London
-0.7277899801310547,-0.8490033691851433,3,London
-0.8693317903249087,-0.4284930365034635,3,London
-0.8654512656112806,-0.6841145567470609,3,London
-0.8598460486693282,-0.6576766423864011,3,London
1.0278853008754985,-0.5568606888312075,9,London
-1.1483304145211666,-0.616083524958244,2,London
-1.0707298110814258,0.2376478738866417,2,London
0.1522853257767215,0.2382683350583158,6,London
1.078488029762684,-2.6748006098995183,9,London
0.9437850440662632,0.4767616750238876,8,London
0.713937305285802,0.1252352928236854,8,London
1.5289230345811928,1.3198386678323049,10,London
1.1834258439917118,0.129279682792968,9,London
0.2865847635802031,-0.123178785071288,7,London
0.9700660843831194,0.7878863355317972,9,London
1.022419509517174,-0.1181194228910099,9,London
0.933504321722843,-0.0869100682992531,8,London
-0.4908047084333364,-1.7710195293586768,4,London
-1.0523671184106016,-7.475227173926341,2,London
0.8277678609839578,0.9636516336606026,8,London
0.384086914073359,-1.178121568236242,7,London
-0.6888753982062734,-1.2942780083740102,3,London
-0.5266639250369199,-0.5569458132918794,4,London
0.7029014861188632,-0.631130051164439,8,London
0.3477665244892559,-1.4418878418367127,7,London
0.6693389218806947,0.4203234692182648,8,London
0.1669243015440588,-1.7647961882873204,6,London
-0.0488779506448435,-2.106783828682152,6,London
-0.1927513413889601,-0.7235080814421601,5,London
-0.0270147765347853,-0.695950153066954,6,London
-0.0117363470474136,0.3450728929425627,6,London
1.9590810284084104,0.8541628496719498,10,London
-0.0268879506763409,0.4702103596704401,6,London
1.118216769855665,0.9815233324638928,9,London
0.9461497441757838,-0.1475582432304696,8,London
-0.9572370973181326,-0.4834640140075271,2,London
-0.6247157174846973,-0.3833004008886974,4,London
-0.4042050816452514,0.257706562280094,4,London
-0.5886688711087433,-0.0998973270858957,4,London
-0.8614712514974985,-0.2961366882252279,3,London
-0.1383981234951914,-0.0217464691528412,5,London
0.1044645486225728,-0.7620939879112677,6,London
0.7984715095518499,0.329459197966534,8,London
0.4790774926525385,0.4158906083529313,7,London
-0.5382445217419247,0.1887963297435953,4,London
-0.2739365258588216,0.3391601389619924,5,London
0.3381994428273457,-0.0260348591398484,7,London
-1.024523647237266,-1.075220084634651,2,London
-0.6029956494961288,-0.5383486002775344,4,London
-0.0465288230168649,-0.6555723881485112,6,London
0.4186956508441133,0.0468209704824237,7,London
-0.8680793986788279,0.2419533365247747,3,London
-1.0749240608661437,0.1350527823999089,2,London
0.0998516070505501,1.0053695122592303,6,London
-1.357212783507752,0.2108422156825429,1,London
1.0899349550145667,0.939606963993835,9,London
-1.343238028165403,0.2827095692850052,1,London
-0.9095069161215552,-0.2787087571001537,3,London
-1.394691378681276,0.1473159599392603,1,London
-0.150938066492643,0.90776575187109,5,London
-1.4386635154654597,0.1681460441180179,1,London
-1.299421724026201,-0.4723457057208298,1,London
-0.5389227873573551,-0.1067932847147881,4,London
0.9142699832316952,1.7522929947888606,8,London
1.1200839766407211,0.426838145975502,9,London
-1.1824909396619083,-2.003996822087492,2,London
-0.1039980495050486,-2.036754369469816,5,London
-1.0293687754503005,-2.521219650656411,2,London
0.055632223325323,0.9086026692808165,6,London
-0.7425982304817967,-1.116696370382943,3,London
-0.6232078222426559,-0.906429426829172,4,London
-0.1095811051730446,-1.1335679260431946,5,London
0.1487672412568167,-1.126386311605143,6,London
0.3858177158388183,-0.6098271178267022,7,London
0.8848076060692592,-0.4628408521600844,8,London
0.1418156596864925,1.2603755997299502,6,London
-0.6352236149895377,-0.0243957404530156,4,London
-0.7905126576664903,-1.3744355436393183,3,London
-0.9774721079460305,-1.459082920920577,2,London
-0.5779069210666565,0.8386895586388488,4,London
-1.0806110031313347,-4.312874821353697,2,London
-1.1687611635081712,-1.578390455433937,2,London
0.2042971487733091,0.0948017922395492,6,London
-0.9505763847124088,-1.1693196610566163,2,London
-1.7457313345952234,-1.055922690095104,1,London
-1.3057176571218307,-14.173756804561275,1,London
-1.031678905039464,-3.458735453032097,2,London
-1.6483092882262662,-2.6066751078620083,1,London
-0.9413809102507528,0.0162097473171537,2,London
-1.576585813729457,-1.198776740333425,1,London
0.2667892155716172,0.3881942153628819,6,London
-0.9961834110048318,-2.418259061619048,2,London
-1.4678452902234802,-7.491741536423498,1,London
-1.2429633904928066,-1.3313127369684783,2,London
0.2314173751485276,-2.0172556675423103,6,London
-0.4534215495041565,-1.2750081695163515,4,London
-0.3780870996164655,-3.377375201687291,4,London
0.0530473089786312,-2.425946148943018,6,London
0.2844707329192303,-1.11980550235087,7,London
0.497009258769947,-0.9414278729158309,7,London
2.034627640266769,1.4608607875790405,10,London
0.3179644499253144,-0.7553838369791441,7,London
1.049623100062875,-0.6980961136274881,9,London
0.434088472194494,-0.2834825811096608,7,London
-0.1307241968523045,-3.5846064311761854,5,London
0.9754600817361442,0.7822137246698172,9,London
-0.9239100136915478,-0.7022311016984467,3,London
-0.8034843206381597,-2.783922603819177,3,London
0.0189743830171072,-0.4510021472799996,6,London
-0.5350074569063086,-1.2708119263903308,4,London
-0.5740044352341473,0.0741243305782746,4,London
-0.5846705771618929,-1.441150157608793,4,London
-1.0487453332567231,-0.1942247302022721,2,London
-1.1229496465696682,-0.7228696159875572,2,London
0.371339685664263,0.3206641765813487,7,London
-0.1994192358862494,-1.4512828935038853,5,London
-0.2178043979269109,-2.5271001445235863,5,London
-0.0303591626441127,-0.6711389969080772,6,London
0.4249155756906019,-1.0071952735989294,7,London
-0.2768781704441869,-1.311218058978297,5,London
-0.5620385685976296,-1.532059220949149,4,London
-0.2925268178921097,-2.6478276574395068,5,London
0.2647204128591341,-0.2254189685325612,6,London
0.4607376275638813,-0.7397552440749147,7,London
1.157204499902261,0.5503776286259117,9,London
-1.171101599542629,-0.4531732466827715,2,London
-1.0994846182486893,0.1497468072125035,2,London
-1.2728891787188372,0.6844028171553808,2,London
-1.5003114896446998,0.050270016037968,1,London
-0.4021647102852769,0.199199684167966,4,London
0.3098454453344168,0.317908689055505,7,London
-0.575433961178566,0.0628979440188194,4,London
-1.3377855120796611,-4.294763894288744,1,London
-1.296945874629406,-2.030373467919792,1,London
-0.1748813445935357,-0.9353964523931708,5,London
-0.8317835363423169,-1.8462045969604264,3,London
-0.0335746677134534,1.330418837840165,6,London
-0.6902276264566833,-0.6134788550643814,3,London
-0.7297099294036155,-0.2006815652180078,3,London
-0.330306818137237,0.4584778665415069,5,London
-0.9164329957072448,-1.4633910914838255,3,London
-1.8197428453414752,-5.989996500366888,1,London
-0.4318824308150004,-1.75156138386491,4,London
-0.122138967956181,0.5791630512089243,5,London
-1.449126879326032,-1.233901848793434,1,London
-1.1592622337471687,-1.1498344947196293,2,London
-0.1622012588103027,-1.4179942957195406,5,London
-0.9609497448343854,-0.3929035224517185,2,London
-0.8688795705128325,-0.0840212780761376,3,London
-0.9356966846428524,-1.929317060470275,2,London
-1.280589528117111,-3.097542590427138,2,London
-0.3339865154985699,-0.3949134304915301,5,London
-0.2101143262211578,0.345821840957393,5,London
-0.724397762478593,0.1040678083399405,3,London
-1.7790582367192669,-1.9380720993377332,1,London
-0.0542052849137099,0.2421746131647651,6,London
-1.474715011970438,-1.3973711500386543,1,London
-1.3210356929408145,-6.673146645814434,1,London
-1.6353051804696348,-2.643816182940601,1,London
-1.4345570472985965,0.6264628701503017,1,London
-1.195522849731199,-0.1385518545367138,2,London
-1.664607131859939,-2.1622844350477823,1,London
-0.1459334615481151,1.3277764438846589,5,London
-0.320628442020217,1.0237549115755902,5,London
0.3016121604432719,-0.205480439262002,7,London
0.3294032886122436,0.6344344501793963,7,London
-0.8123274113959307,1.3036412186946262,3,London
1.185610676680224,1.0308685592411713,9,London
-0.1386720059798871,-0.8248381058643698,5,London
0.4762928162882815,0.7935223958626069,7,London
-0.593643837000375,-0.0806746516787254,4,London
-1.2700128009143756,-0.2951014690790522,2,London
-0.4019376604775442,0.7942683499009952,4,London
-0.9297468626688092,-0.0895354645482905,2,London
-0.6689655100343567,0.6913344175222634,3,London
-0.6006614531453179,0.2272018374517316,4,London
-0.6864075504518343,0.5940208580259776,3,London
0.4554642309646505,-0.4460094826926931,7,London
-1.0089232833750796,0.3254471854193958,2,London
-1.3674544922379015,-1.1649273947527683,1,London
0.1189834596385832,0.7672147360365364,6,London
-1.1737195839867305,-0.9477017549194778,2,London
-0.8868571175417157,1.1607862096387391,3,London
0.3257984658583062,0.6111294477586526,7,London
0.3470452268906008,0.1285051703707631,7,London
0.4962523606809076,-0.644709397677338,7,London
-0.1164404132073993,1.650586539872786,5,London
-0.1232450663282465,-1.4728166178792736,5,London
0.6840557587997481,-1.0942210189095187,8,London
-0.8136066222716121,-3.3556089373748166,3,London
0.8228728829517615,0.3319376565313253,8,London
0.6959701807569975,0.2484807109326464,8,London
-0.0788874037307798,-1.8710198395610689,5,London
0.8577854933479617,0.2467378436506125,8,London
0.0226363749748153,-1.048727239895776,6,London
-0.6742583815570237,0.2740987520268604,3,London
-0.4089796407784065,0.2519690347327018,4,London
-1.328664279700967,-0.594363705238827,1,London
-0.8968887294657263,0.1038335877410521,3,London
-0.2980916375718876,0.3172747145473265,5,London
-0.4242755830336197,1.296707710527503,4,London
0.3917803451260147,0.1495348511585237,7,London
-0.6992241562314501,-0.5064969794434148,3,London
-0.980542514952775,-0.1033930561787964,2,London
-0.7738879780715346,0.6842478738580265,3,London
-0.6515348888214224,0.4176096716233477,4,London
-0.4190150341612563,-0.1245511881159202,4,London
-0.3881935035776629,0.7716097212164188,4,London
0.2463929676272189,0.3304729372563711,6,London
0.3065101695225035,0.5281515580855173,7,London
0.0267748846206937,-0.1784286213159514,6,London
0.5285701868635558,0.9448219070546492,7,London
-0.3093987170502785,-0.1051336616211557,5,London
0.277259917979275,-1.883960318974482,6,London
0.9785267987096608,0.2678989949469851,9,London
-0.1518135621882571,-0.2474948467607088,5,London
-0.1332877992638891,-0.0089101429222568,5,London
-0.1776404813429952,0.5083932467654717,5,London
-0.3723178104326046,0.2565398734786327,5,London
-0.3793870635341234,-0.0953733054481457,4,London
-0.7092800125354844,0.0494675289659631,3,London
-0.6353665186846011,-0.0731072657468927,4,London
-0.7368476263129516,0.4351061665009504,3,London
-1.0553165534383506,0.0085097269707057,2,London
-0.7070237605147591,0.6474987289516618,3,London
-0.2416929885574517,0.2574394534081011,5,London
-1.2416626470410956,-0.7725809189299816,2,London
-0.8509525390686072,-0.592503360108498,3,London
-0.8902726041961446,0.2002805425024309,3,London
-0.8103207689380605,0.118070798605673,3,London
-0.0902943151296632,0.8995136156385093,5,London
-0.5619890051172447,0.1647283730859604,4,London
0.1177835605117632,0.6526898342017838,6,London
-0.3511651731814991,0.6147149043337332,5,London
-0.4457026408872702,0.6817073626337176,4,London
-1.2198668373956996,-0.1942700443841034,2,London
-0.6018991767769291,0.2546048357922308,4,London
-0.8321670631344802,-0.3442566245680746,3,London
-0.0728664690584303,0.4373157516741737,5,London
-0.7516996616233822,0.1013742030021707,3,London
-0.5741502599743118,0.701451302013108,4,London
-0.6873405676900222,-0.4482674516389134,3,London
-0.437788314635544,0.1848445860253704,4,London
-0.1748625661282366,0.3124679473215595,5,London
-0.9861709822448034,0.5236422593215526,2,London
0.6345198359706138,0.809753441409444,8,London
0.8095428895136033,0.3123607330021873,8,London
-0.3127275473833938,0.0941321437836509,5,London
-0.4853045698498622,0.4691111809108305,4,London
-0.8377580312198581,0.370381491412931,3,London
0.5962476372855279,-0.1904903457242736,7,London
-0.0251867231210835,0.0308099380981161,6,London
1.0451478052341243,-0.5375968802187241,9,London
-0.3280405097709186,0.693689949871794,5,London
-0.5993824193245267,0.8435425842488797,4,London
-0.3898595745794386,1.1928479346636347,4,London
-0.2854854614996812,-0.190839899311395,5,London
0.5216130178084416,1.068595914652431,7,London
0.4240206131649962,0.8843240473089052,7,London
-0.9138368159287537,-0.6131193745123463,3,London
-0.1387748641887973,0.0139823888631418,5,London
-0.4844213944284702,-0.0888366917968063,4,London
0.8677720227378775,1.443703395424585,8,London
1.3790542455735617,-0.3520875478312534,10,London
-0.6987319439056682,0.631956084383263,3,London
-0.5448345449653422,-0.195192941910517,4,London
-0.5202457934324428,0.1387191283935977,4,London
-0.6600756832643745,-0.1221876081177024,4,London
-0.4893624860500279,0.3612635329777199,4,London
0.1663029186318111,0.4998319170190281,6,London
-0.8330831995732009,0.2650730954657354,3,London
-0.5251646745894709,0.6168283994462441,4,London
-0.9482245277660504,0.3025025140214868,2,London
-0.8694987031892584,0.3722685663320965,3,London
0.3974160542247786,0.1037878897096292,7,London
-0.412098202298067,0.777737284572749,4,London
-0.225410276515053,0.849493353185185,5,London
0.8300196358748057,-0.0546867014896347,8,London
0.481662135987811,1.1730094634091357,7,London
0.9682131776040626,0.8393544806172434,9,London
0.7937245159914007,-0.8849705311942884,8,London
0.0790321688763932,-0.4363120529192534,6,London
-0.3840490292400749,-0.0433946835154639,4,London
-0.3470823674671038,-1.0886456513277811,5,London
0.1063013691225696,-0.5211337949781853,6,London
-0.8215173485532845,0.4549330355092751,3,London
-1.0930830527172175,-0.0576813465845558,2,London
-0.4216224934575693,0.5892888963426707,4,London
-0.9308829455737014,1.0128844174986658,2,London
-0.4937527468415966,0.7614646916258786,4,London
-0.1485703260506143,-0.0200219345145021,5,London
-0.8399214809699818,0.1917760008427588,3,London
0.5766626888034883,0.2589946671813621,7,London
0.0223204092936111,0.6202551103496874,6,London
0.0516245933005331,0.2183925565459356,6,London
-0.2795118189352332,0.779368473901074,5,London
-0.2818314912733672,0.0411743785033317,5,London
-0.5298845133480723,0.5824752221856686,4,London
1.172853179534542,1.063222119793373,9,London
-0.8885137768096621,0.0294307534402952,3,London
-0.7561640192989767,-1.6612420699221448,3,London
-0.9240026095817514,-0.5243661413675432,3,London
-0.8572760180335113,0.49069331983421,3,London
-0.2958411125617348,0.5252903642989581,5,London
0.5627530786246958,0.566247473181334,7,London
1.067792053678913,-0.6513093799175503,9,London
-0.304919984464863,0.691967767056649,5,London
1.0081764963572173,0.7025046469755479,9,London
1.093600968044382,0.6303839392548966,9,London
1.4932425598025056,0.3857946298898109,10,London
0.7170704738442514,0.8393597102431287,8,London
-0.8840521279951694,-0.3854642596500121,3,London
-0.4665180566257327,0.6390982718425656,4,London
-0.2651286841462463,0.937086936028191,5,London
0.3471734341045371,0.7015782509010744,7,London
-0.4840218707591445,-0.1664005840345084,4,London
0.6993221162495599,0.0088294633387654,8,London
-0.2694287111970159,0.8495165941419959,5,London
-0.309571659274724,0.5356821177497346,5,London
-1.0002647200666137,-0.7997453575256925,2,London
-0.75421467244311,2.0385156785123697,3,London
-1.1733016410976738,1.3792963818750763,2,London
-0.854717563693657,0.6780570892565019,3,London
-1.093489491242735,-0.06224524278086,2,London
-0.7841861331018916,-0.4795184998596278,3,London
-0.3057478426566397,0.4507920786209269,5,London
-0.7462372018897111,0.6412688388012019,3,London
-1.0531814743383632,-0.2866034947517447,2,London
-0.8462252739289428,-0.216389350209156,3,London
0.1053799909911411,0.3545008435793141,6,London
-0.6186779210611515,0.1898537304084654,4,London
-0.9341599912094278,0.2915971399435774,2,London
-0.2788455686012411,0.8321860828277102,5,London
-0.5308489988253394,-0.1654131599346294,4,London
0.0978123837859026,0.471668075160321,6,London
-1.4567194560757462,-0.615604620032803,1,London
-1.1356871598588778,-0.9649691594034824,2,London
0.1379449932915512,0.9978164114526992,6,London
-1.104506872130321,0.0911837054705828,2,London
0.991820337591955,0.6228692398924817,9,London
1.239702689869011,1.5762674793793017,9,London
0.7983725223567785,-0.6339931462022739,8,London
0.5969024995916028,-0.3701828292143491,7,London
0.1718241504863921,-0.2660125696238042,6,London
0.1746481172324605,1.8802498912044747,6,London
1.4689170553372808,1.1185462724905872,10,London
0.6243267977262229,-0.2063752646497333,8,London
0.5658413997229113,0.1752399642154433,7,London
1.507436102117287,-0.3344273286781654,10,London
1.1963200459506973,0.1768116061874998,9,London
0.7324378059214588,-1.7275672499900632,8,London
0.9393439111846408,-0.9446445207983012,8,London
1.2628002298055825,1.3116386448789068,9,London
0.9951432306796087,-0.2487579178145672,9,London
-0.2218378903520527,-2.038321808476765,5,London
-0.5195899535670058,-2.113140513652997,4,London
0.6506809857209727,-1.3585733658833616,8,London
1.576335046823948,0.5243922621072643,10,London
1.700188271610192,0.8058489412570035,10,London
1.0222621563604062,0.7622329697885581,9,London
-0.2684471371757246,-0.7421854980272771,5,London
0.7007146988347157,-0.4358079700898253,8,London
0.2836685914778878,-0.6152742572576478,7,London
0.0719803128840917,-1.4903684089064988,6,London
0.0549224343632365,0.5290582715895896,6,London
-0.0913252688716613,-1.1796744183037902,5,London
-0.7670062524013325,-1.969780632529796,3,London
-0.7391674928531501,-1.062269975204025,3,London
0.3525399820783934,-0.4438168210288467,7,London
0.7155721051235141,0.6944411781599459,8,London
0.8277301180882508,-0.6307740046207329,8,London
1.6457734108435464,-0.3142908246483383,10,London
1.283641418349624,-0.2510432786018001,9,London
1.286634017017098,1.360922205658604,9,London
0.78020931992973,0.2851927079286316,8,London
0.6583344293282631,-0.4460177513680209,8,London
-0.273204060105005,-0.2182713294798913,5,London
0.72607247683455,-0.2028716617861909,8,London
1.3325029650030409,-0.076703637913116,9,London
0.1033706334882198,-0.7691185590756223,6,London
1.7855708779637642,0.5194707808497099,10,London
1.4358880495505195,-0.6024910521602521,10,London
1.4243322935490723,-0.8409221717041715,10,London
0.9290735436174492,0.0187036041288738,8,London
0.1704723842384993,-0.0210985975337573,6,London
0.3516517128722155,-0.1539679116063964,7,London
-0.0331375588818015,0.6404093807912641,6,London
0.8419484955611205,0.3900291054580395,8,London
0.2617717860099244,0.1624121668255093,6,London
0.0640960422420393,-0.5582180752330962,6,London
0.770687307360475,-0.1174286377437915,8,London
0.5781252115311725,-0.176853945342804,7,London
0.652607876687666,-0.5009366772576374,8,London
2.3449475807367994,0.0991190544410484,10,London
1.2471277760580457,0.6805819042840772,9,London
1.3624829683015316,0.1639465030823309,9,London
1.788976531383254,0.3815696607788431,10,London
1.3300461508019596,-0.110520373503142,9,London
1.9428186109703471,0.8375168600009618,10,London
1.6104591702532065,0.2603419250577802,10,London
1.302116287311733,0.6947063064928679,9,London
-0.664596940294932,-0.406556305680626,3,London
0.8035670940162603,0.322180469164791,8,London
-0.1861176061330776,1.682034694041284,5,London
1.6125592064061338,0.0946572872689478,10,London
-0.4284096290006554,-0.1141669571287858,4,London
0.5503646570762809,-0.2506360693159814,7,London
-0.409053132777772,-0.7259061928982183,4,London
-0.837558140440482,-1.7313571448848533,3,London
-0.470674281656365,-0.8142039347609024,4,London
-0.7855432461162867,-0.9433356927179736,3,London
0.264578498091695,0.0504725478607887,6,London
0.3857928066496713,-0.0292848790551454,7,London
0.7837532722038075,-0.8644974778012534,8,London
0.4076159601043341,0.0143624038433477,7,London
0.1390483772801243,-0.1498060297436555,6,London
-0.2546952165556443,0.37899772766016,5,London
0.2458395611647512,0.7223486986012982,6,London
-0.8564177682562498,0.1018174094031952,3,London
1.1284546760513434,0.8052819908506879,9,London
1.3233348115566963,0.9079484898688062,9,London
1.4163579071826249,-0.5727576168436032,10,London
0.6686996296342882,-0.4198991693511664,8,London
0.315297630221645,0.1396629783320108,7,London
-0.1960396704452424,-1.300692413578136,5,London
1.1829199830136694,0.707366794444803,9,London
0.8365832174393518,0.6263627896968887,8,London
0.0920846831307179,0.1970040528296817,6,London
0.1226985343896377,0.3915853926686521,6,London
-0.4892904505048669,-0.3436892108981549,4,London
0.3544986234939508,1.3403235590678908,7,London
-0.4676769087006778,-2.3021545270646837,4,London
-0.6786056013473334,-1.428749611128212,3,London
0.2749496071615755,0.100574930045861,6,London
0.5117233564188765,-0.7186691046737067,7,London
-0.2388944918911921,-1.0083183285965824,5,London
0.1127040808956096,0.0951952242380188,6,London
0.2608632134479366,-1.1332274082711498,6,London
-0.6997414254603568,-0.8457813825627044,3,London
0.721123093033691,-0.3263432475877791,8,London
0.2283395743880922,-2.1399057793738816,6,London
-0.5387294407390454,-0.6835640078526662,4,London
-0.1289375064201474,-0.1423484508844159,5,London
-0.2093452806372494,-0.7303382492575694,5,London
0.3805080494624638,-1.6345578908422675,7,London
0.053372234561273,-0.4853577201808137,6,London
1.3151761437963438,-0.4343243499728797,9,London
0.9341726835874498,-0.7190173828090738,8,London
-0.1939485170517537,0.5177130645689364,5,London
-0.4887757008325008,-0.5795925407536271,4,London
-0.6113859718755443,-1.1778423622706575,4,London
-1.0504568708895985,-0.781384063168988,2,London
-0.6057055772048635,0.0581511006365466,4,London
-0.5983375926718448,0.8420006544768938,4,London
-0.8258306030565026,0.6883181224376039,3,London
-0.2709841719820888,0.048376504683293,5,London
-0.05438450507693,-0.4954017792631813,6,London
0.1425265302387199,-0.1192988328157735,6,London
-0.0996715728455345,0.0746849706775923,5,London
0.7680683556037673,0.0186853460849521,8,London
0.0953354809618958,-0.2377413440586762,6,London
0.5142652802296656,-0.1609133103545758,7,London
0.4484791049237003,1.3023494501243504,7,London
2.1263315709427606,-0.593460578362056,10,London
2.32352908767527,0.2493629900373682,10,London
1.6375968102978635,0.1196128219893472,10,London
2.471563236340578,-0.4030559591805888,10,London
1.8157342316771867,0.3367497848458786,10,London
1.8317776361247804,-1.7182722521019638,10,London
1.9546891814511929,-0.1272851028461342,10,London
2.7048323360918287,-0.2355594203068654,10,London
0.852156101940991,0.7153654686693505,8,London
0.4452597965923546,-0.553063238067899,7,London
0.8361229657086019,-0.0984762134597362,8,London
0.5021532076965323,0.0712509255182733,7,London
0.8733852288406786,-0.3738793028962165,8,London
0.3811405124956424,0.6844980114828257,7,London
0.7775202439111368,-1.380921257617879,8,London
0.9241998271788108,-1.6029851595181972,8,London
0.8334442733617098,1.290528403300382,8,London
0.6946823734437794,-0.5631437964034942,8,London
0.7717695631882097,-0.0498095708322959,8,London
0.5094257582787786,-0.4608292882096926,7,London
0.500113690288034,-0.7793890483096486,7,London
0.7899054656537842,0.4414949968142103,8,London
0.929597440346731,-0.874447203395858,8,London
1.3314161830759386,-0.2987101153802344,9,London
0.024389615715191,-0.400977102758959,6,London
0.2912566823852806,-0.042023421819167,7,London
0.8356182690930267,-0.2479229739372778,8,London
1.7162126714265973,0.3085262826710069,10,London
1.7084227451434033,0.1159741686016171,10,London
1.7268539068592892,-0.9099797764427978,10,London
0.3907189425422842,0.6920010925940556,7,London
1.1703685911074084,-0.472775676230097,9,London
0.630288284856135,-1.285286380162396,8,London
1.307348799728795,-0.812102983109567,9,London
1.6041634165217704,-1.7258566912096238,10,London
1.078488387618591,0.2465895816345555,9,London
0.7731475379966958,-0.6440607085542306,8,London
0.8019733633406405,0.92998613504899,8,London
1.3481632583126026,0.1198705636336386,9,London
0.1574145942031807,0.9058179000718136,6,London
1.4927875478958412,0.3577643906671961,10,London
1.3108235777577997,0.6495456452740979,9,London
0.6031421845119923,0.7876029194423055,7,London
1.7611000194767104,-0.800326511251822,10,London
0.6098537083050795,0.5227386049218853,8,London
-1.9418082315818013,-3.336771687110925,1,London
-0.9180037283074188,-0.0343565324117145,3,London
-1.3097380073860008,0.2520280862801974,1,London
-1.383944475555878,-0.6109832678439786,1,London
-1.410173064131698,-2.544294056505124,1,London
-0.8171733877049638,-1.0346320717529536,3,London
-0.9258644189749424,-0.2757977836099669,3,London
-1.1815826151537263,-0.6133092800289859,2,London
-0.9448102784870208,-1.6451615624024432,2,London
-1.0298462096565328,0.6211220453430156,2,London
-0.9414756692138416,0.7373271064825891,2,London
-0.9327068240086914,-0.6566480574062125,2,London
-0.5021847389742838,0.3232264058429841,4,London
-0.3621612434165616,0.4707946267484312,5,London
-1.1754818332664996,-0.4336732204209663,2,London
0.510759852080059,2.0288719965175317,7,London
-0.6525154525992046,1.8063153864280124,4,London
-0.2038475517362906,0.4817919379252784,5,London
-0.6922869017281075,0.1336874691914256,3,London
-0.7832207540812363,-0.2568989059151549,3,London
-0.9472368861157036,-0.7383472708746612,2,London
-1.042548566146352,-4.4163344716299004,2,London
-0.8748494833219215,0.6756061082667395,3,London
-1.3324388865895065,0.7118884386873193,1,London
-1.342996964142973,-0.1154812171494401,1,London
-0.821548959560172,0.5506749550670085,3,London
-1.1425149505917815,0.8947109798019327,2,London
-1.6167389984605738,0.1859616908868456,1,London
-0.7302714214987855,1.7661159788925194,3,London
-0.0678727786906637,0.061109557539954,5,London
-1.1795145682096548,0.9552834226579174,2,London
-1.360681617947754,-0.2062546052261316,1,London
-1.3623181068442578,0.5491033946524305,1,London
-0.9785151736916948,-1.7552651020450003,2,London
-1.4970562163292442,0.721844148824612,1,London
-0.8466188614959957,1.2448652739141866,3,London
-0.7322288585455115,0.772847566891261,3,London
-1.6185172903962497,-0.2505392153051268,1,London
-0.824460464603969,0.4726216451809136,3,London
-0.7652039588843378,0.531891012928711,3,London
-0.9060840268569792,0.3955324124605908,3,London
-1.4248565175124135,-1.9160063466122836,1,London
0.1474055765437266,0.5967904992734191,6,London
-1.276309720835114,-0.1322653149659143,2,London
-0.6845526994993,0.7804591970122196,3,London
-1.048251033869609,-0.2439323853117916,2,London
-0.1493157521669046,-0.864891470688788,5,London
-1.4764955613469355,-1.177080753672656,1,London
-1.3115553826793225,-1.925019190769194,1,London
-1.161299092453124,-2.108233217700318,2,London
-1.648380934654075,-0.600368219012356,1,London
-1.271589577135109,-2.8437805830328275,2,London
-0.6620507332744286,1.4847278479864645,3,London
-0.9926921036722312,1.4996095757789891,2,London
-1.3984405750908586,1.0890836601640472,1,London
-1.417496958782303,0.9960046170504988,1,London
-1.122956302962823,0.5480070326781921,2,London
-0.9977907708675848,0.790027425826829,2,London
-0.6456688575894578,0.6135722906597711,4,London
-0.6608196226036627,1.2465983627692967,3,London
-2.287416246830099,0.4835390542743676,1,London
-1.2600539199844896,0.6053187635721218,2,London
-0.579036877942596,0.3169540058815287,4,London
-1.541430019901301,0.8170237724039238,1,London
-1.0218332688184104,1.368233715292111,2,London
-1.2936374705549296,0.6496443842057866,1,London
-1.4381979582992614,0.9126725829278428,1,London
-0.9945127526494024,0.1438777402642673,2,London
-1.0364681829899376,0.9126638028063634,2,London
-0.8893778157712129,0.4419989738383761,3,London
-1.13906607104356,0.521388807916128,2,London
-0.0328421880911372,0.0202888135118625,6,London
0.1822110967081401,0.5929225394856963,6,London
0.6192382163900506,0.0821926879236247,8,London
0.9569198109531118,0.61698047679627,8,London
-0.1692945229481633,0.3808668440626546,5,London
-0.2399244779271687,0.751882963646427,5,London
0.8812008630487912,0.4120996599863708,8,London
0.3833054772308499,1.0719263991911685,7,London
-0.360417786506752,0.310097845009267,5,London
-0.4037699581778122,0.998262429819516,4,London
0.2544324957821893,0.6527504360097285,6,London
1.0728858894331603,1.0722812842989768,9,London
1.1920397683510278,0.8388421535250731,9,London
0.1581409499935969,0.0654930145971769,6,London
-0.6594250603539002,-0.781648636097972,4,London
-0.3778074591988866,0.1992287432454299,4,London
-0.8047506856906438,0.2024609845593934,3,London
0.5837154241511243,-0.4743661800947054,7,London
0.3361347760169311,0.252407051790662,7,London
0.3351625853444563,0.4100888503238937,7,London
-0.1629520469925751,-0.0041034251465425,5,London
1.2651412504009991,0.2793435468645081,9,London
-0.7275558092850275,1.348634076240964,3,London
-0.490884459803862,1.59760658169907,4,London
1.0034562840596033,0.8734571145909059,9,London
1.1406833392007776,1.3337840501241764,9,London
-0.8625536193019668,0.8305079966113236,3,London
-1.0118616828723666,0.3461035400171836,2,London
-0.4018390594298316,-1.9483465178161024,4,London
-0.3543217955757135,-1.0665832003542148,5,London
-0.5714789921726183,0.2193965250094866,4,London
1.0418218389162237,0.9949712857020302,9,London
-1.0093611726650376,-0.1853970642423524,2,London
-0.4057629302238068,0.4788104586962216,4,London
-1.077676329205013,-0.8317815899122479,2,London
-1.028581228753715,1.3593726233024046,2,London
-1.208182010670667,-0.1098075967249017,2,London
-0.9314086046001824,-3.684770389949689,2,London
-1.246933840391707,-0.1631650319988888,2,London
-1.4092959700041097,0.7952807452551184,1,London
-1.2317155168164446,-0.8861085744221365,2,London
-0.5189537153681315,-0.2302194808745886,4,London
-1.093505774751553,-0.05130703915496,2,London
-1.252097974778509,1.3113443113855232,2,London
-1.2831643315517969,-0.2405656774254327,2,London
-0.6860998413019456,0.0777853740354345,3,London
-0.9592771795243088,0.0915481701556345,2,London
-1.659450410537498,0.4232597835931899,1,London
-1.3503651570635582,-0.3313957353294386,1,London
-0.7728892170647963,1.003990084061029,3,London
-0.6401926593792674,-0.1578727003039757,4,London
-0.8902871013645901,-0.2718108385040998,3,London
-1.2934101922271832,-0.3260711586532773,1,London
-0.995586660474198,0.1792166601493437,2,London
-1.1805782490538006,-0.0023071339371145,2,London
-1.0665010065276623,0.0161448343243208,2,London
-1.1860398456750216,-0.3181232898393009,2,London
-1.213944864715358,-0.0090302990847165,2,London
-0.7405272696016104,0.220503608944563,3,London
-0.4783492203747638,-0.2238769832381797,4,London
0.1164555046386567,0.0404170876250777,6,London
0.8137662820812764,0.520020754401263,8,London
1.1884299430350094,1.6175708295943851,9,London
0.5474321201021929,1.3112139858102736,7,London
-0.9726810175477644,-0.5960197986513488,2,London
0.5356447363984653,1.1216057661210184,7,London
-0.7093385434042954,0.6787599560846425,3,London
0.2773187553810258,0.525204479178101,6,London
-0.1515537048248552,0.3414904474859447,5,London
1.390888078590515,0.861615238096387,10,London
-0.7782270235547755,-0.5649090167155201,3,London
-0.4287414121957461,0.6157383374786595,4,London
-0.4986012548456009,0.9631016108577832,4,London
-1.0724493481267694,0.0798856893445322,2,London
-1.0273656354965357,-0.1213176384537811,2,London
-0.2995287910611098,0.1460381780182588,5,London
1.0330313733889582,0.438802404466961,9,London
-1.239625308369599,-0.5065208708086075,2,London
0.9919565090576672,0.7365425601119773,9,London
-0.6434541490644433,0.937247970285122,4,London
-0.2106314447219714,-0.2476835445924193,5,London
-0.2118940410324728,-0.2122334172171686,5,London
-0.9427559102186476,0.5556673733140469,2,London
-0.7647482395779803,0.4674613879353094,3,London
-1.4089310412285498,-0.3754740012163586,1,London
-0.5195367973996263,1.5607936138810317,4,London
0.212498284914419,0.8652662789500438,6,London
-1.1561369307316829,-0.8920614386304554,2,London
-1.1316890291694572,-0.8081488069207222,2,London
-1.121930725125647,0.9760361828645664,2,London
-1.545084655782428,-0.7309832408593113,1,London
-1.4337670993157097,0.9189262282623148,1,London
-0.8633807763186365,0.1856026916190092,3,London
-1.0355843957470376,-0.1928536546427654,2,London
-1.542347040573515,-0.8650240569040892,1,London
-1.6763184384493168,-1.6178367572810743,1,London
-0.77622520149767,0.0212672908806494,3,London
-1.0638372008575974,-0.0756377958097854,2,London
0.1982319571348945,0.8183766505995034,6,London
-0.49914131836907,-0.4504824988560444,4,London
-0.7868085671269821,0.989513216302774,3,London
-1.2519137141581924,0.2417882231784426,2,London
-0.940152162321782,0.5404035991445408,2,London
-0.5313680558903439,0.8584022751993806,4,London
-1.635594249618822,-2.004266659061908,1,London
-0.866375620101959,0.7983889009200842,3,London
-1.0072368834498178,0.3136989534849247,2,London
-1.2934428500297257,0.3911686852302898,1,London
-1.6875416950504871,-2.858121564740813,1,London
-0.935045111307104,0.060964191703772,2,London
-1.245291934837115,-0.4603665811645057,2,London
-1.625928521996468,-0.4037685615052266,1,London
-1.6239081322962452,0.3033372655502644,1,London
-0.6946948827872491,0.3038878826254832,3,London
-1.7520320696451963,0.5445642012981793,1,London
-0.6069418998608019,-1.0676714729582044,4,London
-0.9299461129158816,0.0876183627160856,2,London
-1.2872220093837026,-0.0042664046524859,2,London
-0.1640494408103283,-1.0422552154336808,5,London
-1.0754965551147444,0.6561407760582467,2,London
-1.2122199201707011,0.3737702045868346,2,London
-1.2961945759005404,-0.0315257244995008,1,London
-1.1501625764961787,-0.6181695993418419,2,London
-1.0655579288315569,-0.7121711750937307,2,London
0.8041685332741785,0.3692773905287306,8,London
0.2747386528415371,-0.6758659685973776,6,London
-1.5097126834984222,0.7670379196168949,1,London
-1.0192352517140568,0.98853988721036,2,London
-0.1106086035663276,0.2152461474328962,5,London
0.5522901254128539,0.3766248610110891,7,London
1.6503564222368845,1.296364250661405,10,London
0.1030982762396477,0.7089950006451565,6,London
0.7652975406117972,0.3052339487063702,8,London
-0.4707414089846888,-0.8435578884517201,4,London
1.1322345444408592,0.4046251528937809,9,London
-1.2971670414027243,-0.7315623410145903,1,London
0.2710637241787737,0.8671823895869069,6,London
0.6009111984443521,0.6820934015482394,7,London
-1.4080190858375876,-1.8902996960184275,1,London
0.3569259054706463,-1.1658911090229775,7,London
0.2848950166492764,0.4935501761462667,7,London
0.9706396864516054,0.8995280347293035,9,London
1.2628202516730471,2.266734672077522,9,London
-0.0981592144175142,-0.3070837850469166,5,London
0.0670823044648084,0.166832103270005,6,London
-0.8497982076188445,-1.5198935001074405,3,London
0.2406295678415985,1.304736636822713,6,London
-1.451076813518032,-0.20320535087479,1,London
-1.5376786138220084,-0.1759876472378984,1,London
-0.265838370569652,0.913629620557356,5,London
0.4099738784553632,1.2300778265695185,7,London
-1.0098155544839695,-0.6715861085988417,2,London
-0.8672135441625081,-1.5699214682717126,3,London
-1.2841688771622366,-1.957510371138408,2,London
-1.5355800241372235,-2.3974175161416533,1,London
-0.5764547785563696,-1.141967621614545,4,London
-1.6159196706628014,-0.3592121218367231,1,London
-1.0113025230052566,-0.6695973903135966,2,London
-1.3348928840698866,-4.071891380426798,1,London
-1.3450086634450051,-4.7465449934199295,1,London
-1.2534590138446065,0.0041024549947447,2,London
-0.9048837393183952,0.9270130531755716,3,London
-0.5294386893584972,0.590926783960706,4,London
1.4145228005551391,0.5284143787789262,10,London
2.1006326080168503,1.210795225359235,10,London
1.637113527506921,1.0829859255178953,10,London
-0.564469852645743,0.1610516289378703,4,London
-1.646982382344916,-0.9931181369355172,1,London
-1.5846245433706223,-1.407986856121623,1,London
-0.5712896614701389,0.6579572571369955,4,London
-1.8714589083410256,-1.9975526132467447,1,London
-1.815206893085242,-1.985715403599997,1,London
-0.0459468904311257,-0.0902181830770254,6,London
-1.6328926495672536,-3.672402319273852,1,London
0.0809939763254186,0.5303642206995225,6,London
1.3362259725970385,0.7895969302128434,9,London
1.3561978956046834,0.5725649669745453,9,London
-0.4926161212259503,-0.0479796101450756,4,London
0.7257393726998909,1.175007646533419,8,London
1.81565911886536,0.7380880190598945,10,London
-1.3078965757046366,0.6944055316021989,1,London
0.6567554525280008,1.206640493827572,8,London
0.6072640852580089,1.1887933380142408,8,London
-1.1072016194784209,-0.6736408590865697,2,London
-1.4677033479950483,-1.124539540710215,1,London
-0.1429812221874871,-0.1795265829517643,5,London
0.4818050398520802,1.1640876907128717,7,London
-1.5794244630569196,-4.165824651053003,1,London
0.1000283278195878,-0.8304014253810055,6,London
1.260678582555182,0.2724810575269976,9,London
0.2457559580229014,-0.7912759213443815,6,London
1.595383724203184,1.105851855642532,10,London
0.7950965734099827,0.2307811236906906,8,London
0.6170391646319463,-0.0985803781551299,8,London
0.0463298612003414,0.8294707435246773,6,London
-0.7030996900156368,1.2974158494786117,3,London
0.5082266289462918,0.2159265351070492,7,London
-0.5760524947216709,0.999105926081595,4,London
-0.806280866286147,0.8246226803344119,3,London
1.4143618093773158,1.132115351817072,10,London
0.064606117765802,0.5508349277442489,6,London
-0.4802030794927511,-0.2946515620015077,4,London
-0.543357512284848,-0.8364136978825233,4,London
1.3698257033762364,0.0700149962459968,10,London
1.57518502976439,1.0121764149700458,10,London
1.1167952734368234,0.3103285141243642,9,London
-0.3934759133228417,0.8265637902897202,4,London
0.1804105936837779,0.2382107441705737,6,London
1.5051690480137605,-0.3299462694001698,10,London
1.193552709598263,1.1730246543197749,9,London
1.2019335940300775,1.0656412653345084,9,London
1.425586547798967,-0.0049139999391417,10,London
2.003883334649705,1.7411822979612872,10,London
1.7968222537466485,1.31002943802447,10,London
0.639204814569407,-0.1563259399380176,8,London
1.4615374092999132,-0.0420949269274328,10,London
1.8402627476823048,0.8105455284664341,10,London
-0.0694176772350131,-1.17325099853767,5,London
0.6987062825167866,0.7613593435408472,8,London
0.1935752785694798,-0.4875279705463312,6,London
0.8621325591596869,0.5284061770164867,8,London
1.967037469992812,1.6713863174214931,10,London
1.7363032577892887,1.1159014188994545,10,London
2.4393411694672382,1.0460747007996345,10,London
2.151737175780032,1.0351680976330204,10,London
1.827698814170944,1.7576440403819762,10,London
0.2032722440490207,1.0526197897726992,6,London
1.058273925091034,0.6981654200040726,9,London
2.0222755623872635,2.1254797595254478,10,London
-0.4595343599425311,0.2330914985180553,4,London
0.4581563917235187,-0.0663921655594883,7,London
-1.747209624663974,0.4667565605664642,1,London
-0.2097847726480489,-1.7822903405163188,5,London
-0.434809527800964,0.7212782438458608,4,London
-0.5783167532693152,0.8812664943627315,4,London
-1.860258328192936,-0.3876275080793946,1,London
-0.7866304584273125,-2.9323386295371807,3,London
-1.0403946582373007,0.5942128719700402,2,London
-1.543179468777614,0.2069953246089142,1,London
-1.0939429615811678,1.2473213513088612,2,London
-1.3593390647457435,0.6330984342269652,1,London
0.7930759610068048,0.1478475585450104,8,London
-0.2144354002886499,0.0780776785003548,5,London
0.4060192252259992,0.8109632910694913,7,London
-0.5002500678180234,1.2072439656203846,4,London
0.3548930789417577,0.3313379990844822,7,London
0.7711787381073959,0.7999068909486723,8,London
0.1481291976176708,0.5290956598927369,6,London
-0.5948291337654963,1.0354062110889066,4,London
-0.0317346497494767,0.7416953174014007,6,London
-0.5687657269248814,0.9047977707917388,4,London
-0.4664457836718522,0.705584148609732,4,London
-0.930032934732918,0.7239383938556234,2,London
0.7380759871640244,0.6318168845470916,8,London
-0.7346100530986324,0.0139357962616124,3,London
-0.7661837044056988,-0.0289360270902871,3,London
-1.0285652633471365,-0.3399192218142648,2,London
-0.87759603475711,-0.3694112728512999,3,London
1.5987215686830554,0.2495902124994718,10,London
-0.7121369610494309,-0.3698484366519249,3,London
0.4950280461121997,-0.1875317878547472,7,London
-0.5518050997876233,-0.0245721851628058,4,London
0.0928499632284794,-0.247777028768318,6,London
0.5377486586730078,0.2262743131554788,7,London
0.0070865273615115,0.4752308581780881,6,London
0.4678767831735897,-0.1619720536095172,7,London
0.7770834628055522,-0.2597116396922641,8,London
0.348235258735874,0.0715475663531154,7,London
0.6148387974145737,0.2087552194184844,8,London
1.011191779959654,0.4075062573967506,9,London
0.3746439737151352,0.287579475324504,7,London
0.3157050364530015,0.1638489382036245,7,London
0.289485303873672,0.1713141008023774,7,London
0.5456888077427313,0.5743225670617783,7,London
0.2959735235001153,0.4720978016387605,7,London
0.0721187593671765,-0.3394403617323064,6,London
1.0776333166943508,-0.7090950008275747,9,London
0.3742978752075707,0.1941958340811577,7,London
1.1984426936119212,0.0903732942861882,9,London
1.467527500872829,0.3905336997622691,10,London
1.155126430839457,-0.7962024881770179,9,London
2.0373444834214283,0.5727298095659922,10,London
-0.0598866006719224,-0.6012352786019727,5,London
-0.7574191038292653,-0.7490181940886723,3,London
-1.468897480054851,-0.0391177115685132,1,London
-1.0837465899890333,-0.530568916500167,2,London
-1.2007912100795837,-0.6465206417827233,2,London
-0.9528686817328692,0.3506087602293226,2,London
0.8218328754069005,1.6989028335912133,8,London
-0.715019259825048,0.2050572284877201,3,London
-0.5036166704206572,0.7389852025364503,4,London
-1.0658754301542284,0.3214421751870312,2,London
-1.485291886267022,-0.3120398815886735,1,London
-0.6632014449386335,-0.2471502538392519,3,London
-1.7539011599202754,-0.9287115266959212,1,London
-1.3387406807413005,-2.7352566418841637,1,London
-0.5999596410965699,-0.8597446232851707,4,London
-1.4334737118430867,-1.5327216043142091,1,London
-1.442415527840966,-1.3059651987513048,1,London
-1.540334555179646,-1.278851620683907,1,London
-0.8837206445817414,0.3824942330334899,3,London
-0.9081536235398956,0.4938050920282568,3,London
-0.3393602412812659,0.9482120161338512,5,London
-0.9830189924699924,0.0798840206292063,2,London
-0.4022481158136964,0.8162794443440099,4,London
-0.5431888826346278,0.5525377016621327,4,London
-1.466017030300602,-0.4629606333826968,1,London
-0.6846659520669757,1.0971400976700318,3,London
-0.144207980810372,0.2274820675604729,5,London
0.3978639209343459,-0.8778300837894141,7,London
-0.7442803225273882,-0.1456174208578293,3,London
-0.7185057741109223,0.4327113833949195,3,London
0.0335574158049734,0.7513044325897241,6,London
-1.369385283380911,-2.325357818460975,1,London
0.5271834505100861,0.5078189861177616,7,London
1.5995631138583395,0.7548147446022077,10,London
1.6876826285377673,-0.0595683988149318,10,London
0.9852991617752604,0.1296416721931766,9,London
1.2595484150884733,-0.0603855581933032,9,London
1.643149719415285,1.2685333748814824,10,London
1.6757673877596082,0.3129137913242152,10,London
1.8340130547322824,-0.6064770589442341,10,London
-0.8954436956307354,0.0049635646853642,3,London
-0.560523942345798,1.477735260818009,4,London
-0.578105396177425,1.2528973855906649,4,London
-0.096490439378972,0.3596798812201138,5,London
-0.5397306845078038,-0.3618479115942162,4,London
-1.0910817954309937,0.0070966247825642,2,London
-0.9271678081246608,-1.256374962591723,3,London
-0.4080305084151781,0.3037850746790409,4,London
1.2897021537678024,0.796346955377154,9,London
-1.5306857303524648,-1.931501676764637,1,London
-0.9249853720215692,-0.3973851603183611,3,London
-1.502233826077857,-0.4323816926804669,1,London
-0.4427320979210236,0.006907699771174,4,London
-1.120708329043203,0.5548931371773538,2,London
-1.2645011568605533,-1.5391913658826322,2,London
-0.6275915210221258,-0.3689279987143659,4,London
-0.3931087615453998,-0.0607561460892964,4,London
-1.1225643463599897,1.276274336141392,2,London
1.082591375728041,-0.4779434156975036,9,London
-0.0191341749449215,0.0294618544159671,6,London
1.0547855682278713,1.468906673530524,9,London
1.1084710893946428,-0.0514713665284593,9,London
2.238749065027565,0.7994787888121551,10,London
1.0772475474660212,0.3845739318316911,9,London
0.7020512327355547,0.7958583648841084,8,London
-0.5665274428036976,-0.3293075613459141,4,London
-0.4680893698228898,-1.4825060126196603,4,London
0.1522496857733504,-0.5158407733362448,6,London
-0.2974686347487423,-0.121836286483877,5,London
0.687419033530988,-0.0072720493935371,8,London
-0.291232562356777,0.2165054711134217,5,London
0.6103202456985835,0.8508775068021338,8,London
0.4302345541045308,-0.5344696180566098,7,London
-0.4080970887673346,-0.6131447973673206,4,London
-0.7771741773110908,-0.6252956356542474,3,London
-0.7178052855779159,0.1806683081112886,3,London
-1.3302910043234977,-4.396492346475577,1,London
-0.6787249812670901,0.6148710576847884,3,London
-1.4933575923828033,-1.3752920973860423,1,London
0.0492128762597051,0.2941895235125865,6,London
-1.643019908084009,-1.0044185540137085,1,London
-0.5376998982949889,1.108942611892602,4,London
-1.158099280215246,0.1167109213247868,2,London
-1.686263423599969,0.0538955164023559,1,London
-0.6985652955427801,1.0455461344428996,3,London
-0.7190761700366881,0.0401172106422655,3,London
-1.1554559137772262,0.0778507857889703,2,London
-0.2690063013790612,0.7391101712717962,5,London
-0.5333493035730483,0.7966955636981425,4,London
-1.2300700627169447,-0.9675575493329716,2,London
-1.6733292100402262,-0.8957507930457295,1,London
0.8702319134072998,0.3992685457345878,8,London
1.1242615249019468,-0.453735803131775,9,London
0.085977483925448,0.1389476249180775,6,London
0.4132797161000789,0.450003514755705,7,London
0.4038087252829983,0.1472427237832715,7,London
1.0833549343441429,0.0156080805214314,9,London
1.3868232060927803,0.3086437282892924,10,London
0.6683319230058241,0.5426962360100569,8,London
1.39231572422863,0.3637571220883517,10,London
-0.8522946314093799,0.7495203317934088,3,London
-0.4721109367968659,0.4539756577696008,4,London
-0.8933123105748104,-0.85088639403773,3,London
-1.0977199408424074,-0.6863058290426616,2,London
-1.148232403002999,-0.0681880601331313,2,London
-1.0024928972395557,-0.2419897287053915,2,London
-0.5827185931743649,-0.1673501533402854,4,London
-0.8112271034847202,0.0535807390557036,3,London
-0.8055578419555305,0.2176765194168919,3,London
1.2282132471700122,1.3645340526555758,9,London
-1.158655311367634,-0.2339339159457804,2,London
1.590481531957876,2.8206751039517948,10,London
-0.6288402594040214,0.3345170678996103,4,London
-0.6827749540253464,-0.16751060423417,3,London
-0.2324798400566443,-0.0588102694687058,5,London
-0.8165195687192126,0.1727334011027387,3,London
-0.643797488506853,0.2861873614756316,4,London
0.3358454763561605,0.4519402826602859,7,London
-0.9121269501824284,0.611805226005816,3,London
-0.8073447411671736,0.9453644125923883,3,London
-0.2833797632339832,-0.5884589785307683,5,London
-0.7524364278293049,-0.486604263392654,3,London
0.1617031929915784,0.186722678695417,6,London
-0.4059140532418336,-0.0675861255810401,4,London
0.444334271695979,-0.1932896753476605,7,London
0.5661358781405116,0.1187874753004281,7,London
1.3112746164141724,0.0961612384253527,9,London
-0.0284894501307951,0.5681169950079168,6,London
0.7975895530776446,-0.028324050610232,8,London
0.2646073671499123,0.6345478412930797,6,London
-0.4302223787259471,0.3996222866863691,4,London
-0.8648766952920254,0.0781488335310979,3,London
1.4007966830616725,0.2032112456641505,10,London
0.8376867394086767,-0.3170299707846073,8,London
0.0512174868018271,-0.2420101391880932,6,London
0.4620137434688856,0.0176988462954906,7,London
1.8507109871454936,0.4751735320924558,10,London
-0.0915453198469334,0.421530409405796,5,London
-0.0572015375225736,0.016796709798946,6,London
-0.124584542195691,0.1081149103155811,5,London
-0.6485722175753881,-0.2230817397494536,4,London
-0.2240736888722306,-1.0703720759000153,5,London
1.1932182648254326,0.1016546106291966,9,London
-0.0856366389085086,0.5849952580878857,5,London
-0.5873440741873758,0.349141171363189,4,London
-0.7738450854808588,1.1304314649147176,3,London
-0.3784146202631347,-0.0576197668385846,4,London
1.0818804741036754,1.0357757769151708,9,London
-0.0207815465307126,-0.6991958142655605,6,London
-0.2746532189157081,-0.1143477486940989,5,London
0.8836204944892629,0.4790409411320137,8,London
0.3630523764527391,-0.5270855160389792,7,London
0.5506593576776619,-1.074086637246901,7,London
1.4977076103843132,0.2394373174881734,10,London
-0.2519071016545106,-0.1239202886984109,5,London
0.4499585694599393,0.5088806941254185,7,London
0.6869197017127703,-0.3935146689362804,8,London
0.7585672404101217,-0.0374259659129293,8,London
0.5934350728092833,0.157449769395895,7,London
2.1407010877185946,-0.1697797727200456,10,London
0.4347341281994234,0.3261784298785134,7,London
0.7011438360715824,-0.0405576953725605,8,London
1.7147712691156376,1.05903750613307,10,London
0.2801948307561577,-0.0681844554092105,6,London
0.8871539539482798,-0.2568203369104488,8,London
-0.0714404118587653,-0.0064618425634242,5,London
-0.4060330183929939,0.5225224022672226,4,London
0.5411013248252572,1.070422291474341,7,London
0.0521796476032413,-0.048876946295565,6,London
0.2190983988264389,0.554414295670105,6,London
-0.7330683523228245,0.575321352610458,3,London
-0.4726196137042913,0.5995007446452036,4,London
0.7835569258124134,0.4034257495163009,8,London
0.0182096741952228,0.9252281668811252,6,London
1.067810716424158,0.3753553982777279,9,London
-0.9292098345121356,1.024747822157598,2,London
-0.1905048968856288,-0.5870061558129178,5,London
1.2366199612198934,-0.4966042227772213,9,London
0.2901639662372134,-0.2080674813086369,7,London
-0.6815790332297812,-0.3595674244472072,3,London
0.2858626979479496,0.201542609598551,7,London
-0.7896143914991293,-0.3622162830800625,3,London
-0.7628777174395578,-0.277595544895545,3,London
0.5872466658016687,0.3448394485675163,7,London
0.5926157229402234,0.2600428006632722,7,London
-0.8293073755889357,-0.515583634354011,3,London
0.6721025469636361,-0.7651185411611782,8,London
1.771032956476993,0.9068827976117332,10,London
-0.8857715012429712,0.1499782154543652,3,London
-1.1974883142982709,-0.19117865340791,2,London
-1.3599443946156329,-0.4252204017155527,1,London
1.8611644113308992,0.3852728196263134,10,London
-0.9594594693786956,0.4752761048700113,2,London
-0.5351546131428833,-0.7582782346709045,4,London
1.606735458397059,0.2262236762470572,10,London
0.9709667478876752,0.1273751650055958,9,London
1.873939052324908,-0.0510064533144085,10,London
1.3774415094258092,-0.0858101034583137,10,London
0.1315209687634342,-0.7338634846984475,6,London
1.4428606004669218,0.5493306358910212,10,London
2.0024770346644507,0.7880047160196086,10,London
2.1120926952909973,0.8257427530240022,10,London
-0.9042534299312792,-0.5871857688283613,3,London
-1.4891331037340043,-2.4452158748941915,1,London
-0.2129133415593888,-0.5326335052558735,5,London
-0.8793977522472706,-0.3765810169153464,3,London
-1.176250855941132,-0.4545613768508376,2,London
-0.8811770625898386,-0.332684974020356,3,London
0.5117212272283211,0.3026402627799799,7,London
-0.9017773663326212,-0.5337522939067914,3,London
-0.5769377815530906,-1.9329524271362457,4,London
0.1560634643292335,0.2082547549959594,6,London
-0.2722761412664904,0.3231586465373912,5,London
-0.5114623104426166,-0.5499801601244768,4,London
-0.7775590280085989,0.706842032492225,3,London
-0.4881754373760012,-0.017606682500188,4,London
-0.8478149771689186,-0.2185424780196644,3,London
0.8700538129746703,-0.4378246399273318,8,London
0.801764072566617,-1.232836779869376,8,London
0.1496539466738399,-0.9116023872681202,6,London
0.3472851044607667,-1.074264671010419,7,London
0.2595739235861449,-0.2935663177822128,6,London
0.7373457040634537,-1.2137455898732838,8,London
-0.9116014675805438,0.9256845469569754,3,London
0.7183693123500217,-0.3571551061697809,8,London
0.5257551933128892,-0.9326034617597396,7,London
-0.0789801421803764,0.1381942953177037,5,London
0.9262090617780346,0.0655318504581849,8,London
0.728510870188621,1.16254215748696,8,London
-0.7419550391380011,0.7008814047959587,3,London
0.3338643826462087,0.1133114168952021,7,London
-0.6898301061882969,0.8028321624626669,3,London
-0.7237220317971726,1.2155406709318348,3,London
-1.287837778533431,0.304926782229934,2,London
1.041283199884241,1.1077192739140518,9,London
0.2182683097148656,0.6035423297144148,6,London
0.3441357932073309,-0.600596557618183,7,London
0.4017345120270857,-0.444913738575388,7,London
0.7321947588537363,-0.7625935607200515,8,London
1.1211275808684815,0.6006776914872712,9,London
0.962798111212424,0.7681486344029351,9,London
0.5113249944136324,0.7114837873756803,7,London
0.1003182080884083,-0.1453563184509595,6,London
-0.122522292626557,-1.5726980079040942,5,London
1.0214542092129646,0.4743808730869747,9,London
-0.2199541972622975,-0.5992955159746686,5,London
-0.2702804360492007,0.7284689902281701,5,London
-0.5025053945520451,0.0639998013169554,4,London
0.0245323839533796,-0.1982906313468697,6,London
0.1750139299004554,0.0290042736279896,6,London
-1.0593939225903508,-1.9509445931757643,2,London
-0.7307258271161317,0.0627994215764398,3,London
-0.4507164141880693,0.4510643721519041,4,London
0.3357293949442511,-0.7456245289964868,7,London
-0.032636254130351,-1.4965129420198509,6,London
0.3619579094844811,-1.6569674562191417,7,London
-1.3411649237472278,-1.510728110469669,1,London
-0.3521705638451433,2.023557246020154,5,London
-1.3534961690484315,-0.6017369102322279,1,London
1.0054598904465983,0.4849463784098779,9,London
1.2497162279646794,0.6714659836260655,9,London
-0.4177334629416526,0.3060226886507984,4,London
0.2451836264754333,-0.0204102533958465,6,London
0.1921264951255978,0.760201144721,6,London
0.9728071595982488,0.7980464895166985,9,London
-0.5260989522009477,-0.412724656926454,4,London
-0.7644972710131518,0.170309540849025,3,London
-0.6696554430522156,-0.3227027574321796,3,London
0.2528337620314951,0.0479093877100438,6,London
0.0024468161505987,0.221560498716041,6,London
0.7080403356409193,0.110350785686598,8,London
0.873445409081875,-0.9859930953871644,8,London
0.3846460287859213,-0.1681984713305966,7,London
0.9626468252787426,0.1215336950459463,9,London
1.2402507209298657,-0.1022228126224499,9,London
1.463553160079529,-0.5892340006355288,10,London
-1.0856609555748578,-0.8739364420163372,2,London
-1.488968846119248,-0.029142449758134,1,London
-0.1766276124679842,0.0764328497913817,5,London
-1.3948126273847323,0.263077381672881,1,London
-1.0591053332614058,-0.5082263344396407,2,London
-1.0488569056817283,0.6948830690657947,2,London
-1.4276562745293937,0.5008849073084012,1,London
-1.53361195686067,0.6157295932509168,1,London
-0.574450852978281,-0.5965372854848464,4,London
-0.2907142681849903,0.0143280490908183,5,London
-0.2798962129106783,-0.5578522807100909,5,London
0.2821711676583729,0.4521610549714713,7,London
0.6335967709970938,0.6788498402695081,8,London
0.0772942819640473,0.0201860371102927,6,London
-0.0318889337193801,0.2955096763283605,6,London
-0.4217369287150944,0.4396354586155552,4,London
0.1382008920833619,-0.0928315566928684,6,London
0.958140853433429,0.633245813991281,8,London
0.5719024496331252,0.4403455647111797,7,London
1.09732131843724,0.5033115222523105,9,London
0.0401285104492207,0.4995526680820341,6,London
1.4505598568387197,0.1489206570220851,10,London
0.7291845119491976,-0.0208547633296319,8,London
0.5172182940691032,-0.0870718685082763,7,London
0.5237965081685563,-0.4963990859487433,7,London
0.846014545065982,0.1000653196642719,8,London
0.712011731457723,-0.1924091245273859,8,London
1.1591669326908844,0.7987873295740171,9,London
0.8017186365603591,-0.3548807817834455,8,London
0.9943921248955104,0.2566107698318335,9,London
0.5072207566461255,0.1825682870694226,7,London
1.6071409678929227,0.597383076794651,10,London
1.6513043086827766,0.6005306220698798,10,London
1.4381349546811184,0.1039445001770941,10,London
2.2658793707701,0.3708297787394641,10,London
2.269906920787658,1.0908263347289413,10,London
0.2403613186048732,-1.0510882217440358,6,London
1.190375222055097,0.145652208500455,9,London
0.2780401235713156,0.4550973537293818,6,London
1.018297114868958,0.6134419076305946,9,London
0.6662335218471919,0.341054757509708,8,London
0.8392274386587121,0.2305037127926729,8,London
0.3447563329405839,0.2409352034851916,7,London
0.5086755590826114,-1.4170897187498857,7,London
0.0217923607767816,-0.2597066460698612,6,London
0.0255790390958284,0.5590596491300612,6,London
0.3663083704045752,-1.428377610300718,7,London
-0.1296526949498383,-0.0548487209704474,5,London
0.3270824061035227,-1.405138512916579,7,London
0.3586200557110868,-0.6220758410987537,7,London
0.822799002901016,0.6908782973470252,8,London
-0.5091227951835063,-0.109766963523024,4,London
0.2317719950613129,-1.248908335724347,6,London
-0.6535207282565099,-0.072306545477911,4,London
-0.0830779511058303,0.6602340750727355,5,London
-0.1408415961310132,-1.2592042651125903,5,London
-0.156626089743366,0.3345887377309545,5,London
1.9703588163156205,1.2325079198542694,10,London
-0.2444366988732412,0.898389935068579,5,London
-0.033665498274152,0.9744594772368296,6,London
1.8824905761964252,-1.0511882161382833,10,London
1.436766399887469,-1.0998092408949958,10,London
2.208667879806918,-1.8680110890759651,10,London
1.8007666017746389,0.7297867845095418,10,London
1.584608775677356,0.061627257970721,10,London
2.189650187859869,0.3366317363597869,10,London
1.706907383730248,0.9935504496561212,10,London
1.852981769262051,0.4022085088536948,10,London
2.272390328849358,-0.2757850375426157,10,London
1.6289975037800526,-0.9237705415907468,10,London
2.0180127263481595,0.0534443926105408,10,London
1.389141523032432,-1.249337062951703,10,London
1.896286801954589,0.1594378947652725,10,London
1.5892904052187415,0.7289673621917641,10,London
1.5649134811533123,0.115007962588407,10,London
-1.3238747302726417,-0.327875554624443,1,London
-1.8933204463663853,0.5864060045584437,1,London
-0.2695821749525171,1.1530928621977996,5,London
-1.4803171901485024,-0.6252274896181528,1,London
-1.77766209687845,-0.3324001606555365,1,London
-1.5345262711258665,-0.005009378651006,1,London
-0.6810451599284518,0.0623189359030476,3,London
-1.5421889043562118,-0.8686223983619178,1,London
-1.0078877387866234,0.6568882547008253,2,London
-1.2873373842673328,0.3918431125409906,2,London
-1.571672072022758,-0.0225972831628068,1,London
-1.494331852359272,0.1080827158727848,1,London
-0.6117809587763434,-0.7960900943063653,4,London
0.7093475069689006,0.209656861556862,8,London
0.222857812171311,-0.0615179668815865,6,London
-0.7663781710557295,0.601769877141971,3,London
0.4736149657934558,0.3538269060117288,7,London
-0.7342455744973189,0.6007354347620526,3,London
-0.2123882215015204,0.7082175532029459,5,London
1.212376795258222,-0.1312847887898378,9,London
1.133162652025932,-0.986788625292966,9,London
0.3158677952636713,-0.3725931928412758,7,London
0.8520294389416471,-0.7496359216036598,8,London
-1.0664579689973992,-0.4010045952018476,2,London
-0.5495092322136462,-0.369259269037026,4,London
-0.3070250029442039,-1.0465295092270213,5,London
-0.646654879107114,0.0153401601082887,4,London
-0.7099403934499026,-0.2515561469257772,3,London
-0.0214210322900078,-0.9884607223184908,6,London
-0.0612058600835039,0.6278244537967725,5,London
0.0868588738405448,-0.1149231189494076,6,London
0.1061398073054356,-0.0176286656480188,6,London
-0.2526975601974305,0.2400663487616037,5,London
-0.8138305967246254,1.057174365637514,3,London
0.7171703749554298,-1.5443255885853773,8,London
1.6779365519586478,0.7669174318697589,10,London
-0.6600779301735458,0.3113307790499143,3,London
0.3862561106835536,-1.2178558675172897,7,London
-1.0178667106868475,-0.5021995171446375,2,London
1.8185928788017032,-2.0186705111769205,10,London
-0.3486831383252826,-0.0577222780886065,5,London
-1.302327525270221,-1.0653061500489296,1,London
-1.2573060931002384,-3.891134547455296,2,London
-0.0094334072055289,-0.6955110627960804,6,London
-0.0759064823993595,0.3594899945672107,5,London
0.5870233316248655,-0.0955366088654896,7,London
0.17273278983062,2.0394736443282167,6,London
-1.3737880980754709,-5.6887268828499895,1,London
1.4191254564154998,0.2809712303672468,10,London
1.9128431724841863,0.5226581846641343,10,London
1.9753009003337176,-1.185618414847812,10,London
1.788641495091854,0.0625614380326152,10,London
2.183332716219052,-1.2452178124034847,10,London
1.480062678565657,0.2818956690405356,10,London
2.535266198172333,-0.7565182225867326,10,London
2.200877694878659,-0.1701583777592715,10,London
1.833981104525132,-2.165787923989797,10,London
1.6724689970523865,0.3978987350517584,10,London
1.7214038769251456,-0.3580977506196061,10,London
0.566813025742981,-0.2597555864830202,7,London
0.7820759240361287,0.4105792681611001,8,London
0.8351836232785381,-0.2697156746195452,8,London
1.7260405413217386,-1.7610628701387872,10,London
1.0781799832922834,-1.1852632948561317,9,London
1.603336167485933,0.4760247852534357,10,London
1.0638866236975957,0.5452914471642925,9,London
1.648954561592609,-0.4018743357687537,10,London
2.258661018359343,-0.6940339071614441,10,London
0.8240476771709437,-0.4821473078236406,8,London
0.5370920814736094,-0.130747866657607,7,London
0.92023839656752,0.0958772360190296,8,London
1.7756167579546325,0.3403253955939888,10,London
0.9908573731424308,-0.1755610824416003,9,London
0.917048651964248,-0.5584680590511493,8,London
0.2539693029549119,-1.0414935434304342,6,London
-0.6118184312971061,-0.1855619468782912,4,London
-1.0571418351079176,-1.8830616039272652,2,London
-1.0309179506753603,-1.908792132171241,2,London
-0.7014635630600118,-0.5188763752053388,3,London
-0.7362036075501596,-0.4150642124832098,3,London
-1.6251979735412927,-1.5698478533655926,1,London
-0.593011254223248,-0.2806650920621283,4,London
2.173811827550481,-0.1315002269942274,10,London
0.6638904198098509,0.0918026625063195,8,London
1.692247813292636,-1.648085973334877,10,London
2.111420592049091,-0.1509959762245975,10,London
1.5664412581801528,-0.3363411841854831,10,London
0.4940661790146832,-0.4632628349633884,7,London
1.5266734016675194,-0.3618570532420059,10,London
0.6445072526947316,0.1215352438792848,8,London
0.8909204853863826,0.3445531319558714,8,London
0.6691613342957595,0.1213978749291656,8,London
-0.5383641060863292,0.4437412180440018,4,London
-0.2888414458114234,0.4942619093223275,5,London
-0.7736150427805856,-0.1197793753192427,3,London
-0.2908165295237074,0.4848985771747129,5,London
-0.7232323819721735,0.3484337437142763,3,London
-0.29989726855045,0.0867981767795769,5,London
-0.7802344933407903,-0.8228464921032326,3,London
-1.1844216902496651,-0.4104458567398008,2,London
1.1881067228867206,0.0658165079034951,9,London
1.4783496201846018,0.0268566504182883,10,London
0.6661296176322994,-0.1146929535265013,8,London
1.413761754483735,-0.1189219417074667,10,London
0.9147379165769168,-0.4019546414094062,8,London
1.1902689165676048,0.4314019260815478,9,London
1.7492407050373204,0.8376413975727792,10,London
2.110481116833656,-2.118496795971567,10,London
0.5329146879817972,0.2773628301322087,7,London
1.7303822081341458,0.064197163636755,10,London
1.6506573058774747,-0.0855681636990617,10,London
1.5395433689003526,0.2924705758353135,10,London
1.1852166022290307,0.3809798163077932,9,London
1.4139454023022622,0.6927592568251351,10,London
1.2233677233929297,-0.2594369633052206,9,London
1.1345861778643351,-0.1964378943847955,9,London
0.7596020418867486,0.7850983835952795,8,London
-0.1812685697730914,0.4641649134647985,5,London
-0.5376489812697698,0.7071674541188478,4,London
-0.2324154980826224,-0.0442715520529238,5,London
0.2902266236000516,0.335367539502757,7,London
-0.0035759007608983,0.8702663724476085,6,London
0.3242957302073903,-0.2419602260468566,7,London
0.2263206543599211,-0.0851243241298608,6,London
0.5926892742412521,-0.1811127956656766,7,London
1.119275162201803,-0.2319617947704934,9,London
1.0808593418778716,0.2737375420072298,9,London
1.4894233311534515,-1.1496334937589594,10,London
1.0842801243830056,-1.5646396257256543,9,London
2.105478996813384,-0.5211908657947943,10,London
1.3423508086296476,0.1072518760028902,9,London
1.5115181136440743,-1.8234690000199,10,London
-0.1611776881527209,-0.4234976664193361,5,London
-0.2768405051683627,0.4997731642572937,5,London
1.2345753647015192,0.1595568722326183,9,London
-0.0865761482181875,1.829194025129184,5,London
1.3860767444815871,-0.7113392047130257,10,London
0.8728089194043847,0.0342238588066798,8,London
2.5274522028690902,1.187564539165803,10,London
-0.2522199496410794,0.5536226951604231,5,London
-0.1154617006646607,0.2293534634964026,5,London
-0.8535504249149093,-0.6385223146235521,3,London
-0.6567863180874195,0.761630461456928,4,London
-0.4806843132489425,0.1358908184657421,4,London
-0.1523713770863825,-0.468874744771096,5,London
-0.1837563270569468,0.6460767699304816,5,London
-0.897127296694147,-0.249445383855007,3,London
-0.2824074003886996,0.2456730077207528,5,London
0.8457222500958208,0.8467431024769909,8,London
0.8166540159877614,0.2037870662349404,8,London
-0.0199744087815698,0.8649487148302417,6,London
-1.435320595416922,-0.9595324172084037,1,London
-1.3384808212950312,-0.341931584802983,1,London
-0.8739299286976956,-1.4491807063972555,3,London
-0.547147113843694,-1.2967308119189846,4,London
-0.5830311703128744,-1.3030789217695395,4,London
-0.3656386786602518,-0.4037321232655427,5,London
-0.6113452280285095,1.1452952739076876,4,London
-0.880156437318727,-0.383470171667543,3,London
-0.6390013265711736,1.7501401166632011,4,London
-0.3331435240926211,-1.1775905011684302,5,London
-1.2482366062871018,-0.4271308992688815,2,London
-0.021386223300001,0.8957562835302761,6,London
-0.9449813315978008,-0.4530693850009744,2,London
-0.7534090208039925,-0.0820126043252802,3,London
1.8401968120887755,0.3884543436048793,10,London
1.067045795953534,0.0343971383919775,9,London
1.0469691348722017,0.1982308385762347,9,London
1.1266817767965984,-0.1166366485155856,9,London
2.0719747308652403,-0.0047763980134435,10,London
1.074636453341996,0.3001930507391097,9,London
1.5477950666428737,-0.1837490810009674,10,London
0.7676294992164971,-0.3969981537195821,8,London
1.864730609017732,0.1659967181724544,10,London
2.507760388692021,0.711069166886597,10,London
1.1286869342456676,-0.2007298128694723,9,London
0.3424114204490389,0.838060308871956,7,London
1.096607265439033,-0.279518380786369,9,London
1.962164252143841,-0.6743308579135532,10,London
1.385387328018999,0.4135077390615992,10,London
1.0813923249635629,0.220871124478363,9,London
2.323454626018921,-0.3728950736479594,10,London
-0.5199588148145923,0.9781400820141016,4,London
-1.1580102898472957,-0.5450794575641764,2,London
-0.561802187356175,0.4443606707230494,4,London
-0.7784589290646364,-0.7773913158094652,3,London
-1.3178103770586502,-1.3126084923015922,1,London
-1.3168058522201749,-3.8022787751737286,1,London
-0.4903821343939945,0.4020431251225539,4,London
-0.3900661441845194,0.9653550088306676,4,London
-0.0824760520374348,1.3399276818568404,5,London
-0.1272324760403295,1.240239499496408,5,London
0.1793850498931648,0.4570711560338141,6,London
1.4687566873173137,1.8226382669732475,10,London
1.4097882334816405,-0.0354470787747818,10,London
1.2985376662198844,0.9388549647375146,9,London
1.1222585770837004,0.4471163104490316,9,London
0.4609433678026405,0.2349677002237292,7,London
1.0596234173818528,0.4627751078177529,9,London
-1.4039216455062018,0.2026091774833092,1,London
-0.6172465723723066,1.1679869163324597,4,London
-0.1301518982288245,0.0896820262134849,5,London
-1.0667578384712342,0.187948444970062,2,London
-1.3903976484396705,0.3399581882550728,1,London
-1.2655194202718705,2.530163945856606,2,London
-0.08234628668563,0.8117987182368449,5,London
-1.3212974893587397,0.2792082911999891,1,London
1.0506057393026391,0.4422499709851965,9,London
0.4533071979401945,-0.3205456892698988,7,London
-0.6650855460173272,-0.0003126537935001,3,London
1.0153074925221064,1.1262035421885463,9,London
-1.4187463721788738,0.1954301128025887,1,London
-1.2997276090793428,0.8476678610358662,1,London
0.4653648543748298,0.9175488677701902,7,London
0.5153380837715044,0.7816148518569677,7,London
-0.7756404444478671,-0.3301586056402643,3,London
-0.4086266434598961,-0.218434022086049,4,London
-0.6330612836157066,-0.3995113685612539,4,London
-0.1841293097587016,-0.1021340128164089,5,London
-0.5188252450224321,-0.0151154759654719,4,London
-0.6119723391930969,0.5383281162100592,4,London
0.8838547480530545,0.1623973740948713,8,London
1.165303824825979,1.0672147542513228,9,London
-0.6435404703221785,-0.2805516003464097,4,London
-1.0542375494407854,-0.211357437055788,2,London
-1.2097366804704703,0.7739823376555709,2,London
-0.3107088050908186,0.2117343601829495,5,London
-0.7860233803163827,-0.2542588944606012,3,London
0.0133349315677776,0.2230816733831035,6,London
-0.6779111113181697,0.3028981950986904,3,London
0.2493875232741405,1.2393100976509157,6,London
0.173502651109464,1.5600646861418792,6,London
-0.8451069591583825,-1.3013702539259548,3,London
-0.1506072971752997,0.3857554589864373,5,London
-0.4166592423666221,0.7895798985757531,4,London
-0.0889853077870719,0.6025656465988077,5,London
-0.7861704253748609,0.9190322276854286,3,London
0.9733144042104568,-0.966810528501058,9,London
0.7641818935363469,0.7567646002995038,8,London
0.4392768892262563,0.7110929565009156,7,London
0.373157271384041,0.220832802309098,7,London
1.2413028894001608,0.0632989747860437,9,London
1.0832029825847724,0.2967743838842042,9,London
1.4867217322495567,0.2515729555941521,10,London
0.9723764372802832,0.3639888872728455,9,London
1.417693603652504,0.8179204989442446,10,London
1.7501201947706422,1.3963110148342297,10,London
-0.2369426405481779,0.6893695981483173,5,London
0.7130494416602257,0.2730377447800758,8,London
0.5750712048434107,0.9985448380820358,7,London
1.028716321610231,1.1060869983950716,9,London
-0.873701008994131,0.4123037954403435,3,London
-1.6588529629643738,-0.091238270447665,1,London
-1.0710532176997618,0.3553543275985457,2,London
0.4032763149527816,0.2612066809831942,7,London
0.227497144120051,0.16066152527118,6,London
-0.0774176815685896,-0.6218177580433155,5,London
-0.6263437875078193,0.9893282338198744,4,London
0.5399542439883429,0.5407931036512796,7,London
0.5813152174202476,-0.1499242049695259,7,London
1.1453796535230398,0.5060097078955288,9,London
-0.323838367559605,0.4382865267100657,5,London
1.3519396610834318,0.8005922487282151,9,London
0.9930604895853044,0.5519138870429416,9,London
1.2537451176799772,0.6452294266550316,9,London
-0.4900277815678663,0.3929196135447806,4,London
-1.0446473941742922,-1.065312566191137,2,London
-0.3109909023932799,0.8815286765896029,5,London
-0.1609816150398276,-0.3757557905604452,5,London
0.6608631371514195,0.2134766904590552,8,London
0.7315388481541417,0.0248442477729542,8,London
-0.672240854204627,0.5217410671342804,3,London
-0.9127716544810786,-0.8612088852889151,3,London
-0.067402594777467,0.2839904490504915,5,London
0.7134008045191972,0.6754609698833369,8,London
0.0185365605294266,1.4168609991603962,6,London
0.9778847717346488,1.0075551718714542,9,London
1.7008493783942815,0.0295061795184237,10,London
0.8060890867069829,0.3341830134508027,8,London
1.1296728603732114,0.0974021856478279,9,London
1.0153039508290798,0.8868535503869304,9,London
0.8535745177331135,0.0379694929037668,8,London
0.0285792084037411,0.4326639249827327,6,London
-0.5769703308408579,0.4641389866238251,4,London
-1.060731548211281,-0.0094795787400893,2,London
-0.427412967916541,0.8924664781683327,4,London
-0.394773272906503,0.0993202822540259,4,London
0.3755221844710678,0.345296860469435,7,London
0.4215431268783967,0.2714120665420049,7,London
0.1243409395019464,1.2959212727751306,6,London
0.0771571203652054,0.7228551438474217,6,London
1.4641760106919617,-0.126243840565525,10,London
0.7319755092407615,0.5386689523620724,8,London
1.130970256301217,0.4867403462028554,9,London
1.4829329117117669,0.5734897574019437,10,London
1.3311716641354956,2.063353847238689,9,London
0.5504396838047044,-0.2037526244562909,7,London
1.1080601430307253,0.7523267135699333,9,London
-0.0150493148877744,-0.0140547815872702,6,London
0.8308988859739715,0.2169932433525554,8,London
1.1388912821040205,0.7822708364928777,9,London
0.3812470989916819,0.8257018008036944,7,London
1.0902198738733844,0.9548728298891208,9,London
0.1245880435052901,1.090329515530038,6,London
1.648044768347268,0.3900802699010612,10,London
1.5485773302575767,0.9437972306965297,10,London
0.1551759089781479,0.4661213861198722,6,London
1.170135027083491,0.2425955314244953,9,London
-0.2201861550496565,0.490785521701117,5,London
1.822884126701953,1.043906091328744,10,London
1.0468789381478,-0.1085320073498136,9,London
0.2840540342490019,1.3376755465094423,7,London
-0.6191485342032144,1.289967664990861,4,London
0.8639003880005396,-0.4896315154015311,8,London
0.049750762000672,-0.441702353527514,6,London
-1.220118160058005,1.1525527463150929,2,London
0.0902898117872946,1.4928859542199169,6,London
-1.2198123547032949,0.7905083438582634,2,London
1.0302318075161323,0.0533381439765725,9,London
0.0897274239663647,-1.1187036519667384,6,London
0.072546135135846,-0.7810380285005853,6,London
1.1842814833708906,-1.1525974642966192,9,London
1.5590800151224589,0.1603639015590506,10,London
0.7627240387235508,-2.198380418662064,8,London
1.5386425814315008,-1.3398550505730158,10,London
1.3514082845648272,0.7592370947154721,9,London
1.2345539776239107,0.3197746988199928,9,London
0.2072020304273855,0.5984821358931189,6,London
1.1583701072235486,0.1211170244772187,9,London
-0.2822414690234804,0.2221681195175853,5,London
0.0949912199027241,0.507942167369036,6,London
0.410492881731373,0.2180897986289582,7,London
-0.8097539266627443,0.1391682822337242,3,London
-0.9338682319386624,-0.9878738932575613,2,London
-0.7075230680822225,0.6641914436407557,3,London
-1.1550209401345244,0.2041407062875213,2,London
1.0922443677028664,0.544286340512105,9,London
-1.2420529090570414,-0.5473478016701961,2,London
-0.1917451046693425,0.2308880496673208,5,London
0.1472040377595908,-0.1097488382544628,6,London
0.809675769821742,0.2230535439899543,8,London
1.4996197996340843,1.0449184565998917,10,London
-0.2248486090918477,0.115603627650829,5,London
-0.459978490485226,-0.4537192712846439,4,London
0.0446550556112335,-0.2758268730847782,6,London
-1.4010369440919668,-0.7487075102094578,1,London
1.2604602563784717,0.6405864858194196,9,London
0.6698333426067585,1.7632560101786607,8,London
-0.6890545261892127,0.2015529586012621,3,London
1.2295709899280445,0.5339666205889171,9,London
0.8050278153286501,0.1954634291705232,8,London
0.0882960308536053,0.6536323408552581,6,London
0.2184899342169975,0.4202775003906248,6,London
1.0104132904948893,0.6745416315502026,9,London
-0.4494725389553476,0.6766840471889183,4,London
0.0588822028171629,0.083398685516998,6,London
0.4318413616770108,0.055385897609228,7,London
1.8574867247865572,1.2823895300002526,10,London
0.0748623141889972,0.2433756469906391,6,London
-0.4105303631339793,-0.0578457017493227,4,London
-0.2368146518215444,-0.0106143440259539,5,London
0.8864029770731331,0.543805824867705,8,London
0.8899577998497432,0.5613013157074049,8,London
0.1347656921325491,0.1549562880512717,6,London
0.142097542937715,0.3859475666493872,6,London
1.1345338337667854,0.2786676500407383,9,London
0.8862790131097579,0.5845755804845758,8,London
0.221871209211835,0.4959476671184035,6,London
0.8958506335361894,0.0635442300680067,8,London
1.4974909090729125,0.9079797377286812,10,London
1.5417569154893878,1.3353815641630222,10,London
0.7482212991009328,1.273133793693613,8,London
0.1857534524376368,0.5409371657685779,6,London
0.8871264064027453,0.7191181870831329,8,London
1.7700267945249737,0.5263123092682783,10,London
1.7441823039335798,1.6920483019160952,10,London
-0.0280379334862484,-0.0454914461542432,6,London
1.640123369541893,0.5008431789045011,10,London
0.6747092634699784,0.2933843093077576,8,London
0.5939274136368924,-0.5203696978070347,7,London
-0.4498064024034239,0.033837133258237,4,London
-0.1680036135544553,-0.5331393928004063,5,London
-0.5113911368857512,-0.3015273058265476,4,London
-0.2792837275149115,0.1390727042490818,5,London
1.6365083898796504,0.0455454822027244,10,London
0.7664478448761003,-2.4273917255064776,8,London
1.820329112360213,0.4997248129040746,10,London
1.148955067016129,-1.5097856437449706,9,London
0.9460877069895506,-0.9115170309518436,8,London
-1.03990563935352,-0.2546761601634772,2,London
0.8488086035484713,-2.280204820581189,8,London
-0.0366158762367232,0.4425134429710415,6,London
-0.0697852614632426,1.0662163943870195,5,London
1.0180253831523085,-0.2779370469994854,9,London
1.7319317137951362,-3.401817821049077,10,London
1.3693296185527253,-1.75817727038773,9,London
1.4494744591971376,0.2936408200622963,10,London
1.5793546762252946,-1.351734655303574,10,London
2.4242286001677567,1.0494849646899609,10,London
1.06386005538809,-1.5007568559016575,9,London
1.2529537836242426,-0.1341532982937096,9,London
-0.1874599676730186,0.3372318000488326,5,London
0.2993294645024766,-0.2096046866986214,7,London
1.14212460498751,0.5649467484246354,9,London
1.3447066856860392,0.8356305929385307,9,London
1.803146250318546,-0.2332877573034052,10,London
0.9700618998616704,-0.6661228498990216,9,London
1.7405536851685746,-0.9059922654279096,10,London
1.188369316683416,-3.033462147159619,9,London
1.8124310688983416,-0.7765600136936438,10,London
1.6556140403430857,-0.8333738419685228,10,London
0.8470092496039955,0.4691982399794353,8,London
-1.475118086327871,-0.9900801649637326,1,London
0.5829306688728685,0.6049930057611329,7,London
-0.2839611698551285,0.2242245005556228,5,London
-0.0939645096160462,0.1828494952438641,5,London
0.0642021250876351,0.0634926624027283,6,London
-0.1089186247371957,0.3539139029120827,5,London
-1.1549739876013454,-0.0421554152373726,2,London
0.1483434247414696,0.6004393880247432,6,London
-0.856184568205798,-0.4308588025004949,3,London
1.804443881904699,0.0987069734294101,10,London
-0.2031617940117374,-0.2496118987138587,5,London
1.1551821207568684,1.1281212306094464,9,London
0.7436370528551329,-0.5100246333966426,8,London
0.6036150133150843,0.9840831029659218,7,London
0.2529799175256337,0.1477592141973296,6,London
0.1086313291078639,-0.4171482303786921,6,London
1.6011084006448262,0.5680285824524717,10,London
1.5363849737117286,-0.0277314269822995,10,London
0.6425256260110105,0.1158428969409947,8,London
1.279015644913967,0.2685073987645135,9,London
0.0945036007346468,-0.1860336539253626,6,London
1.7312459902742767,1.178424721049829,10,London
-1.0158390957068817,-0.4967590692929789,2,London
-0.6010555790023029,1.091333410900686,4,London
-0.6975929347503885,0.1250394674856409,3,London
-0.3406128683923834,0.5567617037145014,5,London
-0.6705228335360183,2.164173729609794,3,London
0.2450585407818385,0.736920123707509,6,London
1.2671916959114096,0.7981095645242623,9,London
0.5855260702702795,0.0604386449930698,7,London
-0.335922282211009,1.1131786580269092,5,London
0.6398620996197443,0.5011219854490352,8,London
0.3518070350128638,1.173180883658946,7,London
0.2472500947394376,1.292992865060701,6,London
-0.6342023479501631,0.1861182811349018,4,London
-0.0747506595685231,0.3290637491058816,5,London
-1.1372395111241038,0.5875043624067651,2,London
-0.3673795312995047,0.0408215031527232,5,London
-0.0831234289324567,0.6191088632464599,5,London
1.5022624026965472,1.507913836496317,10,London
-0.6865254174476536,-0.7622360801414373,3,London
-0.1977970360780614,0.7323049644657682,5,London
-0.5480781762896844,0.2304353547533982,4,London
-0.5682868676972342,0.0713889897194908,4,London
0.1664509870203305,0.5055702649220815,6,London
1.5481422088291308,-0.2913074243897614,10,London
1.4402673033485396,-0.6145160684269885,10,London
0.5621958314367307,0.2779462154185722,7,London
1.3644858728962117,0.3448013543766157,9,London
0.0308150622641058,0.7574249234012587,6,London
-0.3340606054598751,-0.1291569142905592,5,London
-0.8866748584439686,-1.312292697506302,3,London
-1.1095580902022455,-0.1867022281116676,2,London
-0.219942729254386,0.1637441328302041,5,London
0.6099174526865399,0.4001286927487221,8,London
1.8513154952905504,1.6828455928077082,10,London
0.4619025353970084,0.3706911721729584,7,London
0.4793531172891458,0.7587692646114118,7,London
-0.9016144561644638,0.0776113602364972,3,London
-0.8783772653489921,0.4549712091189133,3,London
-0.4007003304445778,0.502869729655672,4,London
-0.7873394229589462,0.3554303351997385,3,London
0.4168199918498502,0.7585219005720465,7,London
0.6266141723550267,0.8179534873996147,8,London
0.2940260938541669,-0.0467488563855502,7,London
-0.5867937768987223,-0.4333026753465702,4,London
-0.1511515330861594,1.2214296670227032,5,London
-0.4800364325741504,-1.0398904923181154,4,London
-0.378737701933228,0.1552162807385978,4,London
0.9132323767413262,1.0794766667194509,8,London
1.0127528676495203,0.4668224946540353,9,London
-1.285697610730258,-0.9750104827750468,2,London
-0.4961565668293013,0.911505699854438,4,London
0.0661433953325305,-0.4263395949022193,6,London
-1.4765601384498477,-0.2601588319143655,1,London
-1.0789271521151205,0.1224165995933541,2,London
-1.312558886815852,0.0590533678677636,1,London
-1.273424462068441,-0.914478574538764,2,London
-0.6229998475341381,0.7722248140747678,4,London
-0.0207656610297312,0.6252568904496205,6,London
-0.5150986191203843,0.5458503747112496,4,London
1.4251668241407778,0.2472604342344673,10,London
1.9346295832193736,-0.2742538419683394,10,London
-1.491291793404103,1.2385957661368343,1,London
-0.1531884864324905,0.2388253550064082,5,London
-0.9251692976423804,-2.1455748041549314,3,London
-0.8390685464076125,-1.9564477607191155,3,London
-0.2425193187458484,-0.04722666237311,5,London
-1.0317523931298205,-0.4286631037265996,2,London
-1.0675428078742886,-1.5330010028866037,2,London
0.7619939738412382,-0.4483333113951202,8,London
-0.9093923089638888,0.2520251514603844,3,London
-1.3158570957566844,-2.036476173522251,1,London
-0.7688139538570508,0.720063992904247,3,London
-1.7084641993317515,-2.4674845037789344,1,London
-1.1989184260108152,-2.347444874840331,2,London
-1.7182464636927794,-0.3776426270461703,1,London
-1.2273659469346432,-1.6672454236240517,2,London
-0.1627022645768537,-0.7514324181239793,5,London
-1.331925162082775,-0.2017013514713604,1,London
0.3514033881731661,-0.367077794617354,7,London
-0.6241553509202543,1.0279359834364137,4,London
-0.4293300564876131,0.5129132669423393,4,London
-0.3825987605685704,-0.5353506286215247,4,London
0.2766634268950561,-0.2844703252048898,6,London
-0.6494077642630688,-0.3983168921531417,4,London
-1.0904894823640408,-0.6959719421855038,2,London
0.321239149649514,0.1095317832477199,7,London
0.7434854290808228,0.4412576865475787,8,London
-0.1932050134218472,0.958012478925312,5,London
0.040785558942758,1.783217717129968,6,London
0.4124873535626074,0.3831076126217749,7,London
1.912135567013889,0.6959806201159745,10,London
-0.2188792434815232,0.4842917087528612,5,London
-0.3568142283285637,0.3787562184545926,5,London
1.5194580334795127,1.4426926215835705,10,London
-0.8457546874266658,-0.615644995248697,3,London
-1.5352317357726148,-0.4534638988900057,1,London
-1.5691170584416527,-0.5868043546593682,1,London
-0.7477316204809599,-0.2073965409582319,3,London
-0.8610184928565777,0.5139078674120656,3,London
-0.010191939286956,0.5087932927512114,6,London
0.3151685151942902,0.5483862580916693,7,London
0.8679620657961814,0.9912982722774684,8,London
0.3847825820972359,-0.0604921417380626,7,London
1.818942719234324,2.082274416579214,10,London
1.7267362486347049,0.6219703180140096,10,London
1.3563052356191574,-0.0443198410031161,9,London
-0.47451099524116,-0.2294433404161555,4,London
1.7082342078529298,0.6304574145349311,10,London
-0.7446407028396226,-0.3740431761723458,3,London
-1.7051720853817025,-0.2451811575946369,1,London
-0.8475956324952617,-0.0748921328616695,3,London
-1.4454346036415917,-0.4792612820909654,1,London
-1.564584558518524,-1.264654372557169,1,London
-1.4205047561206592,-0.6323825507188736,1,London
-1.208842125151873,0.1383616484180314,2,London
0.9517570582245718,1.0098921714191924,8,London
0.7434770291329784,0.6635841567488094,8,London
1.6094770659830038,0.8364312119707968,10,London
0.6800019646614996,0.5564523500569823,8,London
0.0340401123032433,-0.8797654934223393,6,London
-0.1672695264800655,0.3822607829792622,5,London
0.1398963664163102,1.0747877245794888,6,London
1.2290767718143114,0.2610443464674602,9,London
1.1251732662809713,0.2108908301881468,9,London
1.6629248054589103,0.3755423905544167,10,London
1.2993279658158812,-0.2187999245618274,9,London
0.567180941338951,-0.1530506332265629,7,London
0.8596626406097896,-0.715598934081689,8,London
0.6053447362247727,-0.5167369453627776,7,London
0.1102307797920248,0.2139502030656308,6,London
-0.5520195205306343,0.7858135476246152,4,London
-1.5889403778775544,0.5236462494751442,1,London
-1.1703896028394338,0.4774249578673765,2,London
-1.7708910619819795,-0.7133232513934153,1,London
-1.2610174032238255,0.3077354860776315,2,London
-1.229473820163008,-0.0088112172227581,2,London
-1.1376896211912622,0.3131109928150538,2,London
-0.7100844211683708,-0.133563692909614,3,London
-1.3278180201348238,-1.923454233656377,1,London
-1.677669633661192,-1.3902233983740997,1,London
-0.9434499440684596,-1.194308459434086,2,London
-0.2709737226159296,0.2335001961212002,5,London
-1.0277469242443182,-0.2401032322841609,2,London
-0.8920910936256947,0.1898677004677681,3,London
-0.5660274390506013,0.0730134752696679,4,London
0.3063583329913781,-0.1607874938431487,7,London
-0.5817048255814471,0.0990939095788847,4,London
-0.9070040481320072,0.3778445502735362,3,London
0.3607084744189771,0.3183997820622183,7,London
1.0402549056768002,0.0204274354174129,9,London
-0.4349143243626295,0.2469552728022242,4,London
-1.4320997575044092,0.3468333462361961,1,London
-1.2416494007785075,0.5906559311440308,2,London
-1.303775648892694,-0.329257985275968,1,London
-1.3488577571729214,-6.0378959584733005,1,London
-1.4425777234974522,-0.942905488290812,1,London
-0.6277900212376718,-2.2955043821891232,4,London
-0.8757186598698296,-0.1461725855466315,3,London
-1.4839565757238509,0.3597930936650435,1,London
-0.5135173752987535,0.3692572457015939,4,London
0.1268251179058281,0.995520310629579,6,London
-0.6448121422097749,-0.3300276598871733,4,London
-0.7377257835031414,0.8150537914214796,3,London
-0.209890317722589,0.7179271872363037,5,London
-1.495235346970959,-0.4118410697075905,1,London
-0.9180920682945276,0.9272332091160794,3,London
-1.2069788313870096,-0.5507413511365171,2,London
-0.8065568193742418,-0.3855883995474136,3,London
-1.2530117942588508,-0.820957822497426,2,London
-0.8671205198696139,0.4148928884874338,3,London
-1.7907069573940992,-1.2006806496999718,1,London
1.9490079914010232,0.6436942466661723,10,London
0.8337068058842072,0.0453597604246342,8,London
0.5052473444010729,0.726797561504351,7,London
1.2013210495802962,-0.1570596370571767,9,London
0.1588647163027827,1.1317855409661208,6,London
0.8091640558554152,-0.5891456257112532,8,London
1.4732601436726829,0.7138922050393496,10,London
1.3000886935271572,0.9109152475866484,9,London
2.173273700081168,1.5829265645077917,10,London
2.151310819421739,1.1102514963077847,10,London
2.2607325319084954,0.2237674863761975,10,London
2.2655359717780232,-0.184362430680391,10,London
2.803479000150603,0.982428205942411,10,London
1.6216243855979129,-0.2230952981385154,10,London
1.5024124008778694,0.1426782259251087,10,London
-0.1213637407321352,-0.0363365256133428,5,London
0.382438119249963,0.4731052029891207,7,London
0.3373534912170576,0.1194567163432553,7,London
1.1895650005184994,0.5047099614506311,9,London
1.244245713001213,0.6351130053812105,9,London
-0.1806473580191612,0.475022821222096,5,London
0.5794099071870089,-0.043178408465309,7,London
1.0761199142488034,0.4279302213483843,9,London
0.8773087137685248,-3.322851209512488,8,London
1.712851311303317,-1.0879805313033126,10,London
1.0784230802948824,-2.903476734530123,9,London
1.6051467859957322,-0.3276733088732459,10,London
1.865324020937608,0.3892596732397194,10,London
1.1832056093700103,-3.18859537369568,9,London
0.6184498438634762,0.0493595929667697,8,London
0.2868030078610015,0.041629827106603,7,London
0.2452690747814699,0.0402402987394326,6,London
-0.509270962230691,-0.0544415007215154,4,London
-1.3465840366310633,0.538320743413247,1,London
-1.4586266097984164,0.3830106725988492,1,London
-1.312400107027658,1.0947515775207657,1,London
-0.5126610527731982,0.7520238796209477,4,London
-0.1366724746611233,1.474406057765065,5,London
-0.2453711738466833,1.8787193617105584,5,London
1.779207764631376,0.54700542681131,10,London
1.179446662446085,0.607855886989427,9,London
0.9006300259909034,-0.0825808862547174,8,London
1.416404272770251,0.0515062940450464,10,London
-0.1630707756580102,0.7611671546558034,5,London
1.761138971908878,0.2590222760067144,10,London
1.3509716248529058,0.5774183125815895,9,London
1.3176090063295542,0.3599373772954465,9,London
1.634404122104663,0.4011473005498424,10,London
1.4255194598127885,-0.1280793090154275,10,London
0.9915413604149445,0.2283940465152335,9,London
1.4812021385818015,0.3916159804603007,10,London
0.5195318301790349,1.2889121903789194,7,London
0.8662523400125286,-0.2321445777361002,8,London
2.041639532921548,0.9022025763856472,10,London
2.5307188509025984,0.7491260104702259,10,London
-0.2896453404040637,0.2756342943653343,5,London
0.4449769072049716,0.3376540735399695,7,London
0.6439388457460082,0.3108279973374542,8,London
-0.1845628645994531,0.460339466544307,5,London
0.8835230293225089,0.5672844653117272,8,London
0.5703441306626623,-0.0472500742187061,7,London
2.588025575250084,0.671767408169218,10,London
0.9657094583905292,0.6232748271360925,9,London
1.9526955686335248,0.6340275905239078,10,London
1.6189194553845176,-2.418930350168439,10,London
2.3375247682182554,0.201940022433965,10,London
1.4217385461154743,0.4225030425863114,10,London
1.622333731599689,0.3762876573765649,10,London
1.7645864076225843,0.188705464607819,10,London
1.4110750166352064,1.0893070221159424,10,London
-0.2388323692047579,0.452773195702846,5,London
1.8737868928866344,1.040092066178791,10,London
1.24883671733086,0.1547586162483211,9,London
0.4147920763027047,0.5316510015651097,7,London
0.979313776214586,0.5419326018669761,9,London
0.6138241385787193,0.2182521076941537,8,London
0.9658917360000748,0.7086369899189189,9,London
0.8495601720553361,-0.1605519466347307,8,London
-0.599900669831797,-0.451316842865532,4,London
-1.0864142222477575,-0.5522486078937827,2,London
-0.9669704640409617,-0.1180467776313731,2,London
-1.3094208845073052,-1.026356503668879,1,London
-1.0418603508785675,-0.6713883139256344,2,London
-0.1954465278125174,-0.4659510281077934,5,London
-0.9024629567683484,-1.6435962074370103,3,London
-0.4172328796032058,-0.7247490393095429,4,London
0.4746883129121995,0.5218738815836663,7,London
-0.758328153189537,-0.0357153332848636,3,London
-0.8624520535376786,-1.2554311744652455,3,London
0.4641810885825821,-0.0047735719023193,7,London
0.1585149040506012,0.3000160392018127,6,London
1.1642513408887378,0.0042611640082927,9,London
-0.1484494844471147,-0.182971296084565,5,London
0.038409373121819,-0.2151036228725124,6,London
0.1580133094529313,0.066600980388756,6,London
0.3659320954083058,0.7721097980604611,7,London
0.705597008393169,0.0756923159272006,8,London
-0.1735627035869102,-0.644031618218479,5,London
0.1590679215194343,0.1074641552069973,6,London
-0.1641326937546288,0.286143405457665,5,London
0.7769224902151871,-0.8904762594814573,8,London
0.6340687851397971,0.4693337352089326,8,London
-0.7948211331419788,-0.0793201913212061,3,London
1.2356669595484575,-0.1486903448266475,9,London
-0.7828558858972833,0.123427627203128,3,London
0.1268024956937733,0.3977187786898638,6,London
-0.4864325134420857,0.0504355635826044,4,London
-0.7363823729588272,0.0629732896737814,3,London
-0.1409074853221856,0.8536153938658525,5,London
1.3314540601376716,0.45831041085633,9,London
0.192766793705919,-0.3939360667794361,6,London
-0.1165598880193526,0.0504894436329102,5,London
-0.3228534046984425,-0.6268885894267653,5,London
0.3132785027056347,0.194453985212192,7,London
-0.6131145591084756,-2.153532541946593,4,London
0.0170913415415403,-0.2930691157105559,6,London
-1.5165116985398135,-1.0270674010422824,1,London
-0.9307790923076642,-1.908399495514804,2,London
-0.946747921727118,-0.2927152877385398,2,London
-1.5651708369012525,-1.3579754399277315,1,London
-0.0529832211313747,-0.0284791140881529,6,London
1.2622031381129448,-0.3406050421806802,9,London
-1.0780467215551817,-1.2657993836813992,2,London
-0.8077788451723044,-0.9071705915018526,3,London
-1.2461484793030884,-0.1494693717043025,2,London
-1.4053852694546307,-0.8801303627476357,1,London
-0.7240994978929071,-0.1311106004184622,3,London
-1.4697186719399056,-0.4369541650777939,1,London
-0.7944790942734736,0.7018816654826081,3,London
-0.2876961458574974,0.7033336181171873,5,London
-0.432899460327323,0.2049039155430042,4,London
-0.1375300195777891,-0.2459152836557662,5,London
-1.0101822993952685,-0.3378259434343733,2,London
-0.8348283797098015,0.1100265995406181,3,London
0.3491751772456034,-0.2939438013914458,7,London
0.1236773177130053,-0.0440859554086671,6,London
0.404001122014959,-0.2737315541680569,7,London
0.848898372885448,0.8265996076066082,8,London
0.5609478058254747,-1.2567276365177902,7,London
0.037137917985763,-0.3561104281830087,6,London
0.173154388507549,-0.0086986472429749,6,London
-0.1018120374086561,0.0955937038075852,5,London
-0.3770210741005471,-0.2603818219195751,5,London
-0.2766813654280541,-0.3728873148678654,5,London
-0.1718395337575374,-0.4723462055477233,5,London
-0.3644415471242156,-1.2098884352314083,5,London
-0.5448096420955936,0.1740507531539557,4,London
-0.6892183050591946,-0.3345551329499871,3,London
0.4328685275348901,-0.1024737545373662,7,London
-0.8043509262764397,1.0291131450714688,3,London
-0.0180474241382017,-0.7417573992565342,6,London
0.5409116196397923,-0.3647008043961688,7,London
0.3915973814772293,0.3099326757024156,7,London
0.5971989619317305,0.5411169987428132,7,London
-0.1761394343487056,0.2504341086392344,5,London
-0.6413749968847279,-0.0780009830084708,4,London
-1.5619417642817592,-1.723170682030016,1,London
-1.1578178470516798,-0.8175361220516114,2,London
-1.3189949622474653,-1.7784108770339586,1,London
-1.4296883263402465,-0.0107301464086895,1,London
-1.0644073909598917,-0.3164512919372798,2,London
-0.6015260104351728,-0.1901097009129058,4,London
-1.5834858925794195,-0.5902586448059068,1,London
-1.2160210545147363,0.044828808899115,2,London
-1.590743549182156,-0.167582289414667,1,London
-0.3674459720228044,-0.2036083533544774,5,London
0.0393466452698562,-0.0120689134016491,6,London
-0.1977342531857469,0.7662997709761175,5,London
0.5432535215032919,0.4704498130019605,7,London
-0.4274662320238017,-0.3711004220925696,4,London
0.9648094676330984,1.0490880226845294,9,London
-0.0057499654560677,0.1684757841481897,6,London
0.3141307578151286,0.754655634714822,7,London
-0.3850083663135604,-0.2407264733880709,4,London
-0.5506211608920774,0.538445904514146,4,London
-1.1691797650866274,-0.8944881313204004,2,London
-0.4855184637360569,-0.6595807866524221,4,London
-0.8445798939670064,-0.195095184352622,3,London
0.4923905678870341,-0.142549789789547,7,London
0.4568107182109882,0.6417210864331453,7,London
0.4765335910903956,0.1937581068354413,7,London
1.1364998861780629,0.8686556841439266,9,London
-0.6902187797865776,0.2194710690681744,3,London
0.5391709337844502,1.0129281444238916,7,London
0.073709112144667,0.7776951902061281,6,London
0.7756467424835761,0.6868669286303953,8,London
-0.1078756878272381,-0.6557370814187325,5,London
0.4363256754340599,-0.1214671969924386,7,London
-0.2929098884877607,-0.3980759313592645,5,London
-0.3636718671331888,-0.2446107276147851,5,London
0.3822058380196619,0.2844188044086289,7,London
-0.6928459036072481,-3.559142268708025,3,London
-0.2903489161946224,-0.4870671957009665,5,London
1.4784843141478046,0.0818567556809336,10,London
-0.2905360114689512,-1.4147622182377435,5,London
0.0237282353617938,0.5120075862758365,6,London
-0.6046703663027575,-0.7412908758204191,4,London
0.0955221838494255,0.2127462488477342,6,London
0.7135660993657925,0.4664063386103094,8,London
0.8173908102654306,-0.5628742723000676,8,London
-0.2260723913750975,-0.6393106058775279,5,London
1.1715283592856882,0.4916856102164041,9,London
0.4030660943007026,0.2213279275754957,7,London
0.0610718332254171,-0.069133229390845,6,London
-0.5072698118578357,0.197701658054414,4,London
-0.6296344951961595,0.1338716044724791,4,London
0.087541677725604,-0.4481554537114236,6,London
0.1009268435800721,0.5264168005070143,6,London
-0.8370820240279572,0.0342476701217067,3,London
0.6226435601043265,-0.2481041692531875,8,London
-0.3530176076284808,-0.8486974174981115,5,London
-0.1439408247112807,0.59745509892888,5,London
0.0999253979919495,0.1327946810602061,6,London
0.0705982078217326,0.8206567159619862,6,London
0.6281272883157373,-0.1967341726730744,8,London
0.0404263278128,-0.2067073258736577,6,London
0.7313708932793216,0.8724664658625081,8,London
-0.3485118385956678,-0.2339951310735651,5,London
-1.109907600434722,-0.2064848672034456,2,London
-1.0496349730329426,-0.7492012085612707,2,London
-0.8830860037658782,-0.044485304192073,3,London
-0.6962754190283237,0.1376900865962752,3,London
-0.9469113099794284,-2.7823633850849983,2,London
0.1703089853757885,1.115077858554786,6,London
-0.5854009333240532,0.3013679089834737,4,London
-0.5370126143280469,0.3615354717478065,4,London
-0.1752561075530411,0.992395219595344,5,London
-0.0581768385314539,0.9399670068648346,6,London
-0.7290523205492317,0.6319084811494211,3,London
0.9744155774457288,1.0981492249072544,9,London
-0.5051749877572173,0.3533372926144283,4,London
0.0289406801494407,0.7694311033759076,6,London
0.5949523863779539,1.6190078088115831,7,London
-0.6581193266812067,-0.5976750485977189,4,London
-0.6660891087109571,-0.6770724893331216,3,London
-0.544154067074648,-4.545040043830743,4,London
-0.7939816039141181,-3.778680766286417,3,London
-0.6671350372374065,0.6059863957879439,3,London
-0.5580798243108928,-1.4355545555085325,4,London
-0.7463160510223333,-0.4972773081651222,3,London
-0.4564964858388365,-2.5743770241004027,4,London
0.5202922565920971,-0.583284590348649,7,London
0.9822101398215756,0.2155047583523878,9,London
0.927369971420161,1.3555658903263137,8,London
0.4756686194096379,0.9307882035345189,7,London
1.3455420268324572,0.8215446518358961,9,London
0.5635607188999553,1.2013019589909593,7,London
1.3973042356337209,0.6917337755558389,10,London
0.6623861075045325,0.6885133128187687,8,London
0.4272361638121814,0.4553456828358377,7,London
-0.4861991276420396,0.7818491028282036,4,London
-0.8024333665642779,0.6328770753417828,3,London
-0.4944326870763105,0.7435802223296117,4,London
-0.8358040135233038,1.0258767634924568,3,London
-0.8021114013837243,0.4688386194371307,3,London
-0.4631172619648959,0.7936003373821529,4,London
-0.0948813766586145,0.3899215652507781,5,London
0.0434215282183873,1.5724155341043908,6,London
-0.2954775102189467,1.518962005825986,5,London
-0.3029993142640801,0.0816262162006823,5,London
-0.2574343611476671,-0.0088107088115925,5,London
1.1784991121444246,1.3097582909567589,9,London
-0.3214151992519128,0.1742879403615142,5,London
-0.015723112516588,0.2514380395199366,6,London
-0.5691058041285594,0.3856696822316257,4,London
-0.2277381100360974,0.2197658202751371,5,London
-0.093872722994619,0.1904099535447053,5,London
0.8010133395423237,0.6883999389944094,8,London
0.4134218116483918,-0.9406941056572858,7,London
-0.0682276013876524,0.7784007838197827,5,London
1.188446854994007,0.1240084228409316,9,London
-0.1046162671984557,0.2388147894185307,5,London
0.5388269572584166,0.9474314862704633,7,London
0.5522981101546934,0.0288547089810662,7,London
1.115371553866662,1.3073836216550176,9,London
0.4750449055978939,1.2385771639439476,7,London
0.8045470298522134,1.2252626161875888,8,London
0.3004537659842367,0.2994572887989178,7,London
1.2615514865698674,0.53650782301283,9,London
0.3370948111619402,0.6256713392949281,7,London
1.6303885347236338,0.3733445570034346,10,London
-0.9638622409315568,-0.6617353202848429,2,London
-0.4337137374010101,-0.3756043456535141,4,London
-0.0358717629085695,-0.4813341743746475,6,London
-0.958899887463944,-0.0432197212791576,2,London
-0.3730025599966209,0.1311336892838671,5,London
-0.810464082385286,0.3373049624878511,3,London
-0.6985167516426541,0.1375851887155548,3,London
0.4236458206565904,0.514783478724111,7,London
0.8628456103870795,0.6323362943270556,8,London
0.2130961547397191,0.1777661398237181,6,London
-0.1716672372791514,0.2974014049818925,5,London
-0.7091813909282094,-0.3724809035582092,3,London
-0.2136526775536673,-0.3758537453834015,5,London
0.0943847890400156,0.1764373504501846,6,London
-0.2582292147785796,0.3224999376819694,5,London
-0.0423356005455174,0.0857711152017432,6,London
-0.3776251685616082,-0.2855868180520724,5,London
-0.5084753153213538,-1.2863700056900875,4,London
0.4104567129032467,0.6307531157519294,7,London
0.0406824194095145,-0.9042679972075696,6,London
-0.5123152224879918,-1.5538648342740269,4,London
-0.2325982909855856,-0.0062786192583166,5,London
-0.9216373115046956,-1.0089535915853516,3,London
-0.7747447397352466,-0.7891113492196037,3,London
-0.5370418244760244,0.119435779095189,4,London
0.4738491023536382,0.408375309399954,7,London
-0.1714687852468538,-0.9146396817839966,5,London
0.0851663159233608,-0.2469438017087604,6,London
0.7156449101424122,0.0190452146676047,8,London
0.4442624169190975,0.2992151303301202,7,London
-0.2729096464071141,0.3067560726300878,5,London
-0.2917095184614066,1.188099963387611,5,London
0.0316760532788956,1.0763223385637486,6,London
0.4786834612754572,-0.1384572637884907,7,London
-0.5608644025440611,0.3386366121226475,4,London
-0.2002466789361529,0.1436535853016888,5,London
-0.0532614299025516,-0.7279395749591538,6,London
-0.9918327776624934,-0.0521344024084792,2,London
-1.2083395396368202,0.0087916488247899,2,London
0.399869745121643,-0.3320006842310278,7,London
-0.2445455819116088,0.6255113668906843,5,London
-0.587527779758138,-0.097824391216308,4,London
0.4543758699767042,0.2173450226137668,7,London
0.4237453389379731,0.5807571029492716,7,London
-0.8373299669313602,0.1448636042882158,3,London
0.280016093163071,1.2621702250685545,6,London
-0.44362534073861,0.8372052773845807,4,London
-0.104748355783858,0.7581035634568869,5,London
-0.3249441965983678,0.628105085586469,5,London
-0.7589117302742183,-0.0456622136721656,3,London
0.9051901467467665,0.846368957621888,8,London
0.1674874382672058,-0.3344996878645399,6,London
0.2930554807250561,-0.1498304937536482,7,London
0.0551116066723882,-0.0368110034167791,6,London
-0.2903165064853589,0.3689601893549676,5,London
-0.1046479480800098,0.3092558777980732,5,London
0.1116729225566156,0.5602020845936003,6,London
0.6381550610951239,0.7935677480645859,8,London
-1.102981889032643,-1.5465350627051122,2,London
-0.5280261868605985,0.0562290000249299,4,London
-1.1128130516552113,-0.203374124481819,2,London
-0.6430950401693571,0.4888257910992934,4,London
-0.1373683965133792,1.2850561862027874,5,London
-0.2109796116548186,-2.11523701123331,5,London
-0.638851765604792,0.5272457165667095,4,London
-0.8323106253289966,0.113922330274599,3,London
-0.8155967796499923,0.0415886059535196,3,London
-0.7000595271725473,0.1677742674847287,3,London
-0.6100261860864237,-0.1827423885692178,4,London
-0.887478800888141,-0.7281310648795074,3,London
-1.2685898544832308,-0.077690308553413,2,London
-0.6870710660608357,-0.0200371476466332,3,London
-1.1111803926930826,-0.8454353485092312,2,London
-0.5019544061186522,0.2308418275999303,4,London
1.5759899195908749,0.934436947652196,10,London
0.6638575871966338,0.651177919250527,8,London
0.686248037869364,-0.4607637799608652,8,London
0.5039927958129269,-0.4461563511133319,7,London
1.0587469460186087,-0.1597945732175288,9,London
1.4986904533251064,-0.6125881252980959,10,London
0.6205051294187681,-0.8745518061199119,8,London
0.3567854911677658,-0.0942744010114353,7,London
0.7393058200008994,-0.3349433184786163,8,London
0.7985406918222449,0.1743695062686206,8,London
0.821414627308334,-0.4505905065676573,8,London
0.8827888800730812,-0.1196310189964472,8,London
1.1991580055825437,0.5517721838522182,9,London
0.9169730742152516,-1.2832767127210147,8,London
1.253730116655866,0.4562334492646599,9,London
0.704355812509554,-0.4074196630258301,8,London
-0.0918931923973606,-0.933584088556244,5,London
0.7820918792708061,-0.6502497475211976,8,London
-0.4978997298698194,-0.0900984188107817,4,London
1.0518743813656763,0.5111658002335152,9,London
1.199088793235993,-0.3198968480401263,9,London
-1.20472767906108,-0.3445274050956642,2,London
-0.9980801341337896,-0.7547049306473882,2,London
-1.1423523111974403,-0.2392380694750699,2,London
-0.7568096467573441,0.391975694035977,3,London
-1.278426449760887,-0.0628443747981134,2,London
-0.5105281194305932,1.2260974124624813,4,London
-0.9279690578258484,-0.1994457892128283,2,London
0.358151216462618,-0.4233437264919588,7,London
-0.208517026667217,0.2515344360099721,5,London
-0.1842219293585014,0.1380876431998081,5,London
0.7700345112248524,0.586379779453762,8,London
0.6235573487624011,0.5025716996304979,8,London
0.0429835084714235,-0.0827188357599858,6,London
-0.360250977163295,0.8230708537105552,5,London
0.5647279501871069,-0.2141826541924016,7,London
-1.4492035255892706,-1.6171015039455023,1,London
-1.3005635195074294,-0.2746718202367925,1,London
-0.7100949613128501,-0.0719914764840752,3,London
-0.5865401449718499,0.8057216569512264,4,London
-1.018666191287407,-1.076870011010674,2,London
-1.180075641091388,-0.8662544897174914,2,London
-0.6130347802554541,0.3214676373568106,4,London
-0.6987279433250103,-1.1014645295394432,3,London
-0.9618613004152392,-0.0554214736783929,2,London
0.0460342172851256,0.4075983812836634,6,London
-0.0855920712138149,1.2989914336117836,5,London
0.092443359790665,-0.0878258498929614,6,London
0.0651232531667567,-0.2927147218578894,6,London
0.6219256689195807,-1.5337833682045534,8,London
0.8180022834831056,-1.9933609336396103,8,London
1.2433025722926316,0.4425567639606045,9,London
0.5660282050436568,-1.308213033133878,7,London
1.0836262113933557,-1.664337099877202,9,London
0.9737388216248188,-0.0899947630793154,9,London
1.1183550715125283,-0.1704891320205446,9,London
-1.0292097988724007,0.1471484603539109,2,London
-0.6985444493616771,-0.0554756580561937,3,London
-0.5379055751254966,-0.0532038050952291,4,London
-0.5475548538962152,0.1427226707351644,4,London
0.2455752722776776,0.2009373468727212,6,London
0.529896135944973,-0.1483054238478759,7,London
0.1540778311859199,0.2553931453520089,6,London
0.5991442664957083,-0.3565886416882726,7,London
-1.274251122197512,-1.486557162623631,2,London
-1.2068103452173582,-1.3674253771123517,2,London
-0.9786580515340872,0.0718343156903843,2,London
-1.0904127414287017,-3.2256993247568677,2,London
-1.4414154062664524,-0.776333546314675,1,London
-1.1372859707994538,-0.6575317755272043,2,London
-1.247784713279525,-0.1225402451386396,2,London
-0.6039371540696803,0.1038739699332682,4,London
-1.0404149001003855,0.3714712866899406,2,London
-0.8688848676967221,-0.7816373997988383,3,London
-1.195785941846489,0.8491402983259784,2,London
-0.9447004143713584,0.1407531617028816,2,London
-0.2667544893511692,-0.0653240668771408,5,London
-1.281258745986359,0.1353716904582603,2,London
-0.4484138181756248,0.3122974882463898,4,London
-0.7993804653379948,-3.7871439089949823,3,London
-0.6570604043362244,0.4923681607413414,4,London
-0.0844500496713769,-0.1339675194138961,5,London
-1.2797327799018978,-1.5308669191919368,2,London
-0.7723405901048194,-0.2277617683090709,3,London
-0.9083111193766482,0.0398262069421065,3,London
-0.1612300747931086,0.7630787578755956,5,London
-1.2528090407126666,-0.4932683126482089,2,London
0.0203920991739629,0.4049931916442795,6,London
-1.4716873489267952,-1.722705552242565,1,London
-0.3528552095478203,0.6758823083901188,5,London
-0.0604690076367334,0.2609718230485515,5,London
-0.0770825395263412,0.3454407474010055,5,London
0.6577800601049617,0.1203370482069152,8,London
0.9517044276008628,-1.0485859658004504,8,London
0.4971011911908649,-0.879848535593532,7,London
0.6988070089473624,-1.235766045490285,8,London
0.7892726616094264,-0.8309795890987532,8,London
1.1874107930939968,-0.2545779420773914,9,London
0.6544976585247405,-1.396222085282919,8,London
1.601793638655308,0.540077919421509,10,London
-0.6844508276589167,0.1796680134630127,3,London
-0.6957557138145655,-0.2359021263831667,3,London
-0.1789877967691738,-0.770468413072589,5,London
-0.2441780561624416,0.3288071822729441,5,London
-0.7952700999258816,0.3739784135637728,3,London
-0.4851234297176698,0.5262015809925421,4,London
0.9186098129019884,-0.2036213134350332,8,London
1.100157684942308,-0.9867399897180108,9,London
1.5019117518445362,-1.2582897884667053,10,London
1.6271220426796795,-2.066951983615985,10,London
1.7710162538771483,0.5643878165385232,10,London
0.6806555961426628,-1.1334393817647264,8,London
1.714357709254887,0.2850310716339222,10,London
-0.8914798980995856,-0.8228085131690208,3,London
0.5430983678115915,0.4930761832145429,7,London
-1.282066826740427,-0.6429297529884506,2,London
-0.3839714907818899,-0.9255222854972288,4,London
-0.6228886030755085,0.0243278616364923,4,London
-0.9423694350476158,-1.163428736031323,2,London
-0.0498406792764268,-0.3018119389079111,6,London
0.5428097972293862,-0.2464509455531738,7,London
0.0805267755073913,0.0219550500525461,6,London
0.9118577356636056,-0.0633772219457485,8,London
-0.0406705376926655,-0.5858561107213329,6,London
-0.2732839918896685,-0.7032675883103287,5,London
0.4327317131841911,-0.641179406616156,7,London
0.4361371327361114,-0.386130002245866,7,London
1.0857007501089255,-1.5138392178708813,9,London
0.1335252470460872,0.4983523483635425,6,London
1.4073540883288105,-0.0287235688834527,10,London
0.0260511984590878,0.0820857532388982,6,London
-0.5265163579050709,0.3832926511452478,4,London
-0.7309280560282748,-0.5791005377502028,3,London
-0.7155078920616119,-0.8806911212064595,3,London
-1.0749511434751102,0.8914272297173438,2,London
-1.07860192797806,0.8670519431906335,2,London
-0.3127005205961905,1.052134884956429,5,London
-0.628604925188533,-0.2417853051839745,4,London
0.9352562678790184,0.3880315130582662,8,London
-0.1759343404029239,0.1788549341088278,5,London
1.362771648324995,0.1856687981735897,9,London
1.0444317771562068,0.1406988585572033,9,London
-0.0634784024944055,-0.3756677917835445,5,London
1.8857965980355351,0.0495047315825528,10,London
0.5868799510838127,-0.7504528112802819,7,London
1.0299765646390322,-0.0138950238766068,9,London
1.0315876062058038,-0.2876649586609855,9,London
0.2626360811518172,0.2427384031720183,6,London
0.8571053193854042,-0.8623631912940387,8,London
0.8688253258157685,-0.668292201935753,8,London
0.5753284487199486,0.5211123822935387,7,London
1.2047748677735732,-0.5147230700351699,9,London
0.1278572877762317,-0.2471289891652669,6,London
0.2365095504726978,0.5921871402743892,6,London
0.505849385421047,-1.0251153317650243,7,London
0.9418165303537874,0.6797209629687552,8,London
0.7227302826633523,-1.415364555584523,8,London
0.8964453187844696,0.1835960856265659,8,London
1.2572736966316644,0.76098642332416,9,London
0.8423611098746457,-0.9573215142744982,8,London
-0.691398887082734,-0.9077065112864416,3,London
0.5632305151807606,0.1271267695288075,7,London
-0.1371842816901718,0.4463991149111231,5,London
-0.6233656661052907,1.0788904102786736,4,London
-1.1860379582062597,0.3983263167356883,2,London
-0.7154798818257796,-0.5264719726159256,3,London
-1.5140529639509746,-1.2114795185301124,1,London
0.6206729970379731,1.8885566555645488,8,London
-1.3464492317980892,-1.530272741653352,1,London
-1.4146467165150751,-1.0028395269242651,1,London
-1.1941523435299142,-1.2877855835805612,2,London
-0.372799105584891,0.3379678716472408,5,London
-1.1386605570377264,-0.3438999213861011,2,London
-0.9757007432403266,-1.2783270409854322,2,London
-1.0989027863661696,-1.1047270937778235,2,London
-0.0961053634768255,0.8235973178978749,5,London
-1.3317322590816387,-0.6761294168817358,1,London
-1.568134447211597,-0.2310457928305373,1,London
0.8523299016927265,-1.0233330941446974,8,London
1.2670398144263373,-0.9013230259756542,9,London
1.1550081543976445,-1.2933673338963094,9,London
0.7147859357877969,-1.5088146026891915,8,London
1.1639705320136895,-0.1321976216589852,9,London
1.7817788178730525,0.6492925208078436,10,London
1.0471295887401773,0.5958080435346788,9,London
0.9491178986212816,-0.5948655752686152,8,London
0.4949670458123854,-0.2290722663858186,7,London
0.94002913293546,-0.2453556308336731,8,London
0.8367163061455576,-0.0122955584788427,8,London
0.3222663751357824,-0.7349633412796805,7,London
1.1209547777133042,0.0437174695991918,9,London
0.5516542767134459,-0.9355469280125192,7,London
0.5769842424952057,0.0064910636188314,7,London
0.5177660621107514,0.518607626934243,7,London
0.8541285718616356,-0.5626448928449018,8,London
-0.1988320995025998,0.304374359456475,5,London
-0.4339043064709528,0.0283495165428045,4,London
0.604193093067763,0.2480874280826417,7,London
1.5232102110760866,0.4579027110599595,10,London
1.0092350186693266,-0.7183238266909633,9,London
1.589844284920554,1.7414341992310147,10,London
0.1713848350725072,0.3093674767553212,6,London
0.8670029903659526,1.047257765962926,8,London
-0.2062833503275006,0.1011406100739353,5,London
0.9869079804479834,0.4124660313380416,9,London
0.3715156843309853,0.3819627463900698,7,London
0.33559387641947,0.0528082451927737,7,London
0.2985226652326249,0.3165219886592933,7,London
-0.1254047268940556,0.2834024659186659,5,London
1.5745542566254336,-0.0202139405539897,10,London
0.1398099847394914,0.7116059759621473,6,London
-0.6617860185479897,0.1716594603445696,3,London
0.3250492811627782,-1.0456631001378018,7,London
0.6212904025394409,-0.4177022097033893,8,London
0.7584808219759661,-0.2101401269819899,8,London
0.6916145431485022,-1.0140761868104788,8,London
0.699278052809286,-1.589359681703725,8,London
1.1550883979766795,-0.6383077658095743,9,London
1.0859519180356485,-1.3797841035300475,9,London
0.5554732699384473,-1.3575902398945563,7,London
0.3850835967596703,-0.3947657037339655,7,London
1.3426498655775103,0.7075886514896735,9,London
0.4873666057246252,-0.366163898744307,7,London
0.4519540787417516,1.3440254404335212,7,London
0.4656768220549336,-0.1988163178519055,7,London
0.8503239460014329,-1.4437569653393814,8,London
0.7392902418673197,-1.2284424579895925,8,London
1.6368040257931622,0.4701757314534885,10,London
1.600389977448518,1.1398789697918148,10,London
0.6485254715825117,-1.640759437941778,8,London
0.485665285368463,-0.6515779797536716,7,London
1.5202212331263574,-0.0355793890697639,10,London
1.3147222754033674,-0.166299112762802,9,London
0.1510759567345002,-1.1850987117090692,6,London
0.2016285420795898,-1.1978703108909718,6,London
0.8916387724032148,0.3507995300429583,8,London
0.5226324352046751,0.056906603783083,7,London
0.8210129926782458,-0.555261195289898,8,London
1.5035795893176414,0.4393814756593922,10,London
0.7925423227966055,-1.8009342837738838,8,London
0.7993471564318727,-0.7139980591064896,8,London
0.5692836194732979,-2.052005562018899,7,London
0.658971674085991,-0.3344099671934806,8,London
0.5288909235266221,-0.761855836931381,7,London
-0.1417781419949546,-0.4981341673879854,5,London
-0.2197596992587908,0.4156756590131129,5,London
-0.1223800021468462,0.7168619469580761,5,London
-0.6325054127316931,-0.4520369833482363,4,London
-0.6026227889174396,0.7262793098443567,4,London
-1.093540996032002,0.0256564017531655,2,London
-0.5595643826925308,0.2078351570834322,4,London
0.960636866419314,-0.0154017371489714,8,London
0.8795003379681438,-1.4140721875518023,8,London
0.7144266153639625,-1.6742540060261617,8,London
1.4343878790880515,0.513674533249563,10,London
1.1561655671237248,0.431278737090728,9,London
0.5920345742816842,0.0037117022603788,7,London
-0.2636667276728884,0.7536499036536263,5,London
-0.4145263537201718,0.7167126975457153,4,London
0.8353754478554685,-0.5822504898031859,8,London
-0.4972747511727247,-0.6354529344697787,4,London
-0.3884182893169516,-0.110488016540439,4,London
0.582078649867936,-0.4550853806392048,7,London
2.4202084586784203,1.2598610807018027,10,London
-0.7306775888120144,-1.546500541908606,3,London
-0.9989063927410572,0.3542458584303695,2,London
-0.5734678394901853,-2.003146903820268,4,London
-0.4142596544987003,0.2233596890663681,4,London
-0.4779862294521325,-1.7541721632685403,4,London
-0.4635363271005244,-0.8237864691281134,4,London
-0.3496289912466566,-0.5853470150471333,5,London
0.2032277168349706,0.3703681766958557,6,London
-0.2631510985613445,-0.058756450053739,5,London
1.154211304126442,0.8853979941326406,9,London
-1.0733190886229442,0.123951550455811,2,London
-0.3404822350855524,2.149886434620937,5,London
-1.0186948309270327,-1.5188649301701866,2,London
-0.5376744753791753,-1.2102575714487895,4,London
-0.6799144583290857,-0.3306579776940495,3,London
-0.487948075477996,-0.3288211218889592,4,London
1.6787506171115414,1.339519814883507,10,London
-0.0301651331160656,0.045283805031079,6,London
-0.6285481599073742,0.4716446809641773,4,London
1.3094246737609392,1.067168727141467,9,London
-0.8597234817135775,-0.3763452459966726,3,London
-0.3183485093786219,-0.0232693868520568,5,London
-1.1302165185448565,-0.9777782527424522,2,London
1.2148599436976102,-0.0623728864893191,9,London
0.98307810372398,1.3844125820316056,9,London
0.2699792453242295,0.5185211576093043,6,London
0.2327732453525743,1.000697717219786,6,London
0.5105232842863273,0.3574307991483833,7,London
0.4672869500355994,0.6915199307457044,7,London
0.6153226313494073,0.9748236944889856,8,London
0.979204293367912,0.2752421968203769,9,London
1.1095747314108175,1.9567863946000368,9,London
0.3177214509985423,0.0832384044706169,7,London
0.0141917249127229,0.0146350349870802,6,London
1.6324788452244032,0.714252477256992,10,London
-0.9446149327078014,0.0458825990211711,2,London
1.5625233569342467,0.8502495228220166,10,London
0.9554854274901168,0.8646639764199079,8,London
-0.3217271669503231,-0.046329464568712,5,London
-0.9408582503240912,0.3696034977769225,2,London
-0.8775985660638708,0.4120198428622983,3,London
1.2362499562924112,1.1484565118425267,9,London
-0.2230325207963353,0.4962385739592672,5,London
0.4890591043429023,1.1916918448764109,7,London
1.0304139944663355,2.181916066118848,9,London
-0.4423167593028483,-0.9605443911024188,4,London
1.263935787181214,0.4416621858138449,9,London
0.4052707732436119,1.0605804971618311,7,London
-0.4475987421570374,1.1678616025650417,4,London
1.251355893625615,1.1022497382664804,9,London
0.2820449717112123,-0.5915070747031821,7,London
0.3847969683768646,1.036071176747951,7,London
1.6355151035241735,1.2407809155426257,10,London
-0.9352275621652172,0.4354346145492824,2,London
1.4155934133986126,0.8849784241462967,10,London
0.1432578383703418,0.8053044768784464,6,London
2.112474447606296,1.1317966571797058,10,London
1.304389856776781,0.5483762621198499,9,London
-0.4085743487988062,0.4600489732587705,4,London
-1.045630726437031,0.1449621526744892,2,London
-1.3612379201506413,0.3726727870405366,1,London
1.059621521378305,0.9442653115518232,9,London
-1.0673183891800164,0.1494332167813275,2,London
-0.7933539657786879,0.3864430342497627,3,London
-0.8225238005964771,0.5355272288414195,3,London
-1.1846264730171987,0.2634996707649824,2,London
-1.103616620245412,0.0067198731123285,2,London
0.708988682540851,0.7647207062164543,8,London
-0.2381002087403859,0.3644955636224786,5,London
1.2606884749289986,-0.5445350823751883,9,London
-0.3730622001464594,0.1044835043335762,5,London
0.629262268907277,0.3168866486533334,8,London
-0.6473840219912192,-0.4463161523016735,4,London
1.0779366815912876,1.4155852160587707,9,London
-0.5086057241520268,0.0426349582377526,4,London
0.066608595296353,0.7198208157579589,6,London
1.2649558229460085,1.3770000637007438,9,London
-0.339457343274149,0.1916012196397463,5,London
0.9924758216052736,0.9007983208178052,9,London
-0.3890148021019055,1.6868127137755289,4,London
0.7001271662084487,1.22135284186728,8,London
0.8425741617675265,0.1302791706030805,8,London
1.261459882176057,0.2318559549831578,9,London
1.0337466539844125,0.9607893559051708,9,London
0.8418760168532353,0.0196771077079592,8,London
0.133177077268971,0.5551175925595018,6,London
-0.3269154014532487,0.5727222305652233,5,London
-0.169093297771528,0.7086351127004478,5,London
-0.0429952725652987,-0.1767603352324571,6,London
-0.0774074744259749,0.3229914683250492,5,London
1.595113562448114,1.3092862306177415,10,London
-0.0967298109825886,0.7575090845014316,5,London
-0.73103053206919,0.7061222541465834,3,London
-0.0201474263702123,0.5821783083987926,6,London
-0.3002349370462355,0.5057507061984989,5,London
1.476575850758398,0.6682079179031114,10,London
-0.6675574824676584,0.9225656486769834,3,London
-0.0352177303296507,0.3905827246340709,6,London
0.4183920337286438,0.8558377672436543,7,London
1.285288578551666,0.7334285337183177,9,London
1.2660415181325606,0.8656691120589713,9,London
0.8813790970955924,0.8036985837803139,8,London
-0.7843961698561097,-0.2995421123859292,3,London
0.6269145441574946,1.1417994537745857,8,London
0.5688589352759781,-1.2860134277346893,7,London
-0.8906743810061594,1.787138889184405,3,London
-1.1625893703366112,0.2720503025204523,2,London
1.337396580703415,-0.9046169793623716,9,London
-0.8085808317945145,0.6461714765737484,3,London
-0.9765508362194354,-0.7854372032231538,2,London
0.5234756411235938,0.2616560485798176,7,London
-0.7247184776893533,-0.033804460800382,3,London
-0.267694834416895,0.0232887782576416,5,London
0.1770859531468408,0.8623007750814843,6,London
0.5190058218387437,1.0495562714581046,7,London
-1.2047930606873731,0.1696424161665596,2,London
0.8297754819158428,1.2319503732281014,8,London
0.724392770960244,0.7888006619291513,8,London
-0.9973007783201762,0.3451936582593203,2,London
-0.5008873190846322,-0.8245597846206664,4,London
0.7235889894148626,1.0931625629767918,8,London
-0.6279400451114407,1.072314427534378,4,London
-0.5605831593208602,0.4984938548097574,4,London
0.8438788438922927,0.6933715655460629,8,London
-0.1760006211213754,0.9264211941302392,5,London
0.0646577038358496,0.0544495406875929,6,London
0.5209054650655687,0.4317491731008954,7,London
0.6012622786358078,1.240461689282302,7,London
-0.4883996254373758,0.0616121837688741,4,London
-1.445697807070404,-0.8199406159003365,1,London
0.5095230886048235,-0.9536048221216936,7,London
-0.3308950639757725,-0.5547191023810292,5,London
-0.7109080452371888,0.1928872556128406,3,London
-0.8669740796056792,-2.8278747213281163,3,London
-0.576272530843771,-2.386744147843906,4,London
-0.8737588903876172,-4.021477396696082,3,London
-0.898635643117731,-2.7730423984826853,3,London
0.8748651720479973,0.5466150081261385,8,London
-1.0581649894439116,-1.4136856290227415,2,London
-0.6818804561928901,-5.479692089959437,3,London
-0.8315864807685318,-1.715426821106064,3,London
-1.3653211588865026,-2.1633472972579497,1,London
-0.8281385861946247,-0.7158710006356951,3,London
0.5555089162881044,0.294504749856597,7,London
1.0618560298501374,0.4257540533289222,9,London
0.7147609157727861,-0.0379323594686204,8,London
0.3140656309587891,-0.125689938094555,7,London
-0.89982219462841,-0.0302856402095379,3,London
-0.6199635527554871,-1.0959740259826969,4,London
-0.937640111150426,-0.500945733693514,2,London
-0.9886015308706504,-0.3423448043216819,2,London
-1.2115040161947657,-1.2401026001799649,2,London
0.4812164933034842,-0.9449010376204886,7,London
1.0844528633159278,0.7263928311612616,9,London
-0.0039232074473697,1.0122651373514833,6,London
2.374241337441895,1.6357199754972331,10,London
1.716000643867419,0.8140598251583365,10,London
-0.3967247120013514,-2.905329588869861,4,London
0.0420880955238926,-0.6271472044741635,6,London
0.558310933200124,0.9567815995945036,7,London
-0.4563387691923407,0.3846680860925731,4,London
0.002233832044001,0.0510437725805236,6,London
-0.4636334582681046,-0.1416216170227595,4,London
-0.0249101448929238,-0.5174783112809521,6,London
1.3919346560293766,0.8317875696277769,10,London
1.5457715559759986,0.8975084545747802,10,London
0.7838790238589851,1.4608875688247045,8,London
1.5454825989532484,0.4141208389362459,10,London
1.6401178663698002,0.58429618299004,10,London
0.8944001574083059,0.6153932703436464,8,London
1.771569234308068,0.6241405490792125,10,London
0.7066544099314115,1.928795643043503,8,London
-0.8432298329957412,-2.497561870074932,3,London
-1.202700504008308,-1.3148071912555406,2,London
-0.1012105597705621,-2.045538955844309,5,London
1.2278518474664424,2.2257283745550533,9,London
-0.8285172000108892,-3.724446227436221,3,London
-0.9845679768737996,-2.8067580942363275,2,London
-0.969129883991616,-5.797255204366058,2,London
0.1882811405498588,-1.7013911183251258,6,London
0.0734278465805953,-0.5744368084564972,6,London
-1.5385276011959552,-4.821887487491265,1,London
-0.1135624077639784,-0.4586526020911969,5,London
1.6775010191402542,0.9319540846503432,10,London
-1.367569155749843,-2.215066579140679,1,London
1.2523107650417813,0.1155480907784409,9,London
-0.2926134955029787,-1.894741856632335,5,London
-0.4566412467008555,-0.68292877559127,4,London
-0.9141113947603504,-3.5491027929722105,3,London
-0.1340257169354005,-1.3710679401155894,5,London
1.4010694710789724,0.2331079456426439,10,London
0.3975575490534398,0.8300174124288655,7,London
1.6978766319365175,0.4598596956614242,10,London
2.143198423714643,0.4649240104625504,10,London
1.5511259307779024,0.6286454577310021,10,London
-0.341120993438575,-2.21948622694987,5,London
-0.9885315583922138,-2.259585433788537,2,London
-0.0159262948090312,-1.0998527002942502,6,London
-0.7506139895552504,-0.5417370609710377,3,London
-0.9435192734015572,-2.7315801876439822,2,London
-0.767558699431236,-0.9300240181146702,3,London
-0.3912586802177678,-0.650513454250081,4,London
-0.1456898605579593,-3.29001676374727,5,London
-1.2034008725119176,-4.883233779835369,2,London
-0.6480221914239632,-3.3651727671380907,4,London
-0.8421235650666584,-0.3941701285598269,3,London
-0.2041929410131736,0.5384823627046633,5,London
-0.3602690178716043,0.0817078689667177,5,London
-1.0687245259340474,0.2408992356187091,2,London
-0.464687265189341,0.8789643319536142,4,London
-0.5052484823155025,-1.1067028307985367,4,London
0.3220204476027933,-0.756319060295149,7,London
-1.3761227308478952,-2.875338820349316,1,London
0.1697633681041674,-0.855768126677635,6,London
-0.5186757031573211,-0.5442077323876511,4,London
-1.3368284975349785,-3.5521418850163715,1,London
2.3140996020452382,0.8797841168413091,10,London
1.8394994421894848,0.6327084292603453,10,London
1.0923758173783935,-0.5601770472068026,9,London
2.469890939651767,1.624957071133592,10,London
0.2111811344972922,-0.8282126970768747,6,London
0.1594475980983644,0.0221302910881945,6,London
-0.0969258384889853,-2.652159110163318,5,London
-1.3055885971447747,-2.879362767245428,1,London
-0.3499037917909623,-0.4793649559700901,5,London
-0.4228866087865982,-2.9168959127021616,4,London
-0.7245698363547214,-1.622502598594605,3,London
-0.7100106695773208,-0.1971952778871507,3,London
-1.044314884167725,-0.5552423739938926,2,London
-1.43537068560527,-0.2459473671205677,1,London
-0.6876430727878168,0.6122946807398345,3,London
0.1286056600529525,0.3386547472291217,6,London
-1.5551364322509194,-0.3933803083969164,1,London
-0.4828212518265824,0.9532383948978156,4,London
-1.1770432417160035,-0.0834283069622978,2,London
0.982638519132322,0.7605764643941677,9,London
-1.6135776437276033,-0.9236119622144048,1,London
-1.243762803135673,0.7982148974008109,2,London
-1.546813251065892,-0.2399842041803773,1,London
-0.623513602846622,0.3966429073922276,4,London
-0.1987555492962826,0.1920178541632242,5,London
-1.360888298208238,-0.1118412811721589,1,London
-0.8852002367364812,0.3809081075337271,3,London
-1.4555680393772616,-0.4867846748342575,1,London
0.9364329343056862,0.728262009053687,8,London
-0.4627391305280469,0.3352652053313237,4,London
-1.808098433341464,0.0265798691158225,1,London
-1.2595944075791603,0.4770570552966104,2,London
-1.9265446307862908,-0.2186255911625162,1,London
-1.7107862269069665,0.6886239624755346,1,London
-0.3632050462428579,-0.2353493968883127,5,London
-0.0439826327967949,0.7172336666036647,6,London
-0.6099775531842642,0.0063403325119628,4,London
-0.6413014872162076,0.2003261529776639,4,London
-0.1810521703573931,0.4925266021387159,5,London
-0.6959246603111388,1.540300592512547,3,London
-1.090506672273174,0.6496259382863505,2,London
-1.164242253344546,1.244210603303407,2,London
-1.0046626423139855,0.3915427087849784,2,London
-0.3875030622960861,0.1303657432366058,4,London
-0.861146612232742,-0.1231141600462747,3,London
-0.0922227780263251,0.6756495375184629,5,London
-1.548357223580665,-1.505889432787088,1,London
-1.221244113949281,-7.004869721358757,2,London
-1.0424588615833312,-3.461240215369397,2,London
-0.2109682386040156,0.0094367367374473,5,London
-0.5808096245038292,-1.3888015348892249,4,London
-0.4207951098460301,-3.414983320591641,4,London
0.1474928746503075,-0.7624130253849075,6,London
-1.6803579608964143,0.2994347347329502,1,London
-1.758987729259132,-2.992992413308125,1,London
-1.4349931291133735,-0.9631541005872056,1,London
-1.601619742467947,-1.2188714762949655,1,London
-0.2261820301896498,-0.2482361470700056,5,London
-0.5470036684318648,-0.0374951638737254,4,London
0.3595068211104803,0.1861274519047468,7,London
-0.2329273400211364,-0.0178305332135107,5,London
-1.078891754876633,0.6280438486428174,2,London
-1.512390405955918,1.5273194772408285,1,London
-0.435939156188403,0.5268637099282216,4,London
2.083289522998563,0.5170114509958909,10,London
0.1460822802627833,-0.1759642214110918,6,London
-0.9929637898582842,0.3717461362670273,2,London
-0.1717298848729478,0.2772303715961359,5,London
0.7044667974639706,1.2107957037765014,8,London
-0.5293856529900381,-0.4656843298308321,4,London
-0.5355465356835328,-0.491993198560253,4,London
-1.1143335579118423,0.2421714023099241,2,London
0.3401622274736706,0.5627725691787566,7,London
-1.1320344056753084,-0.18094565895075,2,London
-0.7834619895499954,-0.2716293307744888,3,London
-0.9934963407842142,-0.1383897466185482,2,London
-0.8167548222500923,-1.244022659060016,3,London
-0.4806397242366328,-0.4919050180847735,4,London
-1.4080752371091745,-0.4147420664951289,1,London
0.0195427679029423,-0.0800367556103756,6,London
-0.4749915556758426,-0.4732601612395513,4,London
-0.4060851835752694,-0.6643740168901603,4,London
-0.5957803865619085,0.4335851911419928,4,London
-0.7571783933166003,-0.0542302654369094,3,London
-1.8732873241790324,0.5833159841612786,1,London
-1.4255123783682413,0.6091869494807005,1,London
-1.6013725858281511,0.6650631198303399,1,London
-0.2124691899920385,0.0830925735016248,5,London
-1.044980514315886,1.0900913140654356,2,London
-1.08815909184098,-0.6408449477940167,2,London
-1.5203155523729035,-1.0376748864780034,1,London
-1.280611952806647,-0.2814879487383045,2,London
-1.70745279772297,-0.3977604367052579,1,London
-0.7264431739273014,0.4544803201887802,3,London
-0.8529607576449932,0.3337830478329548,3,London
-0.4539591819630722,0.2488595247860768,4,London
-0.7404886928799299,0.1579321685957168,3,London
-0.4127175184287819,0.4573787452284812,4,London
-0.1830426447553222,-0.8953897237175612,5,London
-0.8160423589498786,-0.3446975725739883,3,London
-0.9563404302725416,-0.3104110291363333,2,London
-1.103779844640015,0.5661166830949352,2,London
-1.5705617086473131,-0.4519127339954557,1,London
-1.8203251981972035,-0.2858164741568556,1,London
-1.1542927090897408,0.6469173417957966,2,London
-1.701559470876183,-1.2726175999620424,1,London
-1.263377851058655,-0.6208620921164418,2,London
0.0009019339569028,-1.419931350165371,6,London
0.7589308078717744,1.7729565267922167,8,London
0.7297533620206369,0.7174097827304708,8,London
0.5466615093123637,1.0334076466044713,7,London
0.4710546830889972,1.8217113582955904,7,London
-0.943102732073392,0.8298796116691654,2,London
-1.362577358182515,0.2370193488653913,1,London
-0.6739130734196187,0.4178788621716372,3,London
1.4336801100809666,1.0002196513112902,10,London
-0.7575183918666374,0.5186314018985703,3,London
-0.4557526485094254,-0.4765926932999691,4,London
0.5100120877419626,1.3698037177471127,7,London
-0.303463915513003,0.5216055947233621,5,London
-1.4375073081627914,0.0623661892444005,1,London
-2.2134072902495245,-1.2055753321418632,1,London
-1.2008869627680885,-1.2901761757969028,2,London
-0.9990242413231448,0.5664009618526985,2,London
-1.6781246793106217,-0.6273236734777613,1,London
-0.4028855797130589,0.4866224181280146,4,London
0.1119372613384988,0.5379356736751089,6,London
-1.1582212501738285,-0.913484783956996,2,London
-0.4887909496902718,0.0788797606051468,4,London
-0.8492134951763118,0.6913265328430045,3,London
-0.5408090908203511,0.0928096708780608,4,London
0.7146540503042688,0.6646633673058832,8,London
-1.4260730276503242,-0.0657529720400907,1,London
-1.6943451170770694,0.0758261247031674,1,London
-0.944997563428543,-0.2452490241308571,2,London
0.4849779881173099,0.9627683859409384,7,London
-0.0860283596753706,1.2093979086701845,5,London
-0.6860355358527772,0.4791695414517365,3,London
1.2304090461266508,1.415212011761117,9,London
2.001842263519645,0.5426368544420654,10,London
1.205301428775017,0.723521044614326,9,London
0.4024718970274337,0.6924960026705186,7,London
1.5118312960960627,0.4657191272895197,10,London
0.8113665306680716,0.5992667163336534,8,London
-0.4811745604772075,0.881671849765345,4,London
0.0824205345343581,0.4455056143412309,6,London
1.2679128417075782,0.4603883138249463,9,London
-1.0596784814793176,0.1800611660894816,2,London
-1.3680900346369618,0.7308654492983,1,London
-0.1135923620658334,0.9126554874771928,5,London
-0.5600183533671786,0.5400270118339603,4,London
0.4993899991491382,0.6857811734447932,7,London
-0.6949534986194447,1.0238828660690786,3,London
0.9223172365447008,1.1093783122818996,8,London
0.5972902719695738,1.138877672252922,7,London
0.4806838114335818,0.5410654980670637,7,London
-0.8601147242920075,0.7113199223348563,3,London
0.8510818388562141,0.4525358340432783,8,London
-1.491066690834694,0.5727942160610691,1,London
0.9333416909465768,0.7356138643326183,8,London
0.7159040294170206,1.5796290173453218,8,London
-0.7617029998049286,-0.0363827331935427,3,London
-0.0407882101443456,1.380690090552676,6,London
0.2112189026189158,-0.5112057457924254,6,London
1.1742544740186935,1.0626649721075356,9,London
-1.362076856299092,0.642795873816653,1,London
-1.0130230116179368,-0.1759325273136856,2,London
0.304559328193721,0.6816956939798956,7,London
-0.9693398058583768,0.8035478961505806,2,London
1.3174723113259763,0.3563572842175094,9,London
-0.2069668794076389,0.9366501597276352,5,London
-0.4530049885499111,0.6743715424614052,4,London
-1.3934746194578158,-0.7368359420432605,1,London
0.0013512206780798,0.7745563902222199,6,London
-0.7434877351802456,0.1700309601985872,3,London
0.2966033627274721,0.2023592766307009,7,London
0.3405322393835097,0.6889770498426424,7,London
-0.4282993300707725,0.5551886424710694,4,London
-0.9018591944142952,0.4465574179035257,3,London
-0.550703611960763,0.2917248032907376,4,London
0.6178854212511757,1.3701343940777626,8,London
1.4419949598970492,1.1618765916557316,10,London
-0.0194234632993726,0.600102618027855,6,London
0.6630109089163495,0.4161521219089217,8,London
-0.8210210180881299,-0.209928256956151,3,London
-0.1155919477174286,0.6458744990062223,5,London
0.7275256020441369,1.3524715809907206,8,London
1.099159182011738,0.0724041795882874,9,London
-0.2043210586933674,0.3385763803467906,5,London
-1.260625644118024,-0.1516142963561873,2,London
-0.5846656831317453,0.0112010894819478,4,London
1.0111764297426158,0.9452990391179944,9,London
-0.2252323649188751,0.5664658148770121,5,London
-0.0550943326889579,0.6976158911296234,6,London
-1.172048283304249,0.3468573455938382,2,London
0.3217081624550366,0.7372491343938861,7,London
0.0403655275080135,0.6569225324034004,6,London
0.1444727030692948,0.6581268614120368,6,London
0.7230534161296877,0.8868964222493759,8,London
-0.0465948134463961,0.0898591506447697,6,London
-0.9291620933182112,0.4290857612169689,2,London
0.8955769952213735,1.1680960914157794,8,London
-0.6818846848955974,-0.0128740310825405,3,London
1.4855142235623813,0.5463987452826061,10,London
0.5977149816159671,-0.7130682402223795,7,London
-0.2458417460693554,0.231337813507328,5,London
-0.899013315536103,0.6134266850378998,3,London
-0.3526378536720203,0.590018506428665,5,London
-0.4943257885580214,-0.7349248146138363,4,London
-0.4030895534495999,0.24630535275351,4,London
-0.315601493164769,-0.178715246437921,5,London
-0.191353899946808,0.5572655269360808,5,London
0.6903800223024456,-0.2720331716970434,8,London
1.4057496262815004,2.0830089238106515,10,London
-0.1277600044938424,-0.6470871943990834,5,London
-0.7368564635786425,-0.6430270811033485,3,London
0.8346522101951848,0.12960587189342,8,London
1.2982719957829654,0.6051458277865971,9,London
0.4960818348727294,-0.0947257297596923,7,London
-0.0640202167284957,0.3314811380164712,5,London
0.96606336635496,0.7429308825506082,9,London
-0.0463269272160018,0.2128840891265656,6,London
-0.633780121034114,-0.2169387757508403,4,London
-1.053117074602708,0.0564053441967446,2,London
0.9764466345068538,0.4044179595406467,9,London
-0.5739166633266435,0.0539681677914401,4,London
-0.8151711419920699,0.4309927173677951,3,London
0.327769789983418,0.2469713341436776,7,London
0.0205674871131698,0.8763499961643529,6,London
0.7966695075172358,0.3867841938636973,8,London
-1.8081453661197844,0.8440386175581954,1,London
-0.2794737169754891,0.0184667572235863,5,London
-0.1314644953481029,-0.1074755626858345,5,London
0.0871215105657169,0.5244794678063196,6,London
-0.2900564079532349,0.301805335061385,5,London
0.7788874001727667,0.0118557823144999,8,London
-1.13783940358047,-0.7884741581659056,2,London
0.1741027227240053,0.2171757908495978,6,London
0.2661644066612417,0.0078760110620378,6,London
-0.1710884879166906,0.1612602059346606,5,London
-0.7828240107084955,0.5352779127179396,3,London
-0.766999493377824,-0.1796282450937996,3,London
0.3040153216857156,1.2449096008261875,7,London
0.7585840809851017,1.5383935280557055,8,London
-1.1848799735523088,0.4962721502001126,2,London
-1.0600269672549711,1.4681393897319903,2,London
0.2573823682554475,0.9627800987669792,6,London
-0.6997739794207422,0.4472756189926065,3,London
-0.9077081752072996,0.1491562876303864,3,London
-1.805209641718674,-0.0214253842588939,1,London
-1.9957248343815144,1.277012712921268,1,London
0.1291015705299117,0.4641181274103999,6,London
0.7954146727169006,1.4552599494553755,8,London
-1.1926394882741116,0.1068850179747326,2,London
1.0570603212609315,0.8984469340907305,9,London
-0.8247505355788572,-0.1218548509237177,3,London
0.0894731398430335,0.6921955252079803,6,London
-0.4976831577208847,0.0835826879486869,4,London
-0.3988082417696611,0.1889519380125336,4,London
-1.5092321728673124,-0.1227194373324161,1,London
1.2876435112625362,0.6778288545994385,9,London
-0.8104758919870443,0.7047187183839219,3,London
-1.516531998457165,0.2249361847974701,1,London
-0.7531343042501641,1.2884975143529829,3,London
0.3152955068351587,1.7197736510716162,7,London
-0.9792048940595935,0.2301614857811637,2,London
1.083896570468749,0.8589729814427237,9,London
0.9608316023756144,0.6988741764763453,9,London
0.8639717226605931,0.7383676244944878,8,London
-0.3114791511011444,1.0133521891533763,5,London
-1.1544744647510286,0.1902745033977372,2,London
1.1368388830062572,1.0323181709061933,9,London
-0.0985616128793427,-0.0027161958817275,5,London
0.6676616079197296,0.7668511211282663,8,London
0.1142802173211834,0.0378610895757426,6,London
1.1054292671359611,0.4147837549685458,9,London
1.0412634916195047,1.185740343556501,9,London
0.1400558592159253,0.6896736069519844,6,London
-0.8618122963590514,-0.0537946010458317,3,London
-0.108846242685407,0.5825546023354913,5,London
1.1201559129038996,0.1421083247763687,9,London
1.318449963606812,0.4518555127936249,9,London
1.0903449652676551,0.8045493457962964,9,London
0.6142478943834252,0.9328337095626262,8,London
1.4107884908226185,1.7338184202174869,10,London
0.2992156743153367,-0.05115185243799,7,London
1.0158960840378697,0.3635006891316971,9,London
-0.6159739135396104,0.6344170731657502,4,London
1.3409192480233816,-0.0744518758910253,9,London
1.3582198168593338,0.1676069293149749,9,London
-0.8121353878447519,0.6664093741496395,3,London
-1.232336538795053,-0.1515017209734233,2,London
-1.206763258562659,0.025422072919624,2,London
0.2729052388797837,0.630656784661624,6,London
-1.1819021814939787,0.1144474092518757,2,London
0.5786033269416627,1.3279593273436412,7,London
-0.3510069013039201,0.4116570357178428,5,London
0.4711025845028586,1.416797412369432,7,London
-1.102134449203188,0.0604213026828343,2,London
1.0435883745756285,-0.442288260958369,9,London
0.3650049590425659,1.1064272009349236,7,London
-0.6860861693152157,1.2508537195425369,3,London
-0.7806786045062881,0.6462206865420713,3,London
-0.517164103736368,0.2067730064019429,4,London
-0.9907524919912514,0.7316201929950301,2,London
-0.1559100386368232,0.9140145958732934,5,London
0.9307937038219896,-0.2313374217536682,8,London
-0.2692401587222233,0.0648957671325438,5,London
-0.2291282032205497,0.5702437224354866,5,London
-0.4607958318947717,0.3503783466731462,4,London
-0.2026086871637273,-0.017605814257181,5,London
0.1768286491468937,0.4934259338146511,6,London
0.3765760712647076,-0.1340954836133795,7,London
-0.2084174559502856,-0.1366933261489879,5,London
-0.2770077099911786,-0.875682005671144,5,London
-0.1876320765440165,0.4213634745097216,5,London
-1.8233292230593283,0.5490006442737242,1,London
-1.0531408745196895,1.2650011266349952,2,London
-1.3960153433403877,0.2997585105029482,1,London
-1.4650090561100515,0.7128891026188499,1,London
0.273896261355091,1.018680171775305,6,London
-0.2883903941048246,1.13876854789671,5,London
-0.5759513493187702,0.8543391179643082,4,London
-1.2736136013017323,0.8832697988064291,2,London
-0.551984193471149,0.4896005224904038,4,London
0.1443737362783807,-0.1204191005098428,6,London
1.0349101672090777,0.7720609340773599,9,London
0.9006806622114251,0.6682250959326704,8,London
0.9693679831486128,0.0980243251673855,9,London
1.0956056046548173,0.5563221980703087,9,London
1.1388639658257185,0.9221172277962753,9,London
0.810604382674442,1.6436011524926966,8,London
0.9469992749245414,0.5727840599521908,8,London
0.96245916798919,-0.5193341439953956,9,London
1.7390951279249307,0.3735885740265288,10,London
0.0896974351647559,0.5177865894020549,6,London
-0.0461030138142427,-1.2333890072860183,6,London
1.179166222547254,0.0006603403551953,9,London
0.3434964634923322,-0.11375605088705,7,London
1.4330696109492935,0.8427402633398215,10,London
1.7853537654124083,-0.4711591053040744,10,London
0.6967323398219503,0.2263017070747922,8,London
-1.1960279109207976,0.0220062775511607,2,London
-1.129699108314658,0.8054873645378678,2,London
-0.0112177988551751,0.6960741567332943,6,London
-0.5100112140293592,0.9492970826389115,4,London
0.878179064306554,0.925944047487429,8,London
-0.8556324296051002,0.5214177885118069,3,London
-0.9433185979123736,-0.3143364071115885,2,London
-1.1474740673506647,-0.1654624268326588,2,London
-0.9494739066834446,0.1912675798762295,2,London
0.5102874075344996,0.5204178983433069,7,London
0.2136312853615798,0.482364740722077,6,London
0.2237495356809309,1.0153758641736923,6,London
1.2367482122206994,0.3464497698264235,9,London
0.8928863456345469,0.7412228959327575,8,London
-0.1707779277494541,0.5893047723488763,5,London
0.0683982691772251,0.4295753827038327,6,London
-0.9096186323539964,-0.1995213427264416,3,London
-0.7587741252258486,-0.7649155196912399,3,London
-0.7673223684918281,0.9416127577228246,3,London
-0.6785113001952311,1.2471544339917784,3,London
-0.8325105062560136,0.0866796150469073,3,London
0.409067544479509,0.6521326027932289,7,London
-0.7690789025244775,0.5532955827691945,3,London
-0.7732228867959522,0.8776532874453359,3,London
0.0883727843671305,-0.1693454703305212,6,London
-0.9751517866788568,-0.1870420817719877,2,London
0.4328488650176629,0.0901383910579919,7,London
-0.96172173464832,0.1432182125405822,2,London
-0.1895923568918929,1.5381545004694084,5,London
-1.387579040619524,0.5626484703745358,1,London
-0.7433873292393924,0.5787427195076915,3,London
-0.8720581382414195,1.1432097240873735,3,London
0.823342790149226,0.8063105316866215,8,London
-1.5124220125023478,-0.106921656978052,1,London
0.7440962051055466,1.3157257438836938,8,London
0.6039366254233173,0.471890701607012,7,London
1.2055596976600782,1.130126541117316,9,London
-0.425867469920692,0.6840860142753712,4,London
0.1609509936751868,0.2011377819036268,6,London
0.1054443637259974,0.5095260078061786,6,London
0.8883219114769154,-1.295698664898494,8,London
0.8773072969243186,-0.4850700286006749,8,London
0.4966139006748431,-0.0955228399377684,7,London
1.0533974599113658,0.1794111393793913,9,London
0.2878658645421564,-0.446057932604909,7,London
0.7345822888296276,-0.0999581866548909,8,London
0.7645769978051542,0.0823842279646619,8,London
0.3706665862891529,0.3775623122831267,7,London
0.4305178278285653,0.3195610450578189,7,London
-0.6710176596015949,0.3209123379343955,3,London
-0.469823522959968,0.0539880130994414,4,London
0.6622911076721727,0.5950273455455241,8,London
-0.2044850461741315,0.9280087321674122,5,London
-0.9244963137088976,-0.081239847216979,3,London
-0.6771748470950743,0.1185908585607196,3,London
0.3569275054851062,1.028423344264041,7,London
-1.1280337362621564,0.9963507203017078,2,London
-0.4491235422376382,0.7709170145819658,4,London
-1.050265583960772,0.6830855885713579,2,London
1.5211927724684675,-0.151702376685271,10,London
0.7949363715168098,0.0446191756938641,8,London
0.3329025880696282,0.8804600250846846,7,London
0.156024779909806,0.3282423401176214,6,London
0.0983827565804044,0.6984619310604998,6,London
0.0433560209530208,-0.4926110758174036,6,London
1.1559984702517647,0.1781398334953571,9,London
0.4222822662944119,0.3161032319333963,7,London
0.0742703793383215,0.4296623018385209,6,London
-0.7771645022690412,-0.0402860506228114,3,London
-0.302522523668237,0.8870510124499548,5,London
-0.6506162428998953,1.1031635569870797,4,London
0.5128754900802599,0.5473541235942959,7,London
0.3144101373521979,0.9835523990841716,7,London
-0.021205904514064,1.1524449266667636,6,London
0.1479719705117202,0.876943922585521,6,London
0.279137447804245,0.4314893569162318,6,London
0.7224735801538772,0.9966514868453152,8,London
0.9276853540924525,1.191273222075038,8,London
1.2823730326124951,2.109406528346775,9,London
1.2300781440811308,0.8645883709661879,9,London
0.1672032957796568,1.0866076706066985,6,London
-0.4276949547227545,0.4592212253502836,4,London
-0.7254906470288047,-0.0307510529389722,3,London
-0.7890676980914794,1.136235225999684,3,London
-0.30224990125246,0.2774650594799299,5,London
-0.414652478151598,0.4000299513426648,4,London
-0.8145987883522156,0.3986588996489502,3,London
0.8722473190259309,0.0439189514128075,8,London
2.030251429932701,0.5968632737156159,10,London
0.4633481216551889,0.5295117605798482,7,London
1.041147321567135,0.7618762804909319,9,London
0.912318142168654,0.6208280645731589,8,London
1.1861509596501072,0.5418316341499473,9,London
0.9252161799242072,0.671513497912263,8,London
-0.2721789909658792,-0.1242590288443278,5,London
0.0513510127944585,-1.3926045159553175,6,London
-1.6499942538523376,-0.094381523039377,1,London
-1.492304015496868,0.1055487478555809,1,London
0.9522125066891513,1.3995070914677312,8,London
-1.679872620893251,0.0740283745313359,1,London
-0.6378357814093607,0.2546635142400793,4,London
-1.844785861300113,0.6936369625503636,1,London
-0.7468241307354808,-0.1213442919073782,3,London
-1.1097665819208409,0.0283058939786711,2,London
-1.246229403843205,-0.2257805572947959,2,London
-0.8652631020702123,0.0822873448042732,3,London
-0.927959157733108,-0.5104751532074283,3,London
-0.2189422708565395,0.7724368872238959,5,London
-0.3644104757026273,-0.1000377469857769,5,London
-1.1239510408698554,1.4298622574232094,2,London
-0.6939244250283065,0.5443979749363586,3,London
-0.954200658515834,0.6043250488052454,2,London
0.4544970387363897,1.1627155718274529,7,London
1.3927058505789591,0.8743629228996378,10,London
0.769340417794102,0.1294244170579371,8,London
0.5845045153533835,0.5162645915447978,7,London
0.5139639327735095,0.2244728915333259,7,London
1.3727640043993798,0.9723513710671808,10,London
-0.0146863412758883,0.4818176941271906,6,London
1.2310048878493955,0.5904690561172511,9,London
-1.609929030789666,0.1591238918090848,1,London
-1.555253461920029,1.2016942804983808,1,London
-1.6858764929121983,0.6143564516466357,1,London
-1.7333006268117896,0.8703651562587583,1,London
-1.781380142451406,-0.2395474113455538,1,London
-1.978851347339753,0.3498284462768102,1,London
0.1495573674698514,0.5776334293031097,6,London
0.5177944968666135,0.4242197738049411,7,London
0.4958998077518552,0.2010958338898811,7,London
0.2738760296426569,0.1842296948846734,6,London
1.264895179803146,0.8132656121362307,9,London
1.647205921463326,0.6123449100905676,10,London
0.1088181773981692,-0.4472999131040069,6,London
-0.2047962151728052,1.9336122613287725,5,London
0.0240657179505328,0.1284792071543028,6,London
-0.2728730616343721,-0.747972274226679,5,London
-0.797731170644881,0.8488279087694214,3,London
-0.3648058017662118,0.8290828565608183,5,London
-0.3003612636829381,0.2935389247303995,5,London
-1.4413848883217883,1.325984704562969,1,London
-1.5511125661843896,0.0994499385653131,1,London
-1.3808668176079772,0.0583606535701379,1,London
-1.3133704995846345,-0.9637618763783689,1,London
-1.399195169582672,-1.2151962701465138,1,London
-1.121003478938503,0.758607743195129,2,London
0.3618390378583774,0.2969651935514913,7,London
0.1531968116186306,-0.3115405460436194,6,London
-0.4123380071921634,-0.7228611032980063,4,London
-0.6902939598789142,1.1243746796424725,3,London
0.6754465666120045,-0.5910888755210773,8,London
0.4437640633563107,-0.5641614824922557,7,London
-0.0516781956493544,0.6527383239512573,6,London
0.4369985614288267,0.3086751197507892,7,London
-0.3933134901083106,0.5708135009639788,4,London
-0.1469240458810201,-0.5872899359773296,5,London
-0.1816367417931042,0.1857122702586206,5,London
-0.5284730166303209,0.5508396254791393,4,London
-0.7946682439443111,-0.1777365468905605,3,London
-0.6932142034146919,0.3979222063358963,3,London
-0.4374056264778224,0.2068528828492813,4,London
-0.8253151229724067,0.3687264936032188,3,London
-0.5415036584864124,1.4140330643110632,4,London
-0.5513502851578738,0.4361687686395991,4,London
-1.3399933831044295,0.4408434310893891,1,London
-1.6069384148463963,-0.8561959705216493,1,London
-1.758449914682529,-1.076089514332605,1,London
-0.997557084185486,-0.6532937670315999,2,London
-0.077330365398118,0.2056302897274545,5,London
-1.0669541514082377,-0.3792597741093382,2,London
-0.3281909559108598,-0.1853239332030721,5,London
1.0543460032426313,0.3211532340090678,9,London
0.9549170579858725,0.6887531008336849,8,London
1.2442167267331024,-0.5372752013850085,9,London
0.3597340879679525,0.6860533796038187,7,London
-0.1965521261099041,0.4153905634761443,5,London
-0.073240529423259,0.8606768042878461,5,London
0.4496917543264964,0.7349492819588769,7,London
-0.1010772098367861,-0.1315442000411547,5,London
0.561563705481878,0.4140533392106427,7,London
0.5215218829113225,0.3873061651451476,7,London
0.2708004481960543,0.4319990484569032,6,London
0.579641168323728,-0.7047581099307163,7,London
-1.488607866669653,-1.5428570121722185,1,London
-1.8398884021584525,-0.8014858085558565,1,London
-1.3898419449006767,-0.94986555516095,1,London
-1.2631214247209197,-0.4884235020383152,2,London
-0.7779236660165869,0.0532386699463162,3,London
0.2735093392190734,0.9959258529193784,6,London
-0.0442652148852123,-0.445095924912284,6,London
0.1596550068930912,0.7223587924745759,6,London
0.60145339928015,1.4365094596349195,7,London
-0.2036974467730375,-0.2204530052820311,5,London
0.9678734151540358,0.7699140650295956,9,London
0.4095065202934019,0.8900081020600439,7,London
-1.5492412747544526,0.1798459893889564,1,London
-1.421472302260331,-0.4929985779084206,1,London
-1.1950254486955214,-0.2101073704969167,2,London
-2.051325302851757,0.549829343133536,1,London
-1.828993913654376,0.668416725190673,1,London
-0.6006055102068483,1.1848795796839011,4,London
-1.021431050895661,-2.3070127519476444,2,London
-1.767289554362405,-1.965589550288856,1,London
-1.1316018952893243,-2.021291430054252,2,London
-1.5395037262231863,-3.780757412818516,1,London
-1.109466523619015,-4.1221248720232735,2,London
-1.5785137989493787,-7.992030559427557,1,London
-1.466052964071877,0.1580235829572472,1,London
-1.2814590163680482,0.0504069433657533,2,London
-1.5268315182056895,0.6798397105638893,1,London
-0.5140423453995124,0.3752037891088003,4,London
-0.840064043716312,0.2100966219414822,3,London
-1.151462416166818,0.1634184563044185,2,London
-2.3131753082150124,-0.4878589200328842,1,London
-1.6503789679258158,-0.6698989146242063,1,London
-1.8981503127921413,-4.433622484115838,1,London
-0.8546158060101012,0.0266429770928687,3,London
-1.5716759758349808,0.2865180890035509,1,London
-1.7892333015458772,-0.651176659511443,1,London
0.7502310531581537,-0.7265583403306354,8,London
1.1797872063031372,0.4017074560488747,9,London
1.1588427989567929,0.0160326715979924,9,London
1.1359017734575574,0.2376214423509865,9,London
0.379256546346901,-2.0853260592446703,7,London
0.5279266922030519,0.0749658422707917,7,London
2.2547080034747333,-0.5394377564703279,10,London
1.8269036019056075,-1.476792339883588,10,London
2.221956531775641,0.9789743075625768,10,London
1.1151168487535676,0.8891093567906584,9,London
1.511827709303693,-0.2992465920999779,10,London
1.7783205099494948,-0.9578470462785488,10,London
1.0756789349559703,-0.4461811639024474,9,London
0.5434867580986722,-0.233805678572943,7,London
0.1594638408626495,0.2909551944167987,6,London
0.8883619136896012,0.0844344722607465,8,London
1.6353880147703008,0.2930083486414946,10,London
1.3152999922216937,-0.2578589632527364,9,London
1.9357177516807251,0.0520697700716462,10,London
1.1327671322994388,0.4441576019206791,9,London
1.3654766622021324,-0.1958654431749787,9,London
1.7247885847303823,-0.1255580191136223,10,London
0.328729101161176,1.3358410935678624,7,London
1.4916237312129126,0.0624527648035829,10,London
1.3976786595660755,-0.597764741231319,10,London
0.382604420252432,0.1781298556177079,7,London
1.4626170171164474,0.8270186622839829,10,London
0.8399975212736487,0.0376923277994551,8,London
1.1345915600810368,-0.1458260183337705,9,London
0.2108163219035476,-0.748023654803164,6,London
1.5795387769264249,0.3109875818687223,10,London
1.717242367192766,0.9868510039620442,10,London
1.650391376083762,0.1279005406994512,10,London
1.6948172221264086,0.2875331127007295,10,London
0.180290143787165,0.4057124190505987,6,London
0.8991918722653895,-1.1669343147566105,8,London
1.5308477262232394,-0.5087589902443218,10,London
1.562302488484879,-0.1674372649898788,10,London
1.4710051131822013,0.424584331764807,10,London
1.6047168009258064,0.2372599929357544,10,London
1.562988952785317,0.4067538437211277,10,London
1.450548335938494,0.712245596017388,10,London
1.2876942456623208,-0.5042131857247951,9,London
0.3915082212584397,-0.4522577640651956,7,London
1.7473859084300611,0.3492846888642991,10,London
1.2888228174427696,-0.7354167508479533,9,London
0.8584862145798093,-0.7526833076256488,8,London
1.514335747100643,-1.127322234264976,10,London
0.9811174562887712,-0.974569705755384,9,London
1.6087088844333706,-0.7657173306280116,10,London
1.3561973904221385,0.3598130779239584,9,London
2.139276513658914,-0.1134735212492379,10,London
1.0013621806518984,-0.5797568316633707,9,London
0.8695560982490137,0.1675957841290687,8,London
1.4638093582146303,0.2357425018056768,10,London
0.8488765462576717,-0.1641697496008052,8,London
1.4775990318806171,0.6985696321588479,10,London
0.6748719725354353,-0.2901999571234238,8,London
1.6365711803126215,0.3457269954815242,10,London
0.1804527061397741,0.5498566837658264,6,London
0.7885546322416037,0.5869582274935932,8,London
0.6448771210017785,0.2273719818871475,8,London
0.7956165887638472,0.9067306135363132,8,London
0.0395310780094493,-0.0188523808955548,6,London
0.4492436694985909,0.1515775090581091,7,London
0.6347296304456677,-0.4072751537439992,8,London
0.7537895950464504,0.496311743650489,8,London
1.046343749768655,0.1584662806790136,9,London
0.9960363551098718,-0.7158057014053925,9,London
1.5204799483944529,0.5884843612444622,10,London
0.4616737345959256,0.2778169378582157,7,London
0.819292627427137,-1.4086987525684804,8,London
1.886830307511966,-0.5923766975226834,10,London
1.175295695848767,-1.1211400702041394,9,London
1.716580400033764,-1.0692602506960271,10,London
0.2742670477715839,0.1160042343194668,6,London
1.2802749828183635,-0.0303713852629392,9,London
1.017129739977424,0.3766501134205581,9,London
1.2523518720919062,-0.0003375078551438,9,London
1.4135279287650364,-0.22811191325341,10,London
1.4108744657750911,-0.2949008066195454,10,London
1.4583883224476697,-1.005630823413621,10,London
2.03443973882659,-0.0593602062369423,10,London
1.419082088549613,-0.0996414327558254,10,London
1.5323301422592983,-1.6064776565930217,10,London
1.2883368918417366,-0.1907891030355931,9,London
1.3762147148202353,-0.2309826511402353,10,London
1.6188319421944943,-0.7838091782067298,10,London
1.1441306264930762,-1.161808726723484,9,London
1.5260897854047517,-0.4129539605413168,10,London
1.4551676239690616,-0.190977047173259,10,London
1.273490691001144,0.1126600886626371,9,London
1.8656633090039043,0.439653168692434,10,London
1.8167654975500775,1.1603251371076888,10,London
1.668641196581719,0.3800734133353383,10,London
1.7186016026835722,-0.2138521774836992,10,London
1.73577426025687,0.2475071959145468,10,London
1.4630556461022115,0.1606328191150405,10,London
1.691732253869996,0.2620535183053185,10,London
1.551475652860173,0.2585140483691978,10,London
0.4244715851817388,-0.4542264294960054,7,London
1.3420433869580433,-0.1763388581045841,9,London
1.303586094240692,-0.973344168127102,9,London
1.2411082789392691,1.1612348319243824,9,London
1.511292073973296,0.1147439924623617,10,London
1.2888993403912814,-0.0645905133029579,9,London
1.3079409469959191,1.333601041578358,9,London
1.9514241105800307,-0.0122418650743247,10,London
1.3475386380922771,0.5629812912273173,9,London
1.1639641314113822,0.5245313295955552,9,London
1.0875704950986405,-0.8088070283966902,9,London
1.486402919500359,0.9593881700408704,10,London
1.0848508677502595,-0.2282444367772691,9,London
1.5234036079148086,0.2227830886743103,10,London
1.7479188543735376,0.7046216230570161,10,London
1.474727547188128,-0.1621855174652367,10,London
1.407395054687952,0.7082275448719134,10,London
1.5042081272827053,0.0507883627196682,10,London
0.9445629455802582,-1.125918676332892,8,London
0.5751652854358708,0.3458569774203286,7,London
1.3622428606886237,0.2168210213014101,9,London
1.4358416039356463,-0.2652123314413159,10,London
1.035341480405468,0.5836689491519552,9,London
0.3707225681422832,-0.0175652006435082,7,London
1.5147558533134986,0.5773906935382331,10,London
0.9891686691339192,0.4578467200890848,9,London
0.9258488393891724,-0.6658563901085003,8,London
0.5474668496293071,1.118411007348056,7,London
1.0133836659513014,0.6498517773678415,9,London
0.9021876587602836,-0.0304237162062069,8,London
1.6137905473746557,-0.6215779983323853,10,London
1.3979470714918003,0.2148066350977398,10,London
1.2325868528296289,0.3862879181633974,9,London
1.1111160376597815,0.0068210509326547,9,London
1.1726297490516608,-0.1859700842825172,9,London
1.017520914313051,0.0644318068709374,9,London
0.8630455447270314,-0.0423365513173212,8,London
1.4280713555562374,0.4516674291188613,10,London
1.0984027444996651,1.1437563783767517,9,London
0.8893345985771469,-0.5140623288185787,8,London
0.4293626682310894,0.1124500805114394,7,London
1.683763045077731,0.1718251584150714,10,London
1.3688141447411433,0.124754154538988,9,London
0.4687606312841317,0.0004444042032134,7,London
1.146614726963273,0.3465746787833901,9,London
0.487299056453817,0.1655249534617844,7,London
-0.1029606235384013,0.1047307179929444,5,London
0.4159283329606022,0.9910763716183784,7,London
-0.261844193774257,-0.8294893210941154,5,London
-0.1131191980138677,0.1632251377422297,5,London
0.0349977467217951,-0.0729363390450531,6,London
-0.2539260392586824,0.2127447608385262,5,London
-0.3634136554738669,-0.3005680285381077,5,London
0.2785664205814042,-1.2952096121868135,6,London
0.0421070250381903,-0.7403359600033886,6,London
-0.301739888508664,-0.8728090819409228,5,London
-0.6759930894063857,-1.0028430801814048,3,London
-0.3366348428378029,-0.4971648349141848,5,London
0.3344846206136579,-0.4901278259265557,7,London
-0.6568816235293453,-2.132049987175827,4,London
-0.7194467780068445,-0.867157568532941,3,London
0.1772200614320955,0.1822113862143953,6,London
-0.503281059956727,-0.0579754893055879,4,London
-1.343304827228966,0.110736086505161,1,London
0.4435938008172557,1.0403777109022017,7,London
-0.6198956132219601,-0.098899045553502,4,London
0.5552996396184993,0.6611069212226465,7,London
-0.9070918797335312,-0.1746072175300895,3,London
-1.272764590095985,0.9203454621917512,2,London
0.1140241112369984,0.1781683993321897,6,London
0.3407752039367304,-0.8105692266562473,7,London
0.1258624221704859,0.0293514535338694,6,London
-0.3341373027012951,-0.3872153377496724,5,London
-0.5037550867194336,0.0182688645847283,4,London
0.3860300800175669,-0.630311574046222,7,London
-0.9760206014081914,-0.3563798221660809,2,London
-1.555910245451406,-0.2390871976498151,1,London
-0.753852916291506,-0.758486260543834,3,London
-1.6398718111472004,-0.945667714450611,1,London
-0.1931580569790653,-0.4123419454531442,5,London
-1.0152845129668453,-0.8236638424394719,2,London
-0.8150376982666012,0.6490135646743043,3,London
-0.0381795739514071,-0.5667539889543356,6,London
-0.2608484262861981,-1.3325192787398292,5,London
-0.3806504841096775,-1.730796658356992,4,London
-0.6948379962938038,-1.5964974524497582,3,London
-0.7095489902961988,-1.8289745736537344,3,London
-0.4818248155252067,-0.5664267027804063,4,London
0.3341221953336857,-0.522776997779862,7,London
-0.4772044285763654,-0.9520236636951728,4,London
0.779457881537368,-0.3393032001933916,8,London
0.526039075691042,0.2461779296048598,7,London
0.862831998835314,-0.236049420492672,8,London
1.2850319907359886,-1.2328248673440725,9,London
1.4237893680095093,-0.812492411536355,10,London
1.3305515706772244,-0.1319839063171836,9,London
0.2146144430201134,0.4378707707001126,6,London
0.0015660207348795,0.2261946490820335,6,London
-0.2022155004740369,0.0947496347172942,5,London
-0.3590652571618897,-1.6727079975429249,5,London
0.1527296723231281,-0.9671268605614562,6,London
0.8180742429246265,-0.3856934826710242,8,London
-0.1173671056476833,-0.8263632918864483,5,London
-0.1494730496372942,-1.0862579901872562,5,London
-0.6212303241875283,-0.2480599561756067,4,London
-0.4924981079830853,0.4312552132281715,4,London
0.1627191218004161,0.1233122861892808,6,London
0.029153565802547,0.4913144293278341,6,London
-0.4410965184174141,1.1587102326135277,4,London
-0.3184683084837956,-0.7848273081810079,5,London
0.3541650121847505,0.9066037462817224,7,London
-0.3829617785935953,0.0303226127935783,4,London
0.0262865100078841,0.258754814489866,6,London
-0.2444122462960591,-0.5463217379065478,5,London
0.7010460285802868,0.5843628542601953,8,London
-0.4334687330942134,-0.146069124103939,4,London
-0.2719046976544819,-1.1273807672862792,5,London
0.0685480113754401,-0.213017065813557,6,London
1.448380113583679,1.049994483760877,10,London
0.5723331205798526,-0.7783047893036071,7,London
0.6427888809527041,0.271038762104222,8,London
0.5353125051841308,-0.8237740313150683,7,London
0.1810126468504856,-0.262755168896683,6,London
0.5939980614501419,-1.6716131681156985,7,London
0.7238162884339898,-0.5219330739237583,8,London
1.0067227094542646,1.2819615553639487,9,London
0.4763193617549186,0.4281766283246413,7,London
0.1132532210945205,0.5282925274194744,6,London
0.3892020463460209,1.021614677372831,7,London
-0.4277472678213794,-0.6533420111896432,4,London
0.2377175979335723,0.0019293227020561,6,London
-0.3612811630350886,0.3123079368002198,5,London
0.7733409316123117,0.41297426062235,8,London
1.4867888579506348,0.2759722409432822,10,London
1.1712507671285808,-0.5323745318877948,9,London
1.014592278516137,-0.5013030678530143,9,London
1.7416161898650788,-2.131415920151265,10,London
1.0092829475547285,0.1129474116605496,9,London
0.9391794769694994,-0.450733407337928,8,London
1.7929942518077824,0.7628936826359708,10,London
1.2352457399557977,-0.186750710876207,9,London
-0.1016736744697216,-1.4052200245523976,5,London
-0.1182859248616747,-0.3358425659488616,5,London
0.3146413587694282,-0.6283909003785747,7,London
0.2220868395214718,-0.904031844376206,6,London
0.0523455401588745,-0.3999631590313048,6,London
0.5350069210760515,-0.4740493127343348,7,London
0.6364029202027083,-0.9745572329525264,8,London
-0.883047644409458,-0.8272307731479205,3,London
-1.543966358727017,-2.8845419610808487,1,London
-0.929214315522966,-1.508418894310032,2,London
-1.2971001920678311,-1.886470743323048,1,London
-1.088974463517433,-2.5414356285985265,2,London
-0.7238196920114384,-0.8957974482768716,3,London
-0.1177315706714374,-0.1404546167018861,5,London
0.3231238066793033,-0.1636038471111765,7,London
-0.3394365669745288,-0.1672336049230715,5,London
0.0840611418583713,-0.587443958480119,6,London
0.0105656218217175,-0.8973128696384056,6,London
0.0339225361928344,0.3194422673821036,6,London
0.3606912511253376,-0.7417918160025648,7,London
0.6486925290478224,-0.0391782669318321,8,London
-1.4349424709452872,-0.5496423279132099,1,London
-0.5831591257738858,0.4082912266652526,4,London
1.883821888570776,1.1718965884029169,10,London
-1.051455409798154,-0.655446449738454,2,London
-0.771909831551499,-0.8950405114090006,3,London
-0.6896634537138538,0.7045980350702373,3,London
-0.9766057333807908,0.7169859084833275,2,London
0.435559401607038,-0.6779571641332728,7,London
0.8304790923363707,0.4484410303375834,8,London
1.4151324478140817,0.0402458594797625,10,London
1.566993549318369,-0.0949825903125695,10,London
0.2149337864256081,0.5760694045430379,6,London
0.4613031196467287,-0.0136625007662343,7,London
0.0093963033536175,-0.8442012425241852,6,London
-0.1336625367415991,0.0794861240554864,5,London
-1.176225366909282,0.0812415126159011,2,London
-0.9437835225278006,-1.315419111133149,2,London
0.2456185411695523,0.7629430356067952,6,London
-1.4251099856297094,-0.3958328165607284,1,London
-1.1636830518843924,-0.3391265679781713,2,London
-0.5251974120666781,0.140454340518685,4,London
-1.4965663417926691,-2.071005657534189,1,London
0.7074244639707143,-0.4269700954508286,8,London
0.7665440428840373,-1.127802960742507,8,London
1.4961264667346987,-0.5954410137448133,10,London
0.6000849101899652,-0.4014334159066464,7,London
1.2565418382114732,-0.4834646686232923,9,London
-0.5781247847595099,-0.2980986590466572,4,London
0.0688381755276162,-0.9001521341954881,6,London
1.1217445254731546,-0.1721678376855775,9,London
-1.263858216960296,-0.6598426487255841,2,London
-0.4158988838842552,0.3569187816274612,4,London
-1.32477287933373,-0.9143590592095058,1,London
-1.2779527406132585,-0.5026412354665669,2,London
0.0582377023857522,0.4301134737988191,6,London
-1.1799141302282348,-0.3104193157445641,2,London
-1.4511572066873208,-1.0204840895100056,1,London
-1.0919855621476462,0.2511370986755809,2,London
-1.3787638139763692,-3.9056430100155217,1,London
-0.8349511184130058,-0.8537843565080108,3,London
-1.7101030899577183,-2.777607236947813,1,London
-0.4616138884990353,-1.962885627570736,4,London
-1.798281885270831,-0.1870730563331577,1,London
-1.2843847728653166,-0.7457483175108576,2,London
0.3119338258522128,0.0914840941270887,7,London
-1.5676711407892745,-0.0487762189437595,1,London
-2.0683936005581054,-3.486503978474917,1,London
-1.9530761908601293,-1.8528870059700289,1,London
-1.230390695552486,0.587457406575101,2,London
-1.917517632207326,0.3252667947521406,1,London
-1.6160839697298393,-1.269094798413648,1,London
-1.7733712614216146,0.3025858069611664,1,London
-2.0045789443329687,0.0574786754461207,1,London
-1.2791609706755316,0.3633581824048413,2,London
-1.427821943877995,-0.4673117005513941,1,London
-1.2693094674864156,0.4745332007737417,2,London
-1.0716120842993886,0.7358077054017902,2,London
-1.086671615235343,-2.4050728993287342,2,London
-0.6314411037595331,0.5676329475226332,4,London
-1.3572348292584309,0.0566669857077242,1,London
0.4409553051046945,0.6129791129118107,7,London
-0.6780434318320068,0.2208530240090867,3,London
-1.436152738162303,0.2541572807078954,1,London
-1.7740711691172784,-1.605989859066225,1,London
-1.2544446855974598,-0.7033448326434476,2,London
-1.6232351720953595,-0.5284702871904184,1,London
-1.6728168442248794,0.3856696748401405,1,London
0.3854352315005169,1.1425376439653092,7,London
-1.205536509825368,0.1350254079811654,2,London
-1.236402591388393,-0.7917923808124956,2,London
0.501990393650535,0.4539618528915556,7,London
-1.070956912447394,-0.4215587611544386,2,London
-0.9291918207419264,0.5629232429529493,2,London
0.942442822748654,2.224769322446833,8,London
-0.0713998917386381,0.2554910771877713,5,London
-1.0852128670401078,-0.6729875709531036,2,London
-1.9132243123182509,-0.8156375408804958,1,London
-0.4161666980543543,-0.3772851705368634,4,London
-1.332036182230257,-0.5387801784709361,1,London
-1.4109117752537648,-0.6842685765669381,1,London
-0.7828415088954975,0.7306111511498533,3,London
-0.4524762757294495,-0.5030233891882125,4,London
0.8459666123107059,1.0476792208448116,8,London
0.171068929109848,1.1663403864568438,6,London
0.2583185882113757,0.4624115867500318,6,London
-0.9442808220770784,-0.7746637169633828,2,London
-0.901905590480506,-0.4484786642166595,3,London
-2.1228282556141203,-1.969632505591559,1,London
-1.2618756700858136,-0.2962129885720332,2,London
-1.4436354065897083,0.3238979310201826,1,London
-1.5197878478629467,-0.8094430264486445,1,London
-1.7446978636730357,-1.0751284106276635,1,London
-0.9129414294863076,-0.6786563063870401,3,London
-0.9187749083600336,-1.524954465135124,3,London
-1.228710177855017,-0.5114983361142842,2,London
-0.409102304375345,0.3933541233940099,4,London
-1.616538047163975,0.8589881979969486,1,London
-1.9065959532103915,-0.0434375849924101,1,London
-2.1824479413017484,-0.0619124800298532,1,London
-1.6602055959229718,0.2120884038378495,1,London
-1.6767677422831937,0.3598018233009157,1,London
-1.709056810138662,0.1964987816573966,1,London
-0.4917756526584958,0.2264362743191646,4,London
-0.3769203295444907,-0.1201398325575701,5,London
-1.342889672532824,-0.1739762927782734,1,London
-0.9681431798249102,-0.0300800669690041,2,London
-2.204771181420902,-0.3791011185040818,1,London
-1.1418302428233655,-0.804778770645604,2,London
-1.9785292704037216,0.0497540877740474,1,London
-1.7739206681486046,0.2228074036066507,1,London
-1.9545306830916025,-0.2535463018607655,1,London
-1.5415412085234117,-1.0481668441275966,1,London
-1.636851536335771,-1.2966041879378978,1,London
-1.5791051677290122,-0.370227753329932,1,London
-1.879872890597069,0.3991734453866982,1,London
-1.2957839810038705,-1.8231995649428987,1,London
-1.336580837981801,-0.3613308418505242,1,London
-1.699675490506554,-1.1686727485316435,1,London
0.3643533914588073,1.4269778507078523,7,London
-1.632955186898294,-0.4056017200857305,1,London
-1.5868159099995158,-0.5145255450383793,1,London
-0.3736718270393581,-0.3055258530216108,5,London
-1.6076103940781945,0.3467040109003015,1,London
-1.8895803043579815,0.7837516872287418,1,London
-1.2945246394022287,0.0811007745051164,1,London
-1.3491645638448908,0.1830718976592805,1,London
-1.5455709324080955,-0.1341349870508875,1,London
-1.7232517332267636,0.6121555782345862,1,London
-0.3903412202964379,0.5842024157032024,4,London
-1.6883044291541554,1.0496196474477812,1,London
-1.55153982648978,-0.4460972888143254,1,London
-1.286424796837102,0.1580832042051099,2,London
-1.4323336242040117,0.0960828374427349,1,London
-1.2318693805737793,-0.1921647270114825,2,London
-1.6689050276542348,0.765193775266193,1,London
-1.422614152297702,0.0980857066675796,1,London
-1.3718916133262096,-0.0685549456702862,1,London
-1.3487791378797005,1.287983198136202,1,London
-1.4875359544413742,1.0738499019320955,1,London
-1.4955083014346984,0.934024094700318,1,London
-0.1434698398503764,0.0779645437746941,5,London
-1.705997768615797,-0.1559399423876239,1,London
-1.5117700386689077,0.1806760834433551,1,London
-0.6757505224383127,0.0087584372019087,3,London
-1.3440851602979302,0.1826387620204311,1,London
-0.993378960615479,-0.489758299230485,2,London
-0.6938578949163962,0.8131754376014448,3,London
0.1726400149589715,0.5601988493412507,6,London
-1.131194423865996,-0.1034917202407457,2,London
-0.7108284543154053,-0.5954094115040148,3,London
-1.270335716201624,-0.3537394596612,2,London
0.6878802482014941,0.0363600301453577,8,London
1.928348633174791,0.5148827152489934,10,London
-0.8279675898033103,-0.5210851709484025,3,London
-0.5735956947224797,0.4218139740963926,4,London
0.1295949079107055,0.6150066614341437,6,London
-0.0649100205790933,-0.546366823781913,5,London
0.1036765071713753,0.4500642870570077,6,London
0.7432841352700906,1.2322294816654913,8,London
-0.0101615513148687,-0.5383411778151721,6,London
0.7824784113617289,0.7756590762820484,8,London
-0.0223487094232778,0.0857612761272552,6,London
0.6415581257087224,-0.1082501027655224,8,London
0.1942169190464753,0.3076313518265952,6,London
1.3622424904978798,0.6068241230666235,9,London
0.737319578799288,0.4295923353431695,8,London
1.0033710193986258,0.3781104756741714,9,London
-0.4645606297261506,-1.25430312303245,4,London
0.5435315486162795,0.1871188715969701,7,London
0.776401225730009,-0.3910255475006099,8,London
0.1554602280693142,0.2380540159906382,6,London
-0.440984267948961,-0.5684300941040503,4,London
1.1697837939943672,0.7482077309084276,9,London
-0.4587870464331262,0.262341438328201,4,London
-0.2529383519368515,-1.4431532526735462,5,London
0.7057218162004398,-0.0110730569402663,8,London
-0.1106641410607017,-0.5087235095339361,5,London
0.96603238712349,1.3564890225076185,9,London
-0.688879032390332,-0.316417779284471,3,London
1.1752194115285497,0.4852413912695428,9,London
1.031789414614534,0.8827363143406115,9,London
-1.174673222956742,-0.4871141209175569,2,London
-0.8062778630758505,-0.8016204464311378,3,London
1.3761968833652962,0.9281979502739414,10,London
-1.1870178041053188,0.2302262316007144,2,London
-0.905983349057915,-0.3421495162660449,3,London
0.4285860816503108,0.7377806195875309,7,London
-0.8392760357976543,-1.2582745255358516,3,London
-1.333122936063104,0.5756014832806194,1,London
-1.283910897019904,1.5799826709099154,2,London
-1.6075110042289324,0.6311502453300529,1,London
-1.0296725068516368,0.6556486670082822,2,London
-1.4942118642787243,0.7765293081533459,1,London
-1.556550811834847,-0.1858622926307768,1,London
-0.5906987481071487,0.6485212711332619,4,London
0.2361251479614506,0.3468186284024352,6,London
1.8556422651111264,1.051886519052229,10,London
1.3418498167334587,0.4212300471447638,9,London
1.5554607061822705,-0.8147083467358637,10,London
0.127146294272298,-0.0565924459792347,6,London
0.8796071405208703,0.0663888075956057,8,London
0.7409277139903874,0.4485898387374167,8,London
0.8793040702044511,0.9510661102819198,8,London
0.5857391583174663,0.963865797533026,7,London
-0.1457658402046155,0.3274109746970355,5,London
0.7282101580051822,0.4538796278309379,8,London
0.4037333736223178,-0.6451502219968904,7,London
1.2245473543918115,0.6325520394123658,9,London
0.7445121657450755,0.956820452901696,8,London
1.3845945768478496,0.7007064667601517,10,London
0.2658404073072873,1.1442862713118584,6,London
1.4305207217279998,1.2160214158052562,10,London
1.0682720325868782,0.7440301073877184,9,London
1.5050530245756883,0.5507981473085016,10,London
0.536001890063329,0.2435562521897177,7,London
1.1577373036285417,0.8294957106816023,9,London
1.594481466740605,1.2939683818827723,10,London
1.368533272922872,0.8202076464605679,9,London
1.0800860497838758,0.6425701997278553,9,London
0.2464747566087631,1.0060901375857878,6,London
0.8237180217806221,1.484841449348155,8,London
0.2508242601080847,0.0079990242811377,6,London
0.1376256799948915,0.7563942493006446,6,London
0.4551614498652914,0.6891611286493203,7,London
0.1079640328628329,0.5481741718222581,6,London
1.413465481408037,0.6019967696666206,10,London
-1.0379284663681263,0.3763757999748798,2,London
1.060125955426161,1.6192417153633658,9,London
0.2069541346176921,0.2444108378470662,6,London
0.8394738941189157,0.6738838659070595,8,London
0.0150716048481129,0.2739186755753042,6,London
1.1529874420894846,-0.2846492978575292,9,London
1.0883730014651078,0.1593139171561378,9,London
0.7723909149043496,0.651714501515343,8,London
1.0877937428116025,0.812703885420388,9,London
0.5209763689906475,-0.5760036680439972,7,London
0.8072320320386808,0.6998217843733299,8,London
1.1965043131753677,0.7401929798395017,9,London
-0.5081500929660491,1.040710440103516,4,London
-1.035249911396095,0.6333480205450914,2,London
-1.2153754522224975,0.6207615114246695,2,London
-1.6433680702395974,0.4846213111345097,1,London
-0.6545734216801505,1.249859309669994,4,London
0.3337954046312038,1.7461347615841278,7,London
-1.4925255946292793,0.8600370115532582,1,London
0.4861046792837803,0.1827877001027825,7,London
1.2273033958113408,1.361279491793932,9,London
0.2198746691108711,-0.3825353061732857,6,London
-1.194701241366033,-1.370071019231738,2,London
-0.0756901323341422,-0.8016299415970625,5,London
-0.1726571169753,0.8749670242700808,5,London
-1.6977380002265097,-3.3982789369499136,1,London
0.1257428028065021,0.4294265223093686,6,London
0.6252839674260838,0.7685190126895184,8,London
1.1859895323190306,1.092675070640992,9,London
1.1879364622746869,0.5101824124685611,9,London
0.5393310596759381,-0.2866309063038378,7,London
0.1382487250925568,-1.2804009626503778,6,London
0.3995292764190266,-1.5419232415121238,7,London
1.8470183783315892,0.5714789378440539,10,London
1.058776160129993,-0.006892716678866,9,London
1.414064745445102,0.0475020692209915,10,London
0.262427475452989,0.3327333018472647,6,London
1.1975846316597096,0.8494009766513161,9,London
0.6199725765433911,1.526878967975318,8,London
-1.1903287481882217,0.7462973291838785,2,London
0.5999457244503731,1.2113087039911885,7,London
-0.6919535028217684,0.0302195778204963,3,London
0.219364928638283,0.5822530768435008,6,London
-1.3766968775079391,-2.311224718523281,1,London
-1.5094710971253609,1.1448231470714418,1,London
-1.3641421161350058,0.0497004960243344,1,London
-1.642800063790237,-1.3904782192167655,1,London
-1.6409826843633115,-2.3846454963714043,1,London
1.2975905504455614,1.139635996226013,9,London
-0.4826485370006592,-0.8460588738086299,4,London
-0.6732854575753714,-0.1358166112186947,3,London
-1.7548495385267664,-0.7192381201541009,1,London
-1.32566090695195,-0.6702840335946197,1,London
0.4586930853846936,-0.6457621506531829,7,London
-1.1856963579705582,0.2491279666954602,2,London
-0.1421849719738687,1.3821098478334062,5,London
-0.985535142936966,-0.1335392446689941,2,London
0.2121414026289687,1.0135444503842888,6,London
-1.1545907134403708,1.2778237494235682,2,London
-0.0225891110215255,-0.2091960147013736,6,London
0.8660324132993706,-0.0402940316400596,8,London
0.7918754926805993,0.7566861445479266,8,London
-1.6906414621557877,-3.819706547926228,1,London
-1.2241002410649062,-0.8315441973953559,2,London
-0.7655459101962261,1.027556901852317,3,London
-1.7128616640883476,-0.7379500032863767,1,London
-1.7086334041676472,-0.308452157862683,1,London
-1.5361991759405738,-1.3451392121422483,1,London
-1.9076867988443569,-2.1113694266047927,1,London
-0.070619774135382,-0.027144230037682,5,London
-0.4458482811026823,-0.0157801151614459,4,London
-0.3236128113742528,-0.8991327737732175,5,London
-1.2412117049530056,0.3814242395497976,2,London
-0.8291329079120981,-0.4013507206064188,3,London
-0.8886397402580758,0.0984898982253878,3,London
-0.8530400517082776,0.8053319423938468,3,London
1.5202401575493538,1.2886290741537976,10,London
-1.0747569141343132,-1.6435004974799343,2,London
-1.1798942697080887,-0.9209131857368316,2,London
-0.5255533645703456,-0.5593335248563811,4,London
-1.0996455606970108,-1.4526594744689174,2,London
2.016602231647364,0.833301689385727,10,London
1.1188670758637151,1.150267903105885,9,London
1.4195566907488066,0.7424402931473281,10,London
-1.3481879148853344,-0.5030368365181612,1,London
-1.1748371507445328,-1.609931845470026,2,London
-1.265076126372493,-0.9433702568505166,2,London
-1.1756973607524004,0.4576080688618794,2,London
-1.2420182611075716,-0.0833228363009959,2,London
-0.3378855188946759,-0.5633406757019233,5,London
-1.3281879379696435,-0.5313246679965614,1,London
-1.2694539831364782,-0.3824491548841603,2,London
-0.4506085864533499,0.3781829450846876,4,London
-1.0617693384621645,-0.2359825204120395,2,London
-1.06915307856157,0.5496020097160745,2,London
-1.1845416801595026,0.4527832011129143,2,London
-1.0454394068745974,0.5923809933343457,2,London
-1.3020430367553633,-0.4994528510847977,1,London
-1.2710541670465552,-0.3872297058386244,2,London
-1.5385856538473397,-1.7704082417895597,1,London
-0.4656184394907728,0.7564621319363825,4,London
-1.0485525736146726,0.0285187086984889,2,London
-0.2752601485519168,-0.2844422115383207,5,London
-0.4458193125516852,0.2218633927518327,4,London
-0.6567640733470854,0.5482839019850998,4,London
-1.4145053010915898,-0.4913367971054816,1,London
-1.2301567765392007,-3.1832277892107497,2,London
-0.927936820612665,0.3302540391664265,3,London
-0.7312693891607036,0.0902941152625426,3,London
-1.4717862619179107,0.7612758681838734,1,London
-0.48438161942059,0.4781428677317664,4,London
-0.973969864625506,-0.7328254288522595,2,London
-1.155702652998326,-0.8755553568806695,2,London
-0.8432768986071877,0.5916131803572274,3,London
-1.2429172133120263,-0.187441011965617,2,London
0.7497691846309715,-0.2585507606317238,8,London
0.3022341330541147,0.8295931268859591,7,London
1.0647969485533848,0.7067668996999826,9,London
0.8636590869007087,0.6279044232268831,8,London
0.0876634286381951,0.4886100227320709,6,London
0.4086426154521653,0.8367599929133369,7,London
1.2689117571908968,0.667929895245963,9,London
-0.4975591558652334,0.2552663130237076,4,London
-0.6198230840063766,0.2879206732320753,4,London
-1.3855077757367993,0.0810546127644742,1,London
-1.0807272564449055,-0.1955565150651924,2,London
-0.3301156241814869,0.2228063804573971,5,London
-0.477861174733401,-0.245614425901391,4,London
-0.7670919210237576,-0.6592581113027196,3,London
-0.7765961014073719,-0.1337438848879505,3,London
-0.4640106796772439,0.4156816933696892,4,London
-0.6132474327915357,0.0188529251524295,4,London
1.102876409095862,0.4072108102077503,9,London
0.2868511336219714,1.0081767409970552,7,London
-0.7931741132970048,0.2649064977479881,3,London
-0.9155651504913273,-0.237430296632283,3,London
-0.6615322043497871,0.2923724068385018,3,London
-0.6046372406136843,0.5623674284210489,4,London
-0.587372259991097,0.0179711208949479,4,London
0.4418995518207126,0.8001329274621727,7,London
-0.3121509577815679,0.801609924241437,5,London
0.3580078043022411,0.8566133369343015,7,London
-0.3165370844095039,0.0835737831488051,5,London
0.1364950427257144,-0.6076760930345433,6,London
-0.4759225414923343,0.5905153734079659,4,London
-1.210056561230486,-0.6287397211111633,2,London
-0.7347915180277276,0.8012307110368881,3,London
-0.6051475865774504,0.3941531918506043,4,London
-1.4031954417083163,-0.7383006530520706,1,London
-0.7355830448503817,-0.0244431833821728,3,London
-0.7262355625587189,0.2614483819408083,3,London
-0.9401378698575992,0.2571797085349754,2,London
-1.1045600337411348,0.4006194251192412,2,London
-0.4968812793964565,-0.0197499438829009,4,London
-0.5763524046175621,0.226886423580698,4,London
-0.6710539684232606,-0.817499933516233,3,London
-0.5361807466069668,-0.1864191163617922,4,London
-0.8701763099850284,0.2956390476819859,3,London
0.8576023866701987,0.4122793796770877,8,London
-0.8159282229569782,0.0114818436719455,3,London
-0.5008368855031288,1.2390832954972313,4,London
-0.7619401854886182,-1.1225620344253124,3,London
-0.8668350026295383,0.0383177391641208,3,London
0.0594897716629726,0.7888993320599571,6,London
-0.3502860589492947,0.0835962747460192,5,London
-0.5995454011116969,-0.1568955422288064,4,London
-0.848043175671545,0.1544837581775681,3,London
-0.7383203363047068,0.3992855793624339,3,London
0.6500407557090123,-0.2471534720462153,8,London
-0.0984862615394626,-0.1536999638582976,5,London
-1.2872480853494974,-0.0847587285877318,2,London
-1.3200105012698786,-1.6463513486915151,1,London
-0.0885296006831693,-0.95291212535521,5,London
0.5648007992958232,-0.830866499054124,7,London
0.6225153086758468,1.1911529096607103,8,London
0.5415857300509632,0.1702592036158728,7,London
0.5243413621109084,1.521611709515743,7,London
-0.6207788455234763,-1.0502047635088465,4,London
0.244668588843143,0.3641737698319515,6,London
0.7994471205659704,0.8830812080533174,8,London
-1.2040129980023957,-0.5855672662606795,2,London
-0.6682228458911389,0.7334199291995003,3,London
-1.0292061500449643,0.5855017364634559,2,London
-1.0037281450907385,-0.2816607804404184,2,London
-0.481111361709424,-0.4241812585654791,4,London
-0.676685815696364,0.2046803230529117,3,London
-1.0431023913656674,0.153713692046519,2,London
1.8152568586434077,0.637620844798796,10,London
1.622432749226164,1.055671385684274,10,London
-0.1038438854395878,-1.312699237660504,5,London
0.2994731067750338,1.0543825085157383,7,London
-0.2165722247609787,1.1297704719164177,5,London
0.5422869378366211,-0.1512006385717608,7,London
1.1346689051733447,0.9071877367623598,9,London
1.5796797201111423,0.3671550655816388,10,London
2.208641665314453,0.6073438472442102,10,London
1.144482097713991,0.671193342564496,9,London
0.1037019826986204,-1.3455186691310488,6,London
1.995822550692384,0.9799171806304544,10,London
0.0588810983219035,-0.9963675476772582,6,London
0.6139025282639652,0.9392429023549328,8,London
1.7223843652742898,0.9221605561321884,10,London
-0.2365231525153426,0.0686166204397691,5,London
0.4533687424795092,0.3593838073533948,7,London
-0.3304907290242438,-0.4666514767871667,5,London
0.5097947463845712,0.5251797184927959,7,London
-0.1211835936915349,-0.6656579126011427,5,London
1.51338342980619,0.3361484306781322,10,London
1.2628121620141346,0.5093445732112567,9,London
0.4153843635111932,0.450626698436995,7,London
-0.34290385166282,-0.2165719722392817,5,London
0.7310067711546382,0.710179134954253,8,London
0.3029675083945812,0.360128561381049,7,London
1.2516050424569658,0.6643471622275173,9,London
-0.8700438885187178,-0.7757118977263077,3,London
1.1729788506061574,1.173808133246266,9,London
-0.7265300764123573,0.2870093587755396,3,London
1.759274503310269,0.8877117851852971,10,London
2.0220327644227925,0.7658586467579926,10,London
0.5845897164530333,0.3173514581446904,7,London
2.0728515272437265,0.4211983778368601,10,London
1.5403766126161562,0.0442086777473011,10,London
1.9929600277302544,0.361310824224378,10,London
1.6514628347344216,1.662484094815701,10,London
1.796508845924701,0.6572542353195993,10,London
0.9780205654963346,0.7015992758388462,9,London
1.7430581364972633,-0.7224181352183029,10,London
1.8673464075005957,0.6281784015862144,10,London
2.1978167123032697,0.1618880728117491,10,London
0.953818946663772,0.5437152393852476,8,London
1.2277545353084418,1.8042984979321532,9,London
1.8149985254820356,-0.1571311834124428,10,London
1.8098014916699572,0.5404333554231894,10,London
-0.4881982628509008,-1.6184874659326414,4,London
-0.1031671366099641,0.223799865158782,5,London
1.3889529690367015,-0.3563879437087565,10,London
1.7476481018669063,0.4809511662179701,10,London
2.122844771033068,0.4657813392093516,10,London
0.6096535523613849,0.685670119440135,8,London
0.4351384145952974,0.4252148892674043,7,London
1.7367292943495214,-0.4312643595633668,10,London
-0.0496125094266242,-0.4924008940270451,6,London
0.3669267762467716,1.6464276138166078,7,London
1.214075320764026,1.4734310631257257,9,London
0.7689347940700553,-0.2682485423290865,8,London
0.1198030510876501,-0.1825932258277771,6,London
-1.5959313647510949,-3.058010173473973,1,London
-1.410174439660475,-3.4160493535855427,1,London
0.3982322683166241,-0.1302213131368579,7,London
-0.7254482751645805,-1.093073121071744,3,London
1.3770561117189295,0.2765005956607357,10,London
1.3664920945312395,-0.3860840122565195,9,London
1.6334012448462196,-0.1174051140739268,10,London
2.054234924191339,-0.5284255114622354,10,London
1.476497757399975,0.0435825552742465,10,London
0.5879347608947022,0.264709771233337,7,London
-1.0659883519068112,-2.6306706859463502,2,London
-1.821004743284784,-0.2692808175777603,1,London
-1.2965725628581592,-0.3063731891737792,1,London
1.244899299643363,0.0105628952615227,9,London
0.1453507526408295,-0.8330701282432357,6,London
-1.3414298857614029,-2.580928892050191,1,London
1.8925440546802184,-0.3741688017832257,10,London
1.6686179090987356,0.849865939919598,10,London
1.237675124781199,0.0490072330794965,9,London
1.196568894420642,0.293834983257223,9,London
0.860731533076205,-0.4840150180694653,8,London
1.9587012806316568,1.7200150022201828,10,London
1.4250244302485449,-0.0711331146386092,10,London
0.8301756310665022,-0.5004526703184417,8,London
-0.1853843363769864,-0.3839912774708584,5,London
0.7038433497217199,0.2839698626001249,8,London
1.373598942606542,0.8088071469997826,10,London
0.9896789003724172,1.7145343957044017,9,London
0.9029746539438696,1.8896119938068947,8,London
1.7334300487471357,1.3733691518181557,10,London
0.7565652633493982,-0.1589200316945543,8,London
0.5947392115878939,0.1785408278701074,7,London
0.4737075885623576,-0.084855700562803,7,London
1.3654168441893155,1.8403999187265816,9,London
1.0687975247368455,0.4528400733882246,9,London
1.1717292076039632,1.4620556311082784,9,London
0.8957318855463791,0.6629481137352211,8,London
1.7785082906246734,0.9659492405132928,10,London
0.8287132261726877,1.4653445920742525,8,London
0.9244058076295054,0.7173941007495548,8,London
0.2369569857917645,0.7856774087185185,6,London
0.1414084733634191,0.5297949875365549,6,London
-0.356819810917467,1.0059680954572396,5,London
0.0241564958652024,1.0557793732521077,6,London
0.8297827652996402,0.4599905967906599,8,London
0.6793857264721395,0.0501392491038226,8,London
1.890247121017328,0.8783917492999599,10,London
1.8201269830824207,-1.5917400446822516,10,London
0.6074010379086443,-0.4799038617214538,8,London
0.7879407104671637,0.9249367750011188,8,London
0.1257904817498643,-0.2029538009052299,6,London
-0.5149899992001059,0.3843587538143848,4,London
1.326080132785812,-0.3896411980768675,9,London
1.3362369899642257,-0.2837125842204043,9,London
-0.044794563377491,1.074215132535565,6,London
-0.794807327006332,0.0061978064207054,3,London
0.5947118235549439,2.103324658623563,7,London
-0.3370359661779618,0.4469378247780538,5,London
-0.5132575172324251,0.2028322239998013,4,London
-0.7997351686023583,0.8732593186623189,3,London
-0.5079610338009835,1.6332377074282018,4,London
0.2992682110273538,0.2980541871098058,7,London
1.250363764753733,0.9558398076621628,9,London
-0.5406441499508797,0.1455343491859541,4,London
-0.6371814517986032,0.4770117168257304,4,London
-0.5644374047915366,0.4276496140823794,4,London
-0.6583139872514735,0.1099092061378276,4,London
0.2603791752145767,0.2788845592876411,6,London
0.3019916380304554,-0.2274155600875122,7,London
-0.0518638076891942,-0.1537033535064079,6,London
-0.3322976843069517,0.4758423473126072,5,London
-0.7007424899135793,0.0758333354532306,3,London
-0.5840779807813802,-0.7257244106052421,4,London
-0.5534676753952497,-0.5421257346682412,4,London
-0.5425166154882961,0.0957429083866917,4,London
-0.4474995291127135,-0.5570607797182172,4,London
0.7599266389629051,-0.6257360256453253,8,London
1.3083826114634742,0.1765640824177044,9,London
-0.2463440578805675,-0.5579485086331147,5,London
0.4489257223148284,0.0030217750366759,7,London
0.3052741784469021,-0.0767520480009791,7,London
-0.3492964496397352,1.0059862387535403,5,London
-0.8136279393880621,0.6963679703219412,3,London
-0.2332200022291055,-0.0901255032446367,5,London
-0.9946076290982712,0.7658055479627367,2,London
0.4824229765255485,-0.0511524975092437,7,London
-0.3979536636734188,0.1039438241968748,4,London
0.0243274901992335,0.856437492573151,6,London
0.3801975667757605,-0.5026026801461566,7,London
-0.464846114852803,0.0789798039979666,4,London
-0.1278555748390978,-0.2839901782555671,5,London
-1.083454115874669,0.6806847939519877,2,London
0.0906466572021712,-0.6786719648548176,6,London
-0.7901998426364852,0.0343948768371665,3,London
0.811477545685784,1.1238168727633084,8,London
-0.7980564066299676,-0.4164313508920174,3,London
1.001763145399547,0.5574775263645427,9,London
0.3989940499836923,0.7676590764868287,7,London
-1.04431697689688,-0.626505844896852,2,London
-1.181509915608274,-0.5364396654087635,2,London
-0.0490451349095565,0.4150904288889384,6,London
0.7176893108609913,0.5727868304295841,8,London
0.9802733635394868,0.6969124675516716,9,London
-0.5352092491135034,1.1611891211027947,4,London
0.1017271707822986,0.1891437728569019,6,London
0.4556615969019844,0.8827891683049655,7,London
0.616802161560718,0.6477751749052842,8,London
-0.8416487578370722,0.2474823595953165,3,London
-0.0970707964029183,0.3555304289129944,5,London
-0.12363853867232,-0.550591816824851,5,London
1.5039591248280737,0.8226424424666823,10,London
1.6785270039027644,-0.0557092659944006,10,London
0.2208746484027739,-0.0347333929046853,6,London
-0.247877391621192,0.8206016103996081,5,London
0.5709137788973128,0.1739938461082227,7,London
0.0935742750482553,0.4473293666328617,6,London
0.7476850559999462,-0.1960954979313698,8,London
0.3409812677137417,-0.1107442422405657,7,London
0.3400551146193192,-1.0335348606565005,7,London
2.1595744345053274,0.6657323225345843,10,London
-0.4189773826708321,0.4553717156215993,4,London
0.0506513256543129,-0.2069499707789429,6,London
0.8442597329385554,0.2224410290875451,8,London
-0.2655015392873022,0.0106762051789008,5,London
-0.827217064303737,-0.0543625094898993,3,London
1.1149837371805438,0.869038583701482,9,London
0.0512234951149062,-0.3303748068157215,6,London
0.6958834121556312,0.0611167197351043,8,London
-0.3808455850441156,-0.35206122797962,4,London
0.3495461668424724,-0.2608660353348401,7,London
-0.0764484823511396,-0.4216704706530881,5,London
0.0392249321929617,-0.3707648730047094,6,London
1.1856474309066842,-0.3812798485036043,9,London
0.6327101012545734,-0.0167786755180498,8,London
-0.097589817943638,0.5588606476394703,5,London
1.4499832436780111,-0.0374188692309404,10,London
1.203009548513098,-0.6112096948544525,9,London
-0.2075820817865796,1.1004973573627166,5,London
0.3513804402894868,-0.1798068234445854,7,London
0.0043827797162851,1.21066875994691,6,London
1.6732953719276542,-0.1093241440545493,10,London
0.4331153968922675,0.1036180784512369,7,London
-0.1689799964114848,-0.1299875786286001,5,London
0.1326104040719207,0.1480410541555598,6,London
0.9107926086593696,0.3494655917433346,8,London
0.9605137642807277,0.1340526701241589,8,London
-0.0238667883235099,-0.922962792409608,6,London
0.277112970202431,0.1267213195624042,6,London
-0.3375092529174437,0.6396290247027021,5,London
-0.1802854559587606,0.0043291653525782,5,London
-0.1143604101448756,-0.5917913044312287,5,London
-0.6960381357825796,0.4991595772196134,3,London
-0.840299296610842,-0.2614709480873455,3,London
-0.028377386437543,0.3630177978005119,6,London
0.2940784366572839,1.2595979137202522,7,London
0.2138718045523339,0.1003835286238463,6,London
-0.3187354204948681,0.3593409906007913,5,London
-0.5444883603922027,0.1563278678308533,4,London
-0.1776409021428655,0.120513400698859,5,London
1.7764342778971052,0.1339540307282413,10,London
-0.3578585785496103,-0.4535344185008109,5,London
0.0510772121969982,-0.1359326342978507,6,London
0.4468946117870305,0.7385238240673309,7,London
0.2818592548816235,-0.8980171958838639,7,London
0.1603418918441495,-0.4685406600685179,6,London
0.6069360646479564,-0.5400959148721208,8,London
1.7975513042252989,-0.2799287951996745,10,London
-0.8145619914075087,1.0154616156084464,3,London
0.2419337855595817,0.7821293222813088,6,London
1.9082143247383865,0.6092043236331443,10,London
0.1601829798493502,0.8336427596626318,6,London
-0.3198875596767898,-0.1357630122156133,5,London
-1.410366419752049,1.6045076427688598,1,London
0.7528988468872106,0.7240957739523707,8,London
-0.7771613727553206,0.5086331789049369,3,London
-1.2199417658181742,0.1253216922025506,2,London
0.8186667811890576,0.6453244738190311,8,London
-0.8592195427431727,-0.1582959240393081,3,London
1.1031443310874722,0.4659145184858022,9,London
0.4859911091998657,1.5019136179908437,7,London
0.6108332963329158,-0.3428695150401973,8,London
-1.871546673313933,0.3330434662385678,1,London
-1.5354444127241007,0.3873560988623292,1,London
-1.4008706832420426,0.5119013203459928,1,London
-1.3749856481979723,0.36840824356612,1,London
-1.217184899076806,1.1523721013251973,2,London
-1.920605028968295,-1.827236141772529,1,London
-2.095531527157526,-1.7774241616953448,1,London
-1.6806443687324837,-0.917148058074014,1,London
-2.0431431108390274,0.0187806949665398,1,London
-1.3862709037506429,0.2958120009719976,1,London
-1.0800579903998402,0.5877262537329828,2,London
-1.4653079786158996,-1.212327044657492,1,London
-1.407794781039902,1.282469874063343,1,London
-1.082052437173333,0.6786470083317948,2,London
-1.5022416972629562,0.7438658163768688,1,London
-0.982561410714646,0.3311815883091745,2,London
-1.1177769524771497,-0.1094089229465888,2,London
-0.498590239013018,-0.3591986336899298,4,London
-2.0788687770399337,-0.3704767571233882,1,London
-0.4737176576018258,1.6518485986867226,4,London
-1.0040577352906663,0.0446713515856429,2,London
-1.2892193963171092,1.6180384008199673,2,London
-0.7558302519133108,0.1994505279461521,3,London
0.3182937328694787,0.686410348215265,7,London
-1.4886829005767803,0.1473185862382703,1,London
-1.1628598900551943,-0.2928638131021937,2,London
-2.044791739525761,0.1131127224813099,1,London
-1.254886710202575,0.1649744585718138,2,London
-1.0894897914650905,0.8548547597412903,2,London
-0.3472240541972781,0.8765460489366198,5,London
-1.7459145407404235,0.2795942542397031,1,London
-0.8342930129542652,0.7674690552530079,3,London
-1.3052177173380153,-1.413051438951658,1,London
-1.3644510812872404,-0.2157147170684592,1,London
-1.4833918831035924,0.0070409120111098,1,London
-1.6181275687435377,0.1689844350290768,1,London
-1.5672586120735044,0.5575210234485625,1,London
-1.425895223153215,-0.4254543680027531,1,London
-1.9595115906648055,0.0924272231971574,1,London
-1.3425745912967404,-0.6733944628376788,1,London
-0.6892346362634516,0.8320420378213927,3,London
-1.6010206528702506,-0.452266295848588,1,London
-1.0303264386811712,1.1718498940981028,2,London
-0.5604998284807597,0.0695668276833375,4,London
-0.4206225632993959,0.8295290041566015,4,London
-0.7540119346890428,-0.040839962808308,3,London
-0.2562739928162924,0.4580556437005676,5,London
-0.2246639968525992,0.8516325077946031,5,London
-0.8283232707612409,0.5131735320434766,3,London
-0.3474851887763401,1.0476140853763674,5,London
-0.2089414744468724,0.6197257987552861,5,London
1.257357085479092,1.5510124189853856,9,London
-0.2250190965107759,0.8886422854877801,5,London
-0.5595101743003588,1.578295756867016,4,London
-0.6779253971881566,0.1548694826649227,3,London
0.565267599586957,0.3075115854519089,7,London
-1.0939105158480693,1.1146505355682297,2,London
-0.9356108721836952,1.146360412512237,2,London
-0.4863111063642119,0.9173188525780552,4,London
-1.0090169901806232,0.964250011880592,2,London
-0.4356598147213802,1.390528643996917,4,London
-1.613410992452082,-0.0344246222136088,1,London
1.7928600328915163,1.3997017904770146,10,London
0.4536180404238469,-0.9206358274903114,7,London
0.6528904139705479,0.2305535171815349,8,London
0.0041287702824485,0.670501684195188,6,London
1.073571058732502,0.3521641745051039,9,London
-0.3738571936982924,0.3931220563174259,5,London
1.088299022881586,1.8912993988177809,9,London
-1.9576030227411936,-0.1408311054167814,1,London
-1.989620759065981,-1.22461118136912,1,London
-1.551108453221161,-0.1063328053961665,1,London
-1.7993821781626609,1.7036916638867403,1,London
-1.9276282432673524,0.3746557437866411,1,London
-0.6660073415161141,-0.1981887190575556,3,London
-0.8402544778306524,1.244487247203982,3,London
-0.916287496169616,-0.2198129841258305,3,London
-0.7533395472378868,0.1311730695249881,3,London
-1.0052434275802409,0.4375581984028985,2,London
-1.7591126001164217,0.7460459506666451,1,London
-1.827712494312635,0.31647817445104,1,London
-2.202330011182788,-0.3866089995109945,1,London
-2.289831608379463,-2.0808734780671743,1,London
-2.242391578775785,-1.1316139899005369,1,London
-1.4905344468216226,-0.0574176029532795,1,London
-1.9105583464238676,0.0160239033619439,1,London
-1.397059907740393,-2.0944102380984706,1,London
-0.9212443408773222,-0.5707785990351616,3,London
0.8939520673505997,0.0810558818475311,8,London
-0.7976189303541882,1.612526464125518,3,London
-0.9319389378458351,0.8333610660128056,2,London
-1.140706437462037,1.3681503073183106,2,London
0.8326724164450849,2.0178725638033588,8,London
2.0910285291052406,0.9033502353261496,10,London
1.0682775345882836,0.2483444160636922,9,London
1.5483047670814514,1.0072817603662232,10,London
0.7188957338798642,1.0092027238876973,8,London
-0.063107105867415,-0.8287547673224002,5,London
0.3501410896857225,1.0541704158588474,7,London
1.7311669015571545,0.9070862454596303,10,London
1.5334418274377872,1.2777196876512518,10,London
0.5597993229653305,-0.5352139896534667,7,London
-0.8590669248936282,-0.9958335658834754,3,London
-0.7744697784256382,-0.416730406518038,3,London
-0.7138050803725048,-0.1286838307871953,3,London
-0.6169481875913893,-0.6130357707119359,4,London
-0.8462095910220865,-2.676174275177129,3,London
-0.4249352812148244,-1.0839510585624363,4,London
1.2479994794920213,0.9089043885026162,9,London
-1.6038552903676313,0.3282064531288112,1,London
-1.8751311903446148,0.6822198446388029,1,London
-1.8011783690594192,-0.5288769100462116,1,London
-2.0231133144645264,0.0961177417551966,1,London
-1.9635279768755896,0.0122651343943566,1,London
0.1528203676387859,0.9868562037911626,6,London
-0.4577504231951265,0.8391380607909278,4,London
-0.0432149478835506,0.99346157330563,6,London
-1.3821471862273258,1.1974666985568665,1,London
-1.8881191458794933,-0.1374337372429601,1,London
-1.5903796119617777,0.7101512241612733,1,London
-1.782633657332642,-0.2572401346805896,1,London
-1.1539944909548403,0.4291447113623531,2,London
-2.0017698401319253,0.6485096615482865,1,London
-2.11929495116723,-0.4259781952979665,1,London
-0.935197943742125,0.7643151210647866,2,London
-1.6324632944225477,-0.5366709133109092,1,London
-1.9006378119858816,-1.5030687415434154,1,London
-1.0608137045543198,-0.5204507632719326,2,London
-2.1489551030372254,-0.0466735238822504,1,London
-1.616775419609352,-1.000875436256164,1,London
-0.9488803424205884,1.379264922831464,2,London
-1.5739850092785297,0.0067562050385279,1,London
-0.7575576854121148,0.339569588716431,3,London
-0.9078157463982148,0.8529702588130176,3,London
0.0213252127285706,0.4600174545969965,6,London
0.668195092081145,0.3601135725737166,8,London
-0.5345877871028999,0.8586984872850342,4,London
0.9451835062999184,0.7521377703684085,8,London
-0.7185853041360687,0.7797868218476838,3,London
0.1435099178292974,1.6746751669744664,6,London
-1.7023770330013,0.2949748402077642,1,London
-1.6821954278740263,-3.7770269135501455,1,London
-1.2881783741268764,-0.3294270987620188,2,London
-1.2945146700965582,-1.3868957894853655,1,London
0.5307200406750593,0.2952141431052248,7,London
-1.674863084178046,-0.1247660989617326,1,London
-1.071451198071626,-0.1646438335589926,2,London
-1.940473623912502,-2.9162847297984724,1,London
-1.7395135038884904,0.3225155387824179,1,London
-1.3786709384157123,-1.183066605283709,1,London
-0.1695528834660127,-0.5207277655990245,5,London
-1.2295924275072976,-1.0377637467575906,2,London
0.8964287396552323,0.96395435826293,8,London
-0.1547493285203253,-0.2252617390025605,5,London
-1.033098076533793,0.7074614152198531,2,London
0.9239721869886924,-0.0238987086825817,8,London
-0.5128095608096337,0.8339637942960461,4,London
-0.489075655182039,0.0391832521838457,4,London
-0.2718551235416856,0.7310353218628997,5,London
-0.4067217372044039,1.2262851795478729,4,London
-1.6087962721178082,-3.498552744563051,1,London
-0.8990298079143137,0.1680231799971616,3,London
-1.8805202174648763,0.2217724185322449,1,London
-0.4622111694819793,-0.2490129616318711,4,London
-0.4576820794048305,0.1049245277338024,4,London
-0.1820140984838517,0.9901274977463006,5,London
-0.6455491117650005,-0.6298140842546304,4,London
1.0365345863231743,1.11169924671231,9,London
0.0493908279217467,-4.882999202669244,6,London
8.643494516591618e-06,-2.456121162598717,6,London
-0.9307340754903202,-1.1360643664806789,2,London
-0.8543869739439414,-2.404396788307176,3,London
-1.269498266145504,-2.4986197067971725,2,London
-0.6452469060421563,-0.118527387821178,4,London
-0.1132706682521809,0.1082252183826047,5,London
-0.7735361057361011,-1.144899132726575,3,London
-0.9999524132683536,-0.6353385165399895,2,London
0.0069993780188061,0.3300453910034134,6,London
-1.0045301621772478,-1.1364540400765546,2,London
-0.012912760736488,-1.1477929648377827,6,London
-0.4257631644113994,-0.5686546641598986,4,London
-1.0263127242970544,-1.3733138814876684,2,London
-0.2018241442747072,-0.4872992169316911,5,London
-0.5615017390208793,-1.8284989813729735,4,London
-0.2147553355370918,-0.7725326977282989,5,London
1.948621789145007,1.2690003431171637,10,London
0.3428096395180465,0.6195621104726812,7,London
1.16600371639885,2.208869519517213,9,London
2.918292561085876,0.3379056952251384,10,London
1.16977023747305,0.553531277843914,9,London
1.1271314403607309,1.344969841821983,9,London
-0.2424343222239123,0.1926119044349415,5,London
0.0579886148483208,1.3327380830666848,6,London
0.7032434705532579,0.5879917340299594,8,London
1.1137664514497776,0.3242283355793022,9,London
-0.6271145604966876,-0.6889803593795127,4,London
-0.5552513237849572,-0.4548597868511501,4,London
0.070981098229928,-0.1942927285192638,6,London
-1.081271299780264,-2.6859226460217447,2,London
0.9600102035672292,-2.898045939683517,8,London
0.9312974813159628,0.9654744168124572,8,London
-1.2929422210795818,-6.109556059338706,2,London
-1.0801531923542094,-9.336483177480964,2,London
-0.8406241784892184,-5.280674955614572,3,London
-0.440539711347258,-3.4843778382567554,4,London
-0.8500141085868244,-1.4013197411655496,3,London
-0.5216937248821246,-0.526972767472095,4,London
0.0466552466120316,0.4367944654899816,6,London
1.042862952640623,0.4643781891067409,9,London
-0.53336016760068,-0.4958765848800492,4,London
0.0027355114587233,-1.1544486874687256,6,London
-0.6028958216614255,-2.0707352876852183,4,London
-0.6876112163385645,-0.5116619307789927,3,London
-0.8754906026791247,-0.5950245758112244,3,London
2.1102711551039786,0.530658599872742,10,London
-1.052028922412751,-1.8266113857820343,2,London
-1.446171928741534,1.078935676821834,1,London
-1.500981415233404,0.9600133387802722,1,London
-1.9864223334429985,0.6458787464088909,1,London
-0.2318227295252438,1.0480346651010246,5,London
0.4152082015530574,-0.1945352610770364,7,London
1.172855240611198,0.9874539001419982,9,London
0.9763675165866954,0.7411462000213966,9,London
-0.6166093788230862,-0.7896903383822067,4,London
-1.109841538481299,-1.2149679439912868,2,London
-0.8142786652812575,-0.419863759163628,3,London
0.6492370664366198,1.4448301861756896,8,London
-1.229071197897159,-3.084195639421297,2,London
-0.871992387206064,0.2842007150093246,3,London
0.919471969006692,0.9795095241981068,8,London
0.9089931490235816,0.7844858239532831,8,London
1.2072253736599337,0.0826774973232881,9,London
1.7446888416546489,1.1391121118472225,10,London
2.03795578332012,-0.5743491577067728,10,London
0.9875456020802484,1.799113866532023,9,London
-0.2339143084944175,-0.7312820209795456,5,London
0.8064994491030345,-0.6256338607109425,8,London
-0.4873940423064967,-2.640419981606754,4,London
-0.8194348568015852,-2.3304367498517857,3,London
0.1049534638136568,0.4672606383909222,6,London
1.1200211987743085,0.0543676199228542,9,London
-0.8369027513954383,-1.0152082612787494,3,London
-1.0010634427817184,-1.9687989999782636,2,London
1.828121863580653,1.3993496629278053,10,London
-0.6153531585483182,-0.2329282958720815,4,London
0.5129784594426836,-0.5533822463835264,7,London
0.40503134604147,-1.1295815226603854,7,London
-0.7391829509624783,-3.6345709090946894,3,London
0.2544219890614524,-1.1714690832189285,6,London
1.2436521901622202,1.644986477341952,9,London
0.2266151586784289,1.107913811936447,6,London
-0.949191390555681,0.6086676461606972,2,London
0.2765514408047332,-2.0415411854636583,6,London
0.6289571444425252,0.1271574844206969,8,London
1.3209477038140651,2.035905678944082,9,London
0.018535391515599,-0.2208347240326974,6,London
-0.6413694322570813,-0.3032785276217834,4,London
-0.6599404288086261,1.037471951925049,4,London
0.7020560226004156,-1.153875931025243,8,London
-0.5614634596763316,-0.0039666343191683,4,London
0.1650513702506231,1.3557851610434992,6,London
-0.4073689489546399,0.6718674631273563,4,London
2.343810366782284,0.1015986173330497,10,London
0.7512597625245634,-0.8634163134581935,8,London
0.0109218599661961,0.6038543765703727,6,London
1.657805678136436,0.2469129527463001,10,London
0.7557107013360024,0.6121347779069957,8,London
-0.5644013284718772,-3.5035422617799825,4,London
-0.0607806447796816,-4.08711323702905,5,London
0.1948439836593929,0.3571719106136002,6,London
0.0648463467678803,0.337115350032516,6,London
2.1407171104839287,-1.188438316856599,10,London
1.729974623926025,0.7449691436762137,10,London
0.6852746816742988,0.4701772668598623,8,London
-0.923078348739583,-1.0532438463239588,3,London
0.999894161890772,1.038305857145969,9,London
1.089375573585984,1.106482690936641,9,London
0.4083791815799811,0.3576643319754114,7,London
-0.0772404100742436,0.3951757542227341,5,London
0.3859350868693265,1.180034507509902,7,London
1.1056679471874356,0.2842772067747452,9,London
-0.3503714251740942,-0.6436432856783733,5,London
-0.9028729142610324,-0.207508300992816,3,London
-0.9713410301357448,-0.1272034762901843,2,London
1.213259751190193,-1.3348137417679895,9,London
1.827755814499004,1.9114461741228923,10,London
-0.8149392125159339,0.5308478802385322,3,London
-0.6370244626696336,-0.5589458757493114,4,London
0.2478930702456309,1.0012778476447215,6,London
1.204234605829657,-0.3864221406588886,9,London
0.5842622413569402,-0.3185460093233607,7,London
0.5562489730802841,0.0828749481293569,7,London
0.2606009341346315,0.1134616288471912,6,London
0.5819305352830634,1.5305195785077448,7,London
-1.3976226282907236,-3.64377520302741,1,London
-1.4441999654687945,-1.7504980037988946,1,London
-2.070251123153173,-2.390652536391231,1,London
-0.1189527543655637,-0.6637218532970184,5,London
-1.9383166748715797,-3.457508712552118,1,London
-1.307887382675585,0.2216064422286946,1,London
0.1970171569318821,1.4455361719348192,6,London
-1.3076031381589193,-2.3102652844486347,1,London
-0.9330924692591912,-1.009543872382357,2,London
0.0716956106830936,-0.4704470993413984,6,London
-0.1235562127053188,1.087120218700997,5,London
0.8613965356763412,1.303281111409684,8,London
1.2640079039550565,-0.3358801622117225,9,London
-0.2374638912560484,0.1608076818523167,5,London
0.434082896011804,0.6129890529140628,7,London
-0.950787292968986,-2.4019259225217637,2,London
-1.5776391880223766,-4.2645547133126325,1,London
-0.8762309176480167,-1.9764794227547315,3,London
-0.8809982802973171,0.631628790164665,3,London
-0.8576456076199185,-0.1940846231836932,3,London
0.1964240318312529,2.2373177787613754,6,London
0.4197006879616765,0.592872457965251,7,London
-1.216696877753252,-4.72443641210178,2,London
-0.7301010628250862,-0.0850219146137149,3,London
-0.360867133116074,-0.0261216721222146,5,London
-0.7936131925362854,-2.704201501410901,3,London
-0.927997608095494,0.8566291123599024,2,London
-0.5748533067152971,-2.6624352531456053,4,London
-0.4436780485703013,0.5537898903959267,4,London
0.2971874321483142,-0.624759987088429,7,London
-0.4906987955611117,-0.5792989678103744,4,London
-0.8844967385929161,-1.0863243137325955,3,London
0.983152316340299,1.1156213640346313,9,London
1.5074446581517558,0.7467420373308596,10,London
-0.5137917941269641,-0.6041025581346181,4,London
-0.4221491660375109,-3.774503844012588,4,London
0.0623037114736083,-1.9285312536782144,6,London
-1.3158555149166755,-1.060511651130509,1,London
-1.7692460526938627,-1.6132797456394172,1,London
1.6240690780225833,0.4934898526006684,10,London
-0.0723797519620519,-3.1144697020591696,5,London
-0.2590363188457303,1.0163855618943567,5,London
0.4437329469125567,1.3795191188274702,7,London
0.3978512499763211,-2.100747992795392,7,London
1.1453837804494649,-0.540693142250635,9,London
1.6923713164510263,0.9325037922608884,10,London
-1.212864928095459,-1.26751332136229,2,London
-1.057552295457545,-0.2791075692726014,2,London
-0.0489923490451346,-0.3784094039886275,6,London
-0.6368699082017325,-0.049239403382194,4,London
-1.197368740230282,-2.834150929055626,2,London
-2.125635896301609,0.531235035436469,1,London
1.6490705967198154,-0.9471419030049144,10,London
1.0472964469002586,-0.2560661656678444,9,London
0.8129389886937682,-1.1105256058214992,8,London
1.9830097189504123,0.0691482195677086,10,London
-0.6082657103205278,-3.643679616656295,4,London
-0.2949961216770487,-0.0102566399141862,5,London
-0.5984142059193149,-2.3401457194363022,4,London
0.2451434309440701,-0.2322723810734863,6,London
-0.7454747096611343,-1.5392867880560837,3,London
0.0362183211725011,0.4568285323366983,6,London
0.81990500182193,0.1802412267793268,8,London
1.7423874870526066,-0.4594496299260758,10,London
2.061660654566814,-0.1342401732059145,10,London
0.5147039127282239,-0.6230964085917798,7,London
-0.070256717403826,-0.5957563805896771,5,London
1.25307182864025,-0.4169167339796065,9,London
0.9201114774933576,0.1471136318664038,8,London
-1.779971126658366,0.3059455128803572,1,London
0.4294716922840709,0.6529147005360929,7,London
-0.8584407802598603,-1.7348019422684584,3,London
0.4074816856420364,1.3097111887272133,7,London
-0.1622729646203633,-0.1516452379268358,5,London
-2.147717451973364,1.2307921190930278,1,London
-0.9768617738514176,0.2331906331793032,2,London
-0.9834383623672304,-0.5462057454260539,2,London
-1.0678581154958264,-3.7233727399722993,2,London
-0.7753984778556157,-1.08716461248453,3,London
-0.7783665824848235,2.315748930496452,3,London
-1.5287781424492666,0.7484193497808252,1,London
0.9647516619395994,-0.3474712519953806,9,London
-0.5639719222481842,-1.1078885708578192,4,London
1.6591749449311732,0.4551993393164407,10,London
0.5170161059630074,-0.0327519505917486,7,London
0.2849437991273148,1.135098540606142,7,London
0.9036932666197196,-0.6259680927275734,8,London
0.203035741930431,-0.5980516823917099,6,London
1.192420407636083,0.6254565865063886,9,London
-0.0421788764697089,0.3297946404153785,6,London
0.2865410601467921,-1.058025099061954,7,London
0.7187765283472081,0.0306169884104068,8,London
0.645958034172472,-1.6016223077620866,8,London
2.561823856354664,1.471256699173964,10,London
1.2827533094524364,1.5220683772205708,9,London
2.053282028552761,0.2862248328644614,10,London
2.363040297782885,0.772834909618108,10,London
0.9071162156970614,0.4812468819477642,8,London
1.8672259994152147,0.3347127890755026,10,London
1.98057652700433,0.8474289430624816,10,London
-0.6698781518006305,-0.4151067494015451,3,London
-0.8605121283104541,-0.0848492401899677,3,London
0.6118613745731282,-0.7066381574213528,8,London
0.3966167611117288,0.7785817646083432,7,London
-0.9661768311300872,0.169747775224114,2,London
0.6821060726546108,0.7496466156756219,8,London
-0.5587355873135507,-0.1723083356857702,4,London
-0.754719587298523,0.5991534812549154,3,London
0.0491064003062528,0.6399473018950413,6,London
-0.0465003945854216,-1.8635174896849616,6,London
-0.4228702505294081,-0.1697658172829829,4,London
-0.053617455679952,-0.5393266639937806,6,London
-0.6991255107929748,0.4660969730403841,3,London
0.3156748544005551,0.0006431131063673,7,London
-1.624116057907837,-1.0863240148675777,1,London
1.6946817466484885,0.7430776489178872,10,London
-0.8601604450380144,0.5516019608422577,3,London
-1.031948294017368,0.5452445268810971,2,London
0.6969039758583123,-2.493999525438633,8,London
-1.753054458745933,1.702413029001533,1,London
0.5710384824144689,0.7342180832948607,7,London
-0.7177787814824431,0.5250996673139654,3,London
0.395866216214467,0.1708419516250546,7,London
0.1153929228233622,-0.3159998995777222,6,London
0.9288135362488824,-1.9147142992653297,8,London
-0.6892783324808589,-0.0334483040407291,3,London
0.4501684635366254,-1.1554949052194297,7,London
0.7852682446222596,0.0606350572803243,8,London
-0.0083926449353092,-0.4334737691565819,6,London
-0.6071501100699853,0.75470360120378,4,London
-0.700076274110012,-0.4952983262177345,3,London
-1.7065009620416944,0.07354627578145,1,London
-0.6118637729332308,1.8528011100735653,4,London
-0.4645152411623503,0.2646213617269444,4,London
0.1256934777545261,-1.0906792449073677,6,London
-1.1789495943659214,-0.3283210341105234,2,London
0.6743656019010694,0.3376902341076424,8,London
0.6077969759048408,1.2759281632328685,8,London
-0.7672356540546165,-0.5015172715523007,3,London
-0.758779894369105,0.1708068155761836,3,London
1.3085412210812573,1.002704727454977,9,London
1.3771150227320397,0.0897606023465568,10,London
-0.2078686130580567,1.8653920994317248,5,London
-1.1855713152885472,-0.5147805073141947,2,London
0.5123763659605689,1.2578261905163082,7,London
-0.4825850322256394,-0.7304874865680961,4,London
0.2801962650073341,0.9805374341687592,7,London
-1.3208616864140612,-0.1851446886619797,1,London
0.3608337932957325,1.1855397202787663,7,London
-0.4187589561053672,-1.0096330858058855,4,London
1.0475591600060628,1.170997181066762,9,London
-0.6931499444682512,1.2637107153313747,3,London
-0.1204683964108025,1.6867419952730522,5,London
-1.2166159182054148,0.9527396444226892,2,London
-0.1024170442804174,0.2395513376986975,5,London
1.249812749367931,0.4927126845058271,9,London
2.0357285571075443,0.3800350973833712,10,London
0.6729664131630054,-0.6519288356294436,8,London
1.5166900965910697,0.6383663508134854,10,London
0.5777640130402003,0.090392803326107,7,London
0.26950831890541,0.7239351329990554,6,London
-0.812472517875741,-0.0165524630422049,3,London
0.1622151073519948,1.4437694328657562,6,London
-0.9695179167781944,-0.0462692503066402,2,London
-1.4084908637454718,0.3759108764441275,1,London
1.848421758596536,1.0159822345161402,10,London
1.2800096377173096,1.374125871637023,9,London
1.1989987825550967,-2.504025082714893,9,London
1.2981787136904384,0.4784769794902471,9,London
0.0200867398920139,-1.9322470868194443,6,London
0.031894463755472,0.1573842599230465,6,London
-0.4742454430360412,-1.310687541541622,4,London
-0.714158159802924,1.0945928710367845,3,London
-0.3631341486499292,1.781170272807327,5,London
-0.4668263192552896,0.492594121011686,4,London
0.4680023718442814,-0.2977079492239806,7,London
1.4881334639044508,0.57668943687571,10,London
0.2181450344099873,-0.2440117431664658,6,London
1.4408664970626912,1.6854151297184068,10,London
0.656724738828843,-0.0053193294264201,8,London
0.3811628279440004,-1.6709768900299262,7,London
-0.4683406766475717,1.087354005599341,4,London
0.8989599984771899,0.0746814044907797,8,London
1.5352244647481503,0.0378523671612562,10,London
1.7196937668554912,-0.2816769872276038,10,London
2.001338727384798,-0.8242290383525488,10,London
1.5523037470989325,-0.4770381637260938,10,London
1.4613446037605085,-2.1545132374307805,10,London
1.0579657170010657,1.0081951326735532,9,London
1.7219692573734364,0.0854004017779475,10,London
1.75052616306346,2.056260324481234,10,London
-0.2149962112804674,0.4716203026457428,5,London
0.4354625612532722,0.8395326211993122,7,London
0.2650118948714843,2.6107241724627195,6,London
0.063921145588094,1.949586122656941,6,London
0.3646765316894422,0.4281477717735679,7,London
1.3167996561874376,0.7824334881325574,9,London
-0.525276768038252,-1.6247902401536534,4,London
-1.3953235393349026,0.7812036871481755,1,London
1.2538936566873546,0.4209058497334392,9,London
1.1420003265447292,-0.4488615969415638,9,London
0.1351105976090468,0.5675794515627015,6,London
-0.4282840038797694,-0.2309011200277555,4,London
-0.1918468587404385,-0.0026360693172364,5,London
-0.5384576039443835,0.6890134746925689,4,London
0.0890538692946915,-1.1487967904975005,6,London
-1.5430163251753448,0.7669277964508535,1,London
-0.7405730265399041,-1.5450793681573498,3,London
-1.3961242125069857,0.3356384670116188,1,London
1.3847291015223624,-0.5704886548713568,10,London
0.2924309046515717,0.1459333394311081,7,London
0.9644571761706312,-1.5001889756690534,9,London
1.2674318318152185,0.0283470762933007,9,London
1.5289495604315024,0.3689693132884912,10,London
0.8201559555171452,0.5970127851420841,8,London
0.5455497513159353,0.9860640053443096,7,London
0.4153257985082606,-1.8387353548805403,7,London
-0.8306259838738757,-1.080033540417796,3,London
-0.9212192208196112,1.032082659234286,3,London
1.7145875611794532,0.3044654795323743,10,London
0.8958148326448279,-1.0526001529989937,8,London
0.3455282218078596,0.7463360595340098,7,London
-0.1032613643982571,-1.994880149669817,5,London
0.6445032882686939,-0.1508216825937489,8,London
-0.2113760199106856,0.8638735360424866,5,London
-0.4710060447040554,1.2214489941888156,4,London
0.9407337578170591,-0.5246361801207342,8,London
-0.4907998859325181,0.950599675852193,4,London
-0.8127175003709769,2.682176944078404,3,London
-0.3616485005442586,2.1549252953445674,5,London
0.0438336720455692,0.5434892292712639,6,London
-0.3333507260232753,-0.1556861398849361,5,London
-1.0974125878135947,-0.3960256023110725,2,London
0.3185703302834155,0.5124162155061668,7,London
-0.5333818991041389,-1.07526278789194,4,London
-2.01932928276948,0.8911649631529476,1,London
0.4029287953714889,0.3235176747071505,7,London
-0.3434936145670599,0.7205933072320094,5,London
1.581681123682175,0.6896689845060158,10,London
-0.4517497334857749,1.6990600840129566,4,London
-1.7475519364130816,2.0778634505908617,1,London
0.7318375511487684,-0.0514495088626067,8,London
-0.0453097547552274,0.8406221607760186,6,London
-1.0912309523527786,1.2867473749907348,2,London
0.0458478668392589,1.196871907384215,6,London
0.9395994453031452,0.6587069002284385,8,London
-1.069467724564169,0.5551636156617409,2,London
-1.2337680809077414,0.3380618820165258,2,London
-1.5845586096612885,0.400509762794096,1,London
-1.3375915840790065,0.2396925109370134,1,London
-1.44191022746807,0.818271674701758,1,London
-1.5815876596561318,1.6579188189885556,1,London
-0.1261568843607693,1.4529533901225156,5,London
-1.3970803106769585,1.8031233632563468,1,London
-2.262370547484013,0.7343564662520751,1,London
0.8170611828268307,0.7295906005492007,8,London
-1.51945809650183,0.6515894870158164,1,London
-0.5682203732583005,0.6861498110580374,4,London
-1.0106941525394193,2.2483892141882884,2,London
-1.4718985758616774,1.5533239101687195,1,London
-0.3765540396560357,0.1433011860358205,5,London
-1.4578647679705994,0.8047600426788549,1,London
0.4728990870661245,-0.2141738497808487,7,London
1.3602208687013402,-0.9766035424496416,9,London
-0.4367378512520252,0.0763684088605388,4,London
0.9233122414201972,-0.2375792691007919,8,London
0.8439523520611555,-0.1433576901595495,8,London
-0.0316137458597498,0.6426714449062291,6,London
1.3922177984914583,0.1591536840169936,10,London
0.5617935070972042,-1.870984161059487,7,London
0.0992187279260793,0.2564070471992521,6,London
-1.607494319300648,-0.1388384302035513,1,London
1.669056091373301,1.2843673422682542,10,London
-1.1173795377380298,0.7599788699765964,2,London
-0.6572322770395632,1.5927154448674523,4,London
-1.596329179955969,1.4046887008121631,1,London
-0.939474666236706,-0.9611029782082626,2,London
-1.4345380991280914,1.3556579802020476,1,London
-1.1360559592452757,0.4730644624717404,2,London
-0.932653671838374,-0.1780991676299177,2,London
-0.9901255322394668,-0.0520293242781714,2,London
-0.5605422232856818,0.6775727641626917,4,London
0.3628858822625656,0.1859571930078857,7,London
-1.0820191120916134,2.121725302050671,2,London
-1.5478107223732782,1.7914353153350429,1,London
0.4697998981467309,0.7319714169529468,7,London
-0.4226912650168792,-0.2947823949863719,4,London
-0.9640337332748102,1.1793394175981928,2,London
1.1857004203797603,0.1157953817318332,9,London
0.2017642164479812,0.6021933645467789,6,London
-0.9257802334986924,-0.1228995605480004,3,London
-0.3031714297320437,0.5986670323098444,5,London
-1.796340450206927,0.6915673298434917,1,London
-0.6680055377908781,1.024373631336681,3,London
-1.80756831659748,1.9501737937802897,1,London
-1.8837839330554789,0.4721903850619144,1,London
0.0101755742614889,0.3207185091791798,6,London
-1.2210731577650733,1.9973772737940017,2,London
-0.987892061625644,-0.9402738539899332,2,London
-1.0870727354260568,-0.4626473057589425,2,London
-1.84118894997988,0.1760371632300408,1,London
-1.2271071540401906,1.1497128702794486,2,London
0.3456813758816962,0.2443108622357435,7,London
-1.1829380236449756,0.7370853096128541,2,London
-0.9907600160695595,0.2016106983625381,2,London
0.5811125403261231,-0.5199600207559621,7,London
-1.658942139989807,1.3542684768187845,1,London
-1.6533054808556908,1.252573017903222,1,London
0.3909299845545065,0.6212779346784787,7,London
-0.6976719691725296,0.2637300167313407,3,London
0.4295200690987651,-0.1956937278922896,7,London
0.9050856943698444,1.4212637621251978,8,London
0.5179520977574184,0.4394679114684172,7,London
1.127747531847066,0.6661345749934071,9,London
0.9213809149201344,-0.1002770655113091,8,London
1.2141207926392614,-0.5149952003513236,9,London
0.5036314027755587,-0.3199296138623362,7,London
-0.0584096672903134,0.5948566505386927,5,London
-1.642841909456404,1.4159837885003526,1,London
1.526016970515107,0.4792101092090267,10,London
1.0787039369871896,0.4557238601265903,9,London
1.6157674011262515,-0.0004562087476579,10,London
-0.2538433394795427,-1.7637366773436765,5,London
0.6812304106585578,0.2067220437577468,8,London
1.5596088595584192,-0.6456127298988813,10,London
-0.528962754596398,-0.0051876983272836,4,London
-1.8133459396274711,1.590255543188969,1,London
1.3393001764127257,-0.5949959756192158,9,London
1.9822886279534715,-0.2467158923028142,10,London
-1.1812645931644827,-1.3398068786109567,2,London
-0.3416565411340181,-0.6355592940692744,5,London
-0.1912668970468355,-0.9234258093625828,5,London
-1.1460583339311197,0.6222285540577754,2,London
-0.3404871528163549,0.9483172717704113,5,London
-1.430723599575016,-1.01859348632761,1,London
-0.2918456569108291,-0.906265996821897,5,London
-0.788994616201644,1.5068026662855956,3,London
0.8517408918240533,1.1496259107095614,8,London
1.174014575947844,0.0983206890134186,9,London
-0.1662004449441259,-1.0686332666788874,5,London
-1.39206513083833,-0.2183184213460832,1,London
0.1648468798658661,0.7773544340144114,6,London
-1.0393494892754558,-0.2330108075116169,2,London
0.2115111346002599,0.2013221586823456,6,London
-0.8841044915648902,0.1322157979006021,3,London
0.8293162619127136,0.2975065429674947,8,London
0.388476221958263,0.8277536514997891,7,London
-0.2199045681074269,0.8370286034215028,5,London
0.0941951378677835,-0.0257138354002627,6,London
-2.1599177586426745,0.370263974852118,1,London
0.8612404294966423,-0.0985937358732319,8,London
-0.5269025324802482,0.4200275917577439,4,London
1.064183757512844,0.3739741330348402,9,London
1.1782119720412405,-0.4399456660958644,9,London
-0.0526024636104912,0.6348600169312055,6,London
0.6776459024289281,0.1643207839350257,8,London
0.829001237837594,-0.2613516444138155,8,London
0.7884899127046554,-0.9318969581843776,8,London
0.977417998044277,-0.8937080860447043,9,London
-0.0676589149504563,0.7575308328047974,5,London
0.3532862202824279,-1.7348937288609556,7,London
-0.1781084207324166,-0.5133940221785528,5,London
0.8230595469393567,0.4026867200661471,8,London
0.6018318858187394,0.5867435661219411,7,London
0.823547965790407,1.2760943085380585,8,London
0.365638667137561,0.9171292510348804,7,London
-0.5277704934942413,-1.1299300842166091,4,London
0.1086608545489562,0.3606119495816755,6,London
-1.9635453988857008,-0.9455564494576104,1,London
-1.6370157527939904,-0.0337839700965784,1,London
-1.496312317661607,-2.1227809873909624,1,London
-1.978615511857432,-0.1505740053590499,1,London
-2.376132564384151,0.1418706860961829,1,London
-0.981926542494893,0.9439101357108614,2,London
-2.1117394718663025,0.304291315059673,1,London
1.711671624934863,1.4172442636573137,10,London
-0.8125065526376266,0.8768146480604043,3,London
-0.4907969769972607,1.5874595892722798,4,London
-1.9243191962109216,0.4442494068530639,1,London
1.2317201085246,-0.0084985674249034,9,London
-0.0950947908838644,1.2794522139522686,5,London
0.0636103792488192,1.1799385182685285,6,London
-0.2527789817235344,0.4539504015801658,5,London
-0.711041604083967,-0.3715230410225648,3,London
-0.8969948476275972,-0.5742001924243729,3,London
-0.4117129368954113,-1.139801293564641,4,London
-1.524981896509893,-1.30255762183284,1,London
0.7242965674609827,0.7940604505935148,8,London
0.0697769435305144,0.4627642235811562,6,London
-2.163799239511428,-0.5060776967746602,1,London
1.0603280768838157,0.4625304997938802,9,London
-0.9021750634553016,-0.2631568682982107,3,London
0.795752372209065,0.0556080049161985,8,London
-0.3850292751712209,-1.183315023710146,4,London
-0.5957987883024055,-2.228669773249972,4,London
-2.1169121120933654,-1.363845106357973,1,London
-0.4194493796646505,0.703513241562381,4,London
-0.0142013807398629,-0.3374698081056129,6,London
-0.7283465755645403,1.749602954625041,3,London
-2.4222731458640845,-3.335313821905372,1,London
-2.135899658683486,0.6980884610317614,1,London
0.64506157230164,0.6442274576239914,8,London
0.3608563396713422,0.4701435112613069,7,London
0.9785772940002152,0.0472304054229416,9,London
-2.445820922032801,-3.326331791814972,1,London
-0.6755526411876838,-2.2410647955627274,3,London
0.1266498337870587,0.3434045805561598,6,London
-1.39433363109112,1.260578843908427,1,London
0.4591408956166127,-0.1125558553985188,7,London
1.3937803035387235,-0.5220480683965747,10,London
-0.0345861290947538,-0.2768207506112546,6,London
-0.6790388989331069,0.7782298614650854,3,London
2.598676131282284,0.4636084354288123,10,London
-0.5317654395199162,1.0104414204835832,4,London
1.663645998218544,0.8211428547681883,10,London
0.2362831786268752,0.6466575411402825,6,London
-0.0829208090553453,1.1458584917329513,5,London
1.5288326888246624,0.9879924732654248,10,London
1.856372897872452,0.0248320653282473,10,London
0.3413493514945641,0.8290010985280112,7,London
-0.2485480257790581,0.122732169857909,5,London
0.4377045539806682,0.3128906654413201,7,London
-0.2748168930629047,-2.1058920277689133,5,London
1.825184592049555,-0.3198289400806456,10,London
0.8762000860100506,0.4070143995334463,8,London
2.4109323657773585,-0.2990279363735496,10,London
0.8680160252703067,0.6973958484470848,8,London
2.5346194468264285,0.9838444755609886,10,London
0.6239933856107336,-1.1175419354747511,8,London
0.1378399250545097,-0.8551232397519658,6,London
0.0811964764003154,0.2529508398024497,6,London
-0.2607453307073367,-1.8113819860045852,5,London
-0.5336830694360432,-0.753151925266712,4,London
-1.0388112266396543,-1.78121848682563,2,London
0.0760431170425836,0.8313523270709864,6,London
-0.1151446558501825,0.6665326027343017,5,London
1.2405327362949738,1.042790696335691,9,London
1.595037893769616,0.5900283095435862,10,London
-1.3674396343800366,0.4137054876249869,1,London
-0.5044003784675246,-0.4017553548330963,4,London
-0.748938966642087,-3.5186740808689287,3,London
-0.234704954083588,1.2626716486303828,5,London
-1.3724635814627912,1.296252523998858,1,London
-1.4751455294063316,1.5479572516916045,1,London
0.0034416161456905,0.3078631899422654,6,London
-0.804435985630851,1.1051941965436711,3,London
0.732734284160457,-0.9152447010151042,8,London
1.0462629363056033,-0.0905488305955902,9,London
-0.6695701389065021,-1.116357543812788,3,London
-0.6806471574079933,0.3934550920228249,3,London
0.6273398022478508,0.0676854937443006,8,London
1.959758156911267,2.1808639736922046,10,London
2.118333206671565,0.6755304140467399,10,London
1.3750754050491856,1.8464851849814656,10,London
1.668740063690043,0.9038281514240638,10,London
-0.6172067830462583,-1.667301145003816,4,London
-0.8739882467552496,-2.2352794792465263,3,London
-0.7133475876140802,-0.1408090358708048,3,London
-0.2186814082702966,-0.0756069099632969,5,London
-0.1401716543144631,0.3014361034524361,5,London
-0.0425185397097093,-3.3427116385131,6,London
-0.4185087313159271,0.6316196267995818,4,London
-0.5373150497507634,-1.5785668076896675,4,London
0.4725051967451733,-1.955157519219936,7,London
-0.3254620733480499,2.544800477484426,5,London
