observed_electricity,predicted_electricity,residual,relative_bias,relative_bias_pct,log_bias,standardized_residual,symmetric_bias,bias_z,city,spatial_unit_id,fold_id,model_name,vulnerability_z,ntl_value
1280.0,2222.093723318992,942.093723318992,0.7360107213429625,73.60107213429626,0.5515897921078912,1.3494417163927468,0.5380174248598659,2.73537244486246,Amsterdam,BU0363AA01,1,random_forest,0.24354460669638936,39.42173767089844
1760.0,2141.6673090699287,381.6673090699287,0.21685642560791404,21.685642560791404,0.19627083301789927,0.5466948520024628,0.19564318473935174,0.646719490471455,Amsterdam,BU0363AA02,5,random_forest,-0.2305454554915496,55.437744140625
2280.0,2062.3678559058767,-217.6321440941233,-0.09545269477812425,-9.545269477812425,-0.10032067565602887,-0.31173320318276543,-0.10023662265191592,-0.6097573842002326,Amsterdam,BU0363AA03,3,random_forest,-0.8227216233756985,87.89397430419922
1370.0,1587.6650443559704,217.6650443559704,0.15887959442041635,15.887959442041636,0.14745367148933752,0.3117803290522174,0.1471870824394632,0.41346806456435653,Amsterdam,BU0363AA04,2,random_forest,1.4173607819836287,43.61568832397461
1750.0,1886.2464552291553,136.24645522915534,0.07785511727380305,7.785511727380305,0.07497306389389546,0.19515749425559564,0.07493796523787556,0.08749173159257226,Amsterdam,BU0363AA05,4,random_forest,-0.18120444271240932,69.41205596923828
1740.0,1988.5410843679022,248.54108436790216,0.14283970365971388,14.283970365971388,0.13351613321034783,0.3560067317951688,0.13331814173105042,0.3489366420168141,Amsterdam,BU0363AA06,2,random_forest,0.17607375998133476,105.6644515991211
1590.0,1627.6947269649172,37.69472696491721,0.023707375449633465,2.3707375449633465,0.02343071961591825,0.05399339343360678,0.02342964772203401,-0.13035456547894783,Amsterdam,BU0363AB01,3,random_forest,0.11225882164020377,41.20835113525391
1500.0,1790.0767049214119,290.0767049214119,0.1933844699476079,19.33844699476079,0.17679336273778556,0.41550176684720425,0.17633431128672775,0.5522875076525111,Amsterdam,BU0363AB02,2,random_forest,-0.26049461988831457,59.56299591064453
1770.0,2592.027243019796,822.0272430197961,0.4644221711976249,46.44221711976249,0.3814607422733607,1.1774601892413104,0.37690147136757135,1.642721893186531,Amsterdam,BU0363AB03,4,random_forest,-0.20161516728529894,61.159759521484375
1390.0,1671.6467059456722,281.64670594567224,0.20262352945731815,20.262352945731816,0.1845054449211352,0.4034267556190917,0.18398380544608137,0.589457938677123,Amsterdam,BU0363AB04,1,random_forest,1.0983750444053795,46.80511093139648
1570.0,2403.022573542472,833.022573542472,0.5305876264601732,53.05876264601732,0.42565173125031386,1.1932097450716503,0.4193394616430396,1.9089176556950174,Amsterdam,BU0363AB05,3,random_forest,-0.15799349524389805,62.65952682495117
1900.0,1935.1787788463685,35.17877884636846,0.01851514676124656,1.851514676124656,0.01834582821012276,0.050389584955307494,0.01834531367372153,-0.15124385384459335,Amsterdam,BU0363AB06,1,random_forest,-0.7940659181957689,57.46596908569336
1760.0,2321.7205597047423,561.7205597047423,0.31915940892314903,31.915940892314904,0.27699472232590683,0.8046005800257313,0.2752371464377636,1.0583031566373013,Amsterdam,BU0363AB07,4,random_forest,-0.5094258308670475,63.2469596862793
2110.0,2085.2342809086344,-24.765719091365554,-0.011737307626239599,-1.17373076262396,-0.011806733605489228,-0.03547406553205217,-0.011806596453536612,-0.27295502671380456,Amsterdam,BU0363AB08,5,random_forest,-0.4208738443185,97.9966049194336
1580.0,1826.2866278161123,246.2866278161123,0.1558776125418432,15.58776125418432,0.14485989314180614,0.35277748013636107,0.14460710722633177,0.4013905408469952,Amsterdam,BU0363AB09,4,random_forest,0.4229755834619095,109.26371002197266
1680.0,2147.247294408807,467.2472944088072,0.2781233895290519,27.81233895290519,0.2453929002220656,0.669278411839491,0.24416885477528708,0.8932077238381286,Amsterdam,BU0363AB10,1,random_forest,-0.25214530008541586,85.94881439208984
1690.0,1899.1009449186006,209.1009449186006,0.12372836977431988,12.372836977431987,0.1166520583642221,0.2995132342207095,0.11651995757580617,0.27204824041827896,Amsterdam,BU0363AB11,2,random_forest,0.11073803821734003,112.0478515625
2150.0,1909.229113000519,-240.77088699948104,-0.11198645906952606,-11.198645906952606,-0.11876828731065014,-0.3448768110516015,-0.11862887277210472,-0.6762757505474603,Amsterdam,BU0363AC01,2,random_forest,-0.23968915482900383,126.7574462890625
2170.0,2134.813029352999,-35.18697064700109,-0.016215193846544282,-1.6215193846544282,-0.016348098780150977,-0.05040131877460002,-0.01634773469001955,-0.29097038430652944,Amsterdam,BU0363AC02,2,random_forest,0.02147625982652065,97.34950256347656
2110.0,1979.1496813230615,-130.8503186769385,-0.06201436904120309,-6.201436904120309,-0.06402064890049974,-0.18742814462649562,-0.06399879137444602,-0.4752288665436,Amsterdam,BU0363AC03,1,random_forest,-0.016020115482037512,97.48860168457033
2310.0,2086.2213148191686,-223.77868518083142,-0.09687388968867161,-9.687388968867161,-0.10189307827162786,-0.3205374216470439,-0.1018050135130816,-0.615475111999205,Amsterdam,BU0363AC04,5,random_forest,-0.03382907944670298,100.14695739746094
1680.0,1871.4681505390042,191.46815053900423,0.11396913722559776,11.396913722559777,0.10792943665596422,0.27425626909777545,0.10782478818510323,0.23278505784821668,Amsterdam,BU0363AD02,5,random_forest,0.5706436896960771,132.02029418945312
1910.0,1834.1242195084749,-75.87578049152512,-0.0397255395243587,-3.97255395243587,-0.040536139052029796,-0.10868339415149018,-0.04053058928770585,-0.38555681720735957,Amsterdam,BU0363AD03,1,random_forest,0.5837303125286512,117.5209732055664
1990.0,1877.2224978459808,-112.7775021540192,-0.056672111635185526,-5.6672111635185525,-0.05834134908105515,-0.16154089801283614,-0.058324806610861195,-0.45373598512884167,Amsterdam,BU0363AD04,3,random_forest,0.26671089946363036,125.89656829833984
1810.0,1909.229113000519,99.22911300051896,0.054822714364927604,5.48227143649276,0.053372709551187114,0.14213437713161622,0.05336004316252787,-0.005171849885135534,Amsterdam,BU0363AD05,2,random_forest,0.17701694410200333,126.66657257080078
1670.0,1835.4347649630204,165.43476496302037,0.09906273351079065,9.906273351079065,0.09445775614975638,0.23696641603368207,0.09438758730674343,0.17281386158912537,Amsterdam,BU0363AD06,1,random_forest,0.41919817250443137,118.07167053222656
1580.0,1907.730474860881,327.73047486088103,0.2074243511777728,20.74243511777728,0.18848945545391338,0.4694364940171995,0.187933372273529,0.6087725250193875,Amsterdam,BU0363AD07,2,random_forest,0.638222754099574,109.07659912109376
2010.0,1983.4793817376287,-26.520618262371272,-0.013194337443965807,-1.3194337443965807,-0.013282156041784177,-0.0379877582685617,-0.01328196078019149,-0.2788169249171525,Amsterdam,BU0363AD08,4,random_forest,0.5315982477049851,102.7726821899414
1740.0,2225.819497055834,485.81949705583384,0.2792066075033528,27.92066075033528,0.24624004786459874,0.6958809720698085,0.24500333281254938,0.8975657084312633,Amsterdam,BU0363AE01,4,random_forest,0.4881431187931816,95.0604248046875
1790.0,1899.1009449186006,109.10094491860059,0.06095024855787742,6.0950248557877424,0.05916496744654065,0.1562746494609396,0.059147714604490385,0.019480344077963594,Amsterdam,BU0363AE02,2,random_forest,0.8841005615932163,111.58210754394533
1770.0,1984.9575956032259,214.95759560322585,0.12144496926735925,12.144496926735924,0.11461800490872509,0.3079022177756901,0.11449268873498071,0.2628617013602352,Amsterdam,BU0363AE03,1,random_forest,0.8659759550070903,92.23185729980467
1930.0,2055.166928230952,125.16692823095218,0.06485333068961253,6.485333068961253,0.06283707201510413,0.17928733658529283,0.06281640417332018,0.035183159392506935,Amsterdam,BU0363AE04,2,random_forest,0.11009999682447225,104.03263092041016
1800.0,2218.370809465646,418.37080946564583,0.23242822748091435,23.242822748091434,0.20898639195787894,0.5992684265265846,0.20822907058757967,0.7093677055674777,Amsterdam,BU0363AE05,4,random_forest,0.5586538568120816,94.23085021972656
2200.0,2264.1924525593054,64.19245255930537,0.029178387526956985,2.9178387526956984,0.028760801911295708,0.09194836056853571,0.028758819536332515,-0.10834368040550052,Amsterdam,BU0363AF01,1,random_forest,-0.6226861673825499,62.84809875488281
1810.0,1981.810469948266,171.81046994826602,0.09492291157362763,9.492291157362763,0.09068396040085958,0.24609888562300605,0.0906218658922634,0.15615859861481865,Amsterdam,BU0363AF02,5,random_forest,-0.08839369801228797,71.92475128173828
2180.0,2250.3403658707994,70.34036587079936,0.03226622287651347,3.226622287651347,0.031756601694970854,0.10075454458817722,0.03175393313464922,-0.0959207524272341,Amsterdam,BU0363AF03,4,random_forest,-0.12352307388887224,63.773868560791016
1820.0,2240.971592005774,420.9715920057738,0.23130307253064494,23.130307253064494,0.20807301716860227,0.6029937506297431,0.20732555373422334,0.7048410008279927,Amsterdam,BU0363AF04,2,random_forest,0.3752985117341198,53.55232238769531
1600.0,2274.2179556664537,674.2179556664537,0.42138622229153355,42.138622229153356,0.3516326083086172,0.9657402578928812,0.34805370445425693,1.4695803771359692,Amsterdam,BU0363AF05,3,random_forest,0.5340028890454446,76.8084716796875
1740.0,1876.3539279356671,136.35392793566712,0.07836432639980868,7.836432639980869,0.07544538050987448,0.19531143663940614,0.07540961457470087,0.0895403733050109,Amsterdam,BU0363AF06,3,random_forest,-0.10984770800395156,69.52081298828125
1730.0,2264.1924525593054,534.1924525593054,0.3087817644851476,30.87817644851476,0.2690967537658784,0.7651697089394544,0.2674845836319269,1.0165519896083126,Amsterdam,BU0363AF07,1,random_forest,-0.2562268709048368,62.87613677978516
1830.0,2198.7831974861215,368.7831974861215,0.20152087294323578,20.15208729432358,0.18358814844734628,0.5282398329109478,0.18307423329020767,0.5850217492730542,Amsterdam,BU0363AF08,4,random_forest,0.2864036667246051,86.0977783203125
1790.0,2121.0216307032315,331.0216307032315,0.18492828530906788,18.492828530906788,0.16968225402923753,0.4741506990680208,0.16927629758146404,0.5182667258285727,Amsterdam,BU0363AF09,4,random_forest,0.012626105183729294,74.34925079345703
2290.0,1975.910725667606,-314.0892743323941,-0.13715688835475726,-13.715688835475726,-0.14752239857910077,-0.4498970314359526,-0.14725543712977715,-0.7775410042914424,Amsterdam,BU0363AG01,1,random_forest,-0.15480203954568264,100.51952362060548
2100.0,2028.1522763559974,-71.8477236440026,-0.03421320173523933,-3.421320173523933,-0.03481217485877419,-0.10291366252977992,-0.0348086595814358,-0.3633796712154458,Amsterdam,BU0363AG02,5,random_forest,0.7311051110707065,96.12907409667967
1900.0,2204.364897844587,304.3648978445872,0.16019205149715116,16.019205149715116,0.1485855530499327,0.4359679721781061,0.14831278671368855,0.41874832011333984,Amsterdam,BU0363AG03,4,random_forest,0.44374885860418845,90.76349639892578
2230.0,1903.041670026826,-326.95832997317393,-0.1466180851897641,-14.661808518976411,-0.1585481003789253,-0.46833048460775295,-0.15821680789927858,-0.8156051345198803,Amsterdam,BU0363AG04,2,random_forest,-0.236277065851172,109.8102035522461
2310.0,2136.5145413840537,-173.4854586159463,-0.07510193013677328,-7.510193013677329,-0.078071742284056,-0.2484981156854778,-0.07803211121938487,-0.5278825253356023,Amsterdam,BU0363AG05,1,random_forest,-0.3638803220828481,87.08704376220703
2240.0,1945.6986788672298,-294.3013211327702,-0.13138451836284384,-13.138451836284384,-0.14085473537325477,-0.42155304731988574,-0.1406223159916598,-0.7543177010528981,Amsterdam,BU0363AG06,4,random_forest,-0.24096776486638954,71.96868133544922
1840.0,1871.4681505390042,31.468150539004228,0.01710225572771969,1.710225572771969,0.016957658450238,0.04507453348214357,0.016957252096820075,-0.15692817362322528,Amsterdam,BU0363AH01,5,random_forest,-0.5960186595862182,138.74017333984375
1900.0,1871.4681505390042,-28.531849460995772,-0.0150167628742083,-1.50167628742083,-0.015130656101263185,-0.040868617373718386,-0.015130367444263373,-0.28614887669007183,Amsterdam,BU0363AH02,5,random_forest,0.29490523385010814,134.1521453857422
1920.0,1957.4749840844574,37.474984084457446,0.019518220877321586,1.9518220877321586,0.01933018323884461,0.053678636841525865,0.01932958135811467,-0.14720830269299032,Amsterdam,BU0363AH03,5,random_forest,-0.38398878055023977,69.8529052734375
1910.0,1842.258923931503,-67.74107606849702,-0.03546653197303509,-3.546653197303509,-0.03611074736594411,-0.09703135866155432,-0.036106823884914624,-0.36842204864640454,Amsterdam,BU0363AH04,4,random_forest,-0.42640185126869645,57.74048614501953
2000.0,1871.4681505390042,-128.53184946099577,-0.06426592473049789,-6.426592473049789,-0.06642395048881333,-0.1841072021334883,-0.06639953860558091,-0.4842872880592365,Amsterdam,BU0363AH05,5,random_forest,0.468349421570592,151.05355834960938
1870.0,1871.4681505390042,1.4681505390042275,0.0007851072401092126,0.07851072401092127,0.0007847992046361441,0.0021029580542125895,0.0007847991643562287,-0.2225750548603933,Amsterdam,BU0363AH06,5,random_forest,0.2313549873524574,160.38323974609375
2310.0,1987.5752661520619,-322.4247338479381,-0.13957780686057927,-13.957780686057927,-0.15033208794234998,-0.4618366256792414,-0.15004960419768468,-0.7872808034822895,Amsterdam,BU0363AH07,5,random_forest,-0.38755065448260884,74.73131561279297
2160.0,1942.6990650046557,-217.30093499534428,-0.1006022847200668,-10.06022847200668,-0.10602994492012208,-0.31125878395707873,-0.10593072099725048,-0.6304751290681856,Amsterdam,BU0363AH08,1,random_forest,-0.5860827433560842,56.29254150390625
1750.0,1860.165522595567,110.16552259556693,0.06295172719746682,6.295172719746682,0.06104968647303277,0.15779953545909461,0.061030732195548894,0.027532659753807205,Amsterdam,BU0363AJ01,1,random_forest,-0.4166496596665883,68.76167297363281
2360.0,2181.3717562556108,-178.62824374438924,-0.07568993378999544,-7.5689933789995445,-0.07870769413995493,-0.2558645683206954,-0.07866708709690366,-0.5302481718834293,Amsterdam,BU0363AJ02,1,random_forest,-0.49818845163996495,61.7287483215332
1810.0,2128.6085292185453,318.6085292185453,0.1760268117229532,17.60268117229532,0.16214164830068434,0.4563703481765623,0.16178735553683476,0.48245446489418486,Amsterdam,BU0363AJ03,5,random_forest,-0.2919248005017338,66.10291290283203
1870.0,1728.338865757135,-141.66113424286505,-0.07575461724217382,-7.575461724217382,-0.07877767684157355,-0.2029134038441177,-0.07873696143015024,-0.5305084052757029,Amsterdam,BU0363AJ04,3,random_forest,-0.8543557647233405,59.36420822143555
1890.0,1789.9308759582336,-100.06912404176637,-0.052946626477125065,-5.2946626477125065,-0.05439982674764465,-0.14333759705892482,-0.054386415079445714,-0.43874767501401213,Amsterdam,BU0363AK02,2,random_forest,0.5400217315900383,48.85972595214844
1580.0,1762.7046699628193,182.70466996281925,0.11563586706507548,11.563586706507548,0.10942452672504732,0.26170358354475076,0.10931547235062886,0.23949061770199362,Amsterdam,BU0363AK03,4,random_forest,0.08788468160349934,47.49617385864258
1690.0,1514.1672443067764,-175.8327556932236,-0.10404305070604947,-10.404305070604947,-0.10986291482453403,-0.25186035079907726,-0.10975254553622098,-0.6443179617309023,Amsterdam,BU0363AK04,4,random_forest,-0.7436787597027187,43.81331634521485
1470.0,1587.9831075017175,117.98310750171754,0.08026061734810717,8.026061734810717,0.07720232438434227,0.16899733344105813,0.07716400212433239,0.09716949960539292,Amsterdam,BU0363AK05,2,random_forest,0.023225814767358712,40.36591720581055
2430.0,1692.7494833907933,-737.2505166092067,-0.3033952743247764,-30.33952743247764,-0.361537137158197,-1.0560272061251201,-0.35764992249921923,-1.4463485222912054,Amsterdam,BU0363AK06,4,random_forest,-0.9335296678916554,38.09298706054688
1650.0,2244.5291442272896,594.5291442272896,0.36032069347108464,36.03206934710846,0.3077204759734187,0.8515951321755411,0.30531503152751455,1.2239025541263482,Amsterdam,BU0363AK07,4,random_forest,-0.3480169133493833,49.9372444152832
1670.0,1562.1533921666567,-107.84660783334334,-0.06457880708583434,-6.457880708583434,-0.06675837742127833,-0.15447795477190016,-0.06673359506681639,-0.48554607116325577,Amsterdam,BU0363AK08,2,random_forest,0.04885329754101332,44.69921112060547
4110.0,1987.7425244256092,-2122.257475574391,-0.516364349288173,-51.6364349288173,-0.7264234435379908,-3.039891572971177,-0.696079726906574,-2.303162173397411,Amsterdam,BU0363EA01,3,random_forest,,35.45567321777344
1800.0,1986.4599508227404,186.45995082274044,0.10358886156818914,10.358886156818913,0.09856747049399495,0.26708259470225637,0.0984877448827766,0.19102330494093767,Amsterdam,BU0363EA03,3,random_forest,-0.9356972478692638,35.02823257446289
2030.0,1650.1107882984747,-379.88921170152526,-0.18713754271011096,-18.713754271011098,-0.20719336297197444,-0.544147930496311,-0.20645531265495934,-0.9786223441538057,Amsterdam,BU0363EB02,3,random_forest,,33.03924560546875
1530.0,1612.4040196660917,82.4040196660917,0.05385883638306647,5.385883638306646,0.052458509824205635,0.11803435155487223,0.05244648310680805,-0.00904970779948889,Amsterdam,BU0363EB04,1,random_forest,0.30150942734794994,41.6325569152832
1670.0,1656.5085555253136,-13.491444474686432,-0.0080787092662793,-0.80787092662793,-0.008111518863593403,-0.01932495412919102,-0.008111474387929779,-0.25823581445602706,Amsterdam,BU0363EB05,5,random_forest,-0.06467282905274087,41.92192077636719
1560.0,1598.1531687392421,38.15316873924212,0.024457159448232128,2.445715944823213,0.024162871764162652,0.054650058943097365,0.024161696219739175,-0.1273380469281172,Amsterdam,BU0363EB06,1,random_forest,-0.0013915691717636583,41.024681091308594
1410.0,1567.7502048006163,157.7502048006163,0.11187957787277752,11.187957787277753,0.10605189668437376,0.22595916081204143,0.10595261116684494,0.22437837730738822,Amsterdam,BU0363EB07,1,random_forest,0.404093731720853,36.58753204345703
1490.0,1549.560956185369,59.56095618536892,0.03997379609756303,3.9973796097563032,0.03919551677581978,0.0853142707093091,0.03919049957801641,-0.0649117716452547,Amsterdam,BU0363EB08,2,random_forest,0.1543622764850388,37.35684585571289
1530.0,1597.8237453293186,67.82374532931863,0.04432924531328015,4.432924531328015,0.04337480881609679,0.09714977294078656,0.04336800974197968,-0.04738900057923194,Amsterdam,BU0363EB10,1,random_forest,-0.34548507339767387,40.80891418457031
2150.0,1867.6469650274908,-282.35303497250925,-0.1313269930104694,-13.13269930104694,-0.14078851107858892,-0.40443849132088044,-0.14055641893392554,-0.7540862660090656,Amsterdam,BU0363EC01,1,random_forest,-1.2402029713788647,34.40892791748047
2180.0,1871.5150025865503,-308.4849974134497,-0.141506879547454,-14.1506879547454,-0.15257661212744722,-0.4418695444912382,-0.15228130574193016,-0.7950418167297503,Amsterdam,BU0363EC02,1,random_forest,-0.5948687375209613,34.423091888427734
1770.0,1600.8329674960407,-169.16703250395926,-0.09557459463500523,-9.557459463500523,-0.100455448122581,-0.24231246323877123,-0.10037105613668054,-0.6102478096831883,Amsterdam,BU0363ED01,1,random_forest,1.0081299547379583,41.22461700439453
1760.0,1618.8963653204373,-141.10363467956267,-0.08017251970429698,-8.017251970429697,-0.08356914794110448,-0.20211484935960147,-0.08352054601484123,-0.5482824372071157,Amsterdam,BU0363ED02,1,random_forest,0.5445906773768783,41.76701354980469
1740.0,1564.9971222875859,-175.00287771241415,-0.10057636650138745,-10.057636650138745,-0.10600112802988715,-0.25067164532413283,-0.10590198492595614,-0.6303708553205505,Amsterdam,BU0363ED03,5,random_forest,0.09173246405813462,40.46556854248047
1690.0,1786.1835575284701,96.18355752847015,0.056913347649982335,5.691334764998233,0.05535272401007685,0.13777196657537977,0.05533859529377421,0.003239151282051655,Amsterdam,BU0363ED04,3,random_forest,0.6265083822456009,38.98700714111328
1700.0,1561.650685320097,-138.34931467990305,-0.08138194981170767,-8.138194981170766,-0.08488485761193854,-0.19816960037233372,-0.0848339249218685,-0.5531481963614268,Amsterdam,BU0363EE01,1,random_forest,0.5829097947392762,36.99458312988281
1530.0,1545.2405819811418,15.240581981141759,0.009961164693556705,0.9961164693556704,0.00991187931545845,0.02183039393893996,0.009911798166583389,-0.18565809266388686,Amsterdam,BU0363EE02,2,random_forest,0.3679452302009838,37.10887908935547
1920.0,1846.271576006724,-73.72842399327601,-0.03840022082983126,-3.840022082983126,-0.03915694484954724,-0.1056075510936512,-0.03915194244778719,-0.38022481701093414,Amsterdam,BU0363EE03,2,random_forest,-0.9401090430654432,39.075714111328125
1540.0,1545.5925435986862,5.592543598686234,0.0036315218173287233,0.36315218173287234,0.0036249437627295933,0.008010680302831268,0.003624939793355686,-0.21112340693034268,Amsterdam,BU0363EE04,4,random_forest,0.3935293742818525,37.45124053955078
1900.0,1649.8420148497014,-250.1579851502986,-0.13166209744752558,-13.166209744752559,-0.1411743514200321,-0.3583227575928431,-0.14094034838949876,-0.7554344526237905,Amsterdam,BU0363EE05,3,random_forest,-0.20275438938894522,33.31621551513672
1630.0,1523.6903849431437,-106.30961505685627,-0.06522062273426765,-6.522062273426766,-0.06744473768002646,-0.1522763880710002,-0.06741918329358947,-0.48812821323794786,Amsterdam,BU0363EE06,5,random_forest,-0.37351735939627395,37.180999755859375
1700.0,1840.0402174167427,140.04021741674273,0.08237659848043691,8.237659848043691,0.07915917761156521,0.20059162552224713,0.07911786805571018,0.10568247981143873,Amsterdam,BU0363EF01,5,random_forest,-0.09197175261808174,34.26362991333008
1640.0,1987.7425244256092,347.7425244256092,0.2120381246497617,21.20381246497617,0.1923033431340455,0.4981014705951398,0.1917129024919806,0.6273345819499123,Amsterdam,BU0363EF02,3,random_forest,-0.862320326259207,35.45778274536133
2240.0,1611.344903436947,-628.6550965630529,-0.28064959667993433,-28.064959667993435,-0.329406691826331,-0.900476663337082,-0.32646003529937817,-1.3548384891415026,Amsterdam,BU0363EG01,1,random_forest,,35.98127746582031
1710.0,1658.4147261886708,-51.585273811329216,-0.030166826790251004,-3.0166826790251005,-0.030631208657764475,-0.0738900161518002,-0.030628813851373615,-0.3471003626305914,Amsterdam,BU0363EG02,5,random_forest,-0.5912012009397323,37.60311508178711
1630.0,1648.9022986948721,18.902298694872115,0.01159650226679271,1.159650226679271,0.011529778182935324,0.02707538513759928,0.011529650457957195,-0.1790788296551316,Amsterdam,BU0363EG04,3,random_forest,-0.4143267656626124,42.94926452636719
1460.0,1598.189284900858,138.18928490085796,0.09465019513757394,9.465019513757394,0.09043485573600218,0.19794037598163536,0.09037327125769315,0.15506141037125798,Amsterdam,BU0363EH01,1,random_forest,-0.4703644268289566,40.86562728881836
1460.0,1774.0138101015755,314.0138101015755,0.21507795212436676,21.507795212436676,0.19480823286151772,0.44978893753972815,0.19419447691951122,0.6395643654417031,Amsterdam,BU0363EH02,2,random_forest,-0.10212520837763034,38.41569900512695
1460.0,1692.7494833907933,232.74948339079333,0.1594174543772557,15.94174543772557,0.14791768447401488,0.33338706604464813,0.14764857443761784,0.41563197382433975,Amsterdam,BU0363EH03,4,random_forest,0.4452403270985236,38.13125228881836
1620.0,1847.3471142872438,227.3471142872438,0.14033772486866902,14.033772486866901,0.13132446841786916,0.3256487889972247,0.13113605692978209,0.33887072243053673,Amsterdam,BU0363EH04,3,random_forest,0.12418415745245781,40.33848190307617
1380.0,2140.9801264438174,760.9801264438174,0.5514348742346503,55.14348742346503,0.43918022802441126,1.0900171634212317,0.43225471267422677,1.992789957268546,Amsterdam,BU0363EH05,3,random_forest,0.7970326099556501,39.8578987121582
1660.0,1662.9923860419758,2.9923860419758057,0.0018026421939613287,0.18026421939613288,0.0018010193844588684,0.004286251417075039,0.0018010188976328315,-0.21848132510602378,Amsterdam,BU0363EH06,4,random_forest,-0.34899537141827275,45.69847106933594
1550.0,1624.9877385327961,74.98773853279613,0.04837918615019105,4.837918615019105,0.047245339303798595,0.10741137541773384,0.04723655315119355,-0.03109534575712147,Amsterdam,BU0363EJ01,5,random_forest,-0.34267825286290493,44.259185791015625
1600.0,1664.8013868140793,64.80138681407925,0.040500866758799534,4.050086675879953,0.03970219987263679,0.09282058937719127,0.03969698559661234,-0.06279126970044124,Amsterdam,BU0363EJ02,4,random_forest,-0.21405915394594532,45.17752456665039
1460.0,2273.384134010212,813.3841340102122,0.5571124205549398,55.71124205549398,0.44283309355614353,1.1650799222167383,0.435735571167447,2.015631767483705,Amsterdam,BU0363EJ03,1,random_forest,-0.24269892786998987,52.80683135986328
1500.0,1922.786604791149,422.7866047911491,0.28185773652743273,28.185773652743272,0.24831038239345737,0.6055935492567236,0.24704233924448618,0.908231686761995,Amsterdam,BU0363EK02,5,random_forest,0.19680089426296757,30.848690032958984
1520.0,1762.9848722905062,242.98487229050625,0.15985846861217518,15.985846861217517,0.14829798785737935,0.3480480922492555,0.14802679984387385,0.4174062549817148,Amsterdam,BU0363EK03,3,random_forest,0.5933968891288018,32.22271728515625
1520.0,1751.3379430098616,231.33794300986165,0.15219601513806688,15.219601513806689,0.1416696998290563,0.3313651955796889,0.1414332282631824,0.3865787992174892,Amsterdam,BU0363EK04,2,random_forest,0.27412247638096277,32.50088119506836
1630.0,1682.502216002007,52.50221600200689,0.03220994846748889,3.220994846748889,0.03170208480606718,0.07520343116879212,0.03169942996468328,-0.09614715469652357,Amsterdam,BU0363EL01,5,random_forest,0.25156568958876074,32.48345184326172
1850.0,2141.067620237964,291.0676202379641,0.15733384877727788,15.733384877727788,0.1461189535019667,0.41692113992280144,0.1458595282936396,0.40724924632322634,Amsterdam,BU0363EL02,5,random_forest,-0.5729222517040453,35.58722686767578
1480.0,1576.8659105322768,96.86591053227676,0.06544993954883564,6.544993954883564,0.0633971883921074,0.13874935936109814,0.06337596307285194,0.03758342626243214,Amsterdam,BU0363EL03,4,random_forest,-0.8090696151254705,40.44223785400391
1520.0,1945.5755413491745,425.5755413491745,0.27998390878235163,27.998390878235163,0.24684750658871835,0.609588382512287,0.24560165333086048,0.9006929340483298,Amsterdam,BU0363EM01,2,random_forest,-0.3026130448295628,30.73675346374512
1530.0,1785.239298071209,255.23929807120908,0.16682307063477717,16.682307063477715,0.15428473138604115,0.36560115830797063,0.1539794115131937,0.4454261263574669,Amsterdam,BU0363EM02,2,random_forest,0.28446056294480243,32.28304672241211
1520.0,1746.474942689999,226.4749426899989,0.1489966728223677,14.89966728223677,0.13888910314647074,0.3243995027446544,0.1386662666412453,0.3737072582619587,Amsterdam,BU0363EM03,2,random_forest,-0.09590171116963199,29.29400634765625
1490.0,1652.087292627479,162.08729262747897,0.10878341787079125,10.878341787079124,0.1032633943189385,0.23217154403502777,0.10317173110231333,0.21192195772549915,Amsterdam,BU0363EM04,3,random_forest,0.6235754529641758,32.94290542602539
1880.0,2008.180634043028,128.18063404302802,0.06818118832075959,6.8181188320759585,0.06595737813446245,0.1836041261393332,0.06593347691757961,0.0485717410342069,Amsterdam,BU0363EN01,3,random_forest,-0.2810460539927532,34.73015594482422
1890.0,1711.2067893070991,-178.79321069290086,-0.09459958237719622,-9.459958237719622,-0.09937798272259446,-0.2561008646430648,-0.09929627547286841,-0.6063251565344613,Amsterdam,BU0363EN02,1,random_forest,-0.2003475846528483,37.88315963745117
1720.0,1977.172618430933,257.17261843093297,0.1495189642040308,14.951896420403079,0.13934356287016314,0.3683704190301116,0.13911853460608833,0.37580853228843875,Amsterdam,BU0363EN03,2,random_forest,0.7177286185958652,34.98696517944336
1740.0,1676.4596089009035,-63.540391099096496,-0.03651746614890603,-3.651746614890603,-0.037200919106148866,-0.09101435696116864,-0.03719662947781071,-0.37265014959700044,Amsterdam,BU0363EN04,4,random_forest,0.25153813970252226,37.71295547485352
1690.0,1671.8301402891066,-18.169859710893434,-0.010751396278635169,-1.0751396278635168,-0.0108096101693409,-0.026026249902719376,-0.01080950491408878,-0.2689885245277328,Amsterdam,BU0363EP01,1,random_forest,-0.24064482575329055,46.940765380859375
1530.0,1593.1578102579385,63.157810257938536,0.04127961454767225,4.127961454767225,0.04045035543677056,0.09046635357873195,0.04044484082776617,-0.05965822450883493,Amsterdam,BU0363EP02,1,random_forest,-0.46601433804181425,43.27382278442383
1780.0,1847.3141844900883,67.31418449008834,0.037816957578701314,3.7816957578701316,0.03711942774737764,0.09641988520618308,0.037115166244994606,-0.0735891286113308,Amsterdam,BU0363EQ01,2,random_forest,-0.683258797018538,65.22661590576172
1730.0,1740.6255467526028,10.625546752602759,0.006141934539076739,0.6141934539076739,0.006123149736581013,0.015219882791415883,0.006123130605400446,-0.20102355609390518,Amsterdam,BU0363ER01,2,random_forest,-0.584877446429466,29.381574630737305
1790.0,2170.6995424657052,380.69954246570524,0.2126813086400588,21.26813086400588,0.1928338655495887,0.5453086368147955,0.19223853684629835,0.6299222291149019,Amsterdam,BU0363ER02,4,random_forest,-0.7817289626294867,35.34185791015625
1420.0,1523.6637865137957,103.66378651379569,0.07300266655901104,7.300266655901104,0.07046094878900622,0.14848654071075018,0.07043181153277395,0.06796943233636127,Amsterdam,BU0363ES01,5,random_forest,0.327406026072464,36.45606231689453
1470.0,2042.3408493062668,572.3408493062668,0.38934751653487537,38.93475165348754,0.32883422436919396,0.819812932548344,0.32590279466715855,1.3406827873765275,Amsterdam,BU0363ES02,3,random_forest,0.797369385355186,54.922271728515625
1590.0,1830.5383035957857,240.5383035957857,0.15128195194703503,15.128195194703503,0.14087606233647243,0.3445436618757622,0.14064353750573333,0.38290135534361036,Amsterdam,BU0363ES03,3,random_forest,-0.07434504583580855,109.61034393310548
1680.0,1610.7208474494196,-69.27915255058042,-0.04123759080391692,-4.123759080391691,-0.04211198328551902,-0.09923447764701344,-0.04210576087259269,-0.3916400768436272,Amsterdam,BU0363ET01,1,random_forest,-0.8801615945664244,41.528053283691406
1910.0,1699.5033882436342,-210.49661175636584,-0.11020765013422296,-11.020765013422295,-0.11676715823562756,-0.3015123676470859,-0.11663466638760653,-0.6691192759337665,Amsterdam,BU0363ET02,3,random_forest,-0.6584187202231592,45.38598251342773
1740.0,1713.6484910083905,-26.351508991609535,-0.015144545397476745,-1.5144545397476745,-0.015260395174807151,-0.037745528542425015,-0.015260099028732056,-0.2866629692188956,Amsterdam,BU0363EU01,2,random_forest,-0.6780769115098165,42.66099548339844
1710.0,2225.819497055834,515.8194970558338,0.3016488286876221,30.16488286876221,0.26363179057646846,0.7388525474977394,0.26211542345460176,0.9878548805804671,Amsterdam,BU0363EU02,4,random_forest,-0.27533976217868533,95.9566650390625
2070.0,2042.3379618469755,-27.66203815302447,-0.013363303455567375,-1.3363303455567375,-0.0134533959173595,-0.039622711966099844,-0.013453193005859183,-0.27949670617336575,Amsterdam,BU0363EU03,4,random_forest,-1.0642285869269676,149.44039916992188
2300.0,2091.0604571963995,-208.9395428036005,-0.0908432794798263,-9.084327947982631,-0.09523778985234976,-0.29928204411541104,-0.09516586931121601,-0.5912128610018375,Amsterdam,BU0363EV01,3,random_forest,-0.0530422624862246,83.37492370605469
2480.0,1871.4681505390042,-608.5318494609958,-0.24537574575040152,-24.537574575040153,-0.2815353301057586,-0.8716524089803839,-0.27969036123388313,-1.2129253169651968,Amsterdam,BU0363EV02,5,random_forest,-0.0699013953270017,168.6671600341797
4580.0,1961.140642136758,-2618.8593578632417,-0.5718033532452493,-57.18033532452493,-0.8481727338830218,-3.751217081052106,-0.8007347651243143,-2.526203454871343,Amsterdam,BU0363FA03,2,random_forest,2.516222125734436,24.40243530273437
1420.0,2168.743307931403,748.7433079314028,0.5272840196700019,52.728401967000195,0.4234910074150573,1.0724893177644275,0.4172732590133274,1.8956266396346226,Amsterdam,BU0363FA08,1,random_forest,0.9113555260558075,60.51484298706055
3310.0,3386.173638305451,76.17363830545082,0.02301318377808182,2.3013183778081823,0.022752374255052388,0.10911004146875375,0.022751392786381656,-0.1331474259013914,Amsterdam,BU0363FB01,4,random_forest,,9.920783042907717
2440.0,2425.6876334603658,-14.31236653963424,-0.005865723991653377,-0.5865723991653378,-0.0058829949214143085,-0.020500831277002942,-0.005882977954117294,-0.249332568793142,Amsterdam,BU0363FB02,5,random_forest,0.10625476305032724,19.17993354797364
2130.0,2297.615019663342,167.61501966334208,0.0786924974945268,7.869249749452679,0.07574965723880922,0.24008938201058128,0.07571345698257516,0.09086066581180453,Amsterdam,BU0363FB03,4,random_forest,1.443500053854402,23.842857360839844
1680.0,2143.3112154757005,463.31121547570046,0.2757804854022027,27.57804854022027,0.2435581367393045,0.6636404280806815,0.24236123577926144,0.8837817908031915,Amsterdam,BU0363FB04,4,random_forest,0.4986920033890805,25.17295837402344
2450.0,2554.4068006259804,104.4068006259804,0.042615020663665466,4.261502066366547,0.041732000176600614,0.14955082360960892,0.0417259446665769,-0.05428564076563014,Amsterdam,BU0363FB05,1,random_forest,0.6609476234065034,17.334318161010742
1950.0,2477.5813228399547,527.5813228399547,0.27055452453331014,27.055452453331014,0.23945343866463098,0.7557000202928239,0.23831581370099,0.8627567916882564,Amsterdam,BU0363FB06,4,random_forest,1.3441253281500096,19.69869613647461
1900.0,2533.2275784640183,633.2275784640183,0.33327767287579907,33.32776728757991,0.2876403262372689,0.9070262217004214,0.2856733913413995,1.115103522073599,Amsterdam,BU0363FB07,3,random_forest,1.0316613163180983,21.40550422668457
1960.0,2666.2551004160086,706.2551004160086,0.36033423490612687,36.033423490612684,0.30773043051407,1.0116298106295827,0.30532475407700704,1.2239570338032766,Amsterdam,BU0363FB08,1,random_forest,0.9639264678549692,16.145824432373047
2120.0,1754.379595204151,-365.620404795849,-0.17246245509238162,-17.24624550923816,-0.18930080127060478,-0.523709493422516,-0.1887375234210026,-0.9195817749809752,Amsterdam,BU0363FC01,2,random_forest,0.9629519107423108,28.950708389282227
1710.0,2319.2516762926602,609.2516762926602,0.35628752999570773,35.62875299957077,0.3047512098100098,0.8726834787467812,0.302414306794177,1.2076763977069722,Amsterdam,BU0363FC02,4,random_forest,1.684220250696658,24.147968292236328
1760.0,2731.8961883558463,971.8961883558463,0.5522137433840036,55.221374338400366,0.4396821335309058,1.392130345535062,0.43273314769617877,1.9959234907156256,Amsterdam,BU0363FC03,3,random_forest,1.548136732534417,15.92633819580078
1790.0,1913.6709646579766,123.67096465797658,0.06908992438993106,6.9089924389931054,0.06680774860784577,0.17714453953484088,0.06678291124567932,0.052227752919747225,Amsterdam,BU0363FD01,3,random_forest,1.6275449118453342,30.783552169799805
2230.0,1828.1925858857342,-401.80741411426584,-0.18018269691222683,-18.01826969122268,-0.19867376466016573,-0.5755432534371024,-0.1980228417506549,-0.9506417238595684,Amsterdam,BU0363FD02,2,random_forest,-0.36358298006557926,39.06805419921875
1510.0,2015.5001118985067,505.5001118985067,0.3347682860255011,33.476828602550114,0.28875770826723013,0.7240712062424743,0.28676788872730535,1.1211005321812997,Amsterdam,BU0363FD03,3,random_forest,1.5757974727179769,34.86940383911133
1610.0,1790.2392403396395,180.23924033963954,0.111949838720273,11.1949838720273,0.1061150857464428,0.25817213704426,0.10601562278402268,0.22466104958402164,Amsterdam,BU0363FD04,3,random_forest,1.2078954565585116,34.22431182861328
1400.0,1972.550717624816,572.5507176248159,0.4089647983034399,40.89647983034399,0.3428552491434438,0.8201135449576928,0.3395357197344364,1.4196067101094025,Amsterdam,BU0363FE01,2,random_forest,1.4108542703412563,28.082075119018555
1540.0,1753.6971095476597,213.6971095476597,0.13876435684912966,13.876435684912966,0.12994377706393312,0.3060967153886029,0.12976123938549275,0.33254077430268314,Amsterdam,BU0363FE02,5,random_forest,1.5252037300233585,33.69781875610352
1840.0,2196.0308553191735,356.0308553191735,0.1934950300647682,19.34950300647682,0.1768860026194714,0.5099735584672881,0.1764262306617169,0.552732311282649,Amsterdam,BU0363FE03,3,random_forest,0.00028375265504263414,26.686010360717773
3810.0,3469.4831246613726,-340.5168753386274,-0.08937450796289434,-8.937450796289435,-0.0936235617038026,-0.4877515531032399,-0.0935552344877419,-0.5853037237889367,Amsterdam,BU0363FF01,5,random_forest,0.14684564968724445,11.499258041381836
4010.0,2374.4146078011254,-1635.5853921988746,-0.4078766564086969,-40.78766564086969,-0.5240403151391302,-2.3427893683232,-0.5123681629950381,-1.8666962862627234,Amsterdam,BU0363FF03,2,random_forest,-1.9504331229359366,15.621153831481934
2360.0,2271.875084280959,-88.12491571904093,-0.03734106598264446,-3.7341065982644457,-0.03805610020023842,-0.12622888209669425,-0.03805150791657035,-0.375963642791809,Amsterdam,BU0363FG01,1,random_forest,0.5972461231992933,25.99100875854492
2550.0,1901.0668099556099,-648.9331900443901,-0.2544836039389765,-25.44836039389765,-0.29367815164424727,-0.9295227174560126,-0.2915854637782271,-1.2495679010100953,Amsterdam,BU0363FG02,1,random_forest,-0.39004893811469427,27.63225555419922
2870.0,2200.112884059266,-669.887115940734,-0.23341014492708503,-23.341014492708503,-0.26580335978758995,-0.9595368243615465,-0.2642493890212577,-1.1647855101370588,Amsterdam,BU0363FG03,1,random_forest,-0.334658032637111,23.833229064941406
1350.0,2438.5090209577984,1088.5090209577984,0.8063029784872581,80.6302978487258,0.5912822030988547,1.5591649166023778,0.5746371540551882,3.018171088274192,Amsterdam,BU0363FH01,4,random_forest,1.950684303745182,24.6147575378418
2520.0,2214.389363219512,-305.6106367804882,-0.12127406221447945,-12.127406221447945,-0.129282218553052,-0.43775235099969223,-0.12910245158740588,-0.7136414815204699,Amsterdam,BU0363FH02,2,random_forest,0.8661273895302634,26.56920623779297
1810.0,1728.2530678976962,-81.74693210230384,-0.045164050885250745,-4.516405088525074,-0.046215734289133614,-0.11709314862787006,-0.046207510052905826,-0.4074369459373612,Amsterdam,BU0363FJ01,3,random_forest,1.3970998332689137,29.552743911743164
1950.0,1933.192197861049,-16.807802138951047,-0.008619385712282587,-0.8619385712282588,-0.008656747462455705,-0.024075257913055818,-0.008656693401994972,-0.2604110549685138,Amsterdam,BU0363FJ02,4,random_forest,1.406333828899644,31.33931541442871
2030.0,1857.647366823407,-172.35263317659292,-0.08490277496383887,-8.490277496383888,-0.08872496248135597,-0.24687547255834938,-0.0886668038091233,-0.5673131217339137,Amsterdam,BU0363FJ03,5,random_forest,1.3688565177303522,30.24766540527344
2170.0,2106.571107409273,-63.42889259072717,-0.02922990441968994,-2.922990441968994,-0.029665609497516954,-0.09085464807575216,-0.02966343409131439,-0.34333095208466363,Amsterdam,BU0363FJ04,5,random_forest,0.38464115818620037,23.280561447143555
1550.0,1801.1280369713995,251.12803697139952,0.16201808836864484,16.201808836864483,0.1501582248908715,0.35971224609282443,0.14987671864567603,0.4260948013768189,Amsterdam,BU0363FK01,4,random_forest,1.7991343004103761,29.41146469116211
2390.0,2394.1945119783886,4.1945119783886184,0.0017550259323801751,0.1755025932380175,0.0017534876738949379,0.006008159595422884,0.001753487224604536,-0.21867289406008147,Amsterdam,BU0363FK02,3,random_forest,0.04455191678489712,21.82588195800781
1840.0,2200.730698215183,360.7306982151831,0.19604929250825168,19.60492925082517,0.17902386915092983,0.5167055469174648,0.17854726046183686,0.5630085775924909,Amsterdam,BU0363FK03,4,random_forest,0.6638308367858858,25.48754501342773
1760.0,2112.529824050648,352.52982405064813,0.2003010363924137,20.03010363924137,0.18257238899327266,0.5049587308262554,0.1820669381866263,0.5801141230881618,Amsterdam,BU0363FK04,1,random_forest,0.48588594023155046,23.62482452392578
2160.0,2105.926562997803,-54.0734370021969,-0.025033998612128194,-2.503399861212819,-0.025352678963688646,-0.07745402589291259,-0.025351321080500627,-0.3264500534129076,Amsterdam,BU0363FK05,5,random_forest,0.48953832426577343,22.583845138549805
2270.0,2098.5697774541404,-171.43022254585958,-0.07551992182636987,-7.551992182636987,-0.07852377714470116,-0.24555422462521329,-0.07848345398102512,-0.5295641825703761,Amsterdam,BU0363FL01,3,random_forest,-0.6673787177895076,24.54117584228516
2440.0,2103.731851883926,-336.2681481160739,-0.13781481480166963,-13.781481480166963,-0.14828519937491258,-0.48166573635935117,-0.14801408141048208,-0.7801879630634387,Amsterdam,BU0363FL02,1,random_forest,0.1431017190880647,23.175922393798828
2040.0,1680.9127529095435,-359.08724709045646,-0.17602316033845905,-17.602316033845906,-0.19361285667454808,-0.5143514907851879,-0.19301030200703875,-0.9339071452861661,Amsterdam,BU0363FL03,5,random_forest,1.570444629346887,32.19752883911133
1510.0,1941.5154430887324,431.51544308873235,0.2857718166150545,28.577181661505453,0.2513591735359757,0.6180966137001507,0.2500440459872738,0.9239787488703021,Amsterdam,BU0363FM01,4,random_forest,1.5435215814109418,39.43446731567383
2050.0,1946.0025328315464,-103.99746716845357,-0.05073047178948954,-5.073047178948954,-0.0520625078295156,-0.14896450015809926,-0.05205075137665716,-0.42983167822125956,Amsterdam,BU0363FM02,4,random_forest,0.7651562475593574,34.59874725341797
1700.0,1746.474942689999,46.4749426899989,0.027338201582352294,2.7338201582352295,0.026971186942486014,0.06657005017706856,0.02696955205699239,-0.1157470859853109,Amsterdam,BU0363FM03,2,random_forest,0.9579048829547077,29.293046951293945
1550.0,1536.9128301218902,-13.087169878109762,-0.008443335405232105,-0.8443335405232104,-0.008479182282369102,-0.018745876918511328,-0.008479131480750624,-0.25970277229231675,Amsterdam,BU0363FM04,2,random_forest,0.2832152958264616,37.00801467895508
1840.0,1900.6476265549031,60.64762655490313,0.032960666605925615,3.2960666605925617,0.03242911255479175,0.08687080196763365,0.03242627085447177,-0.0931268779297856,Amsterdam,BU0363FM05,5,random_forest,-1.2909839011233157,30.748634338378903
1620.0,1675.4549397524572,55.45493975245722,0.03423144429164026,3.423144429164026,0.03365858497691576,0.07943287088080278,0.033655407684999514,-0.08801430621565952,Amsterdam,BU0363FM06,2,random_forest,2.4640946582377232,41.41770553588867
1790.0,1960.6313176839512,170.63131768395124,0.09532475848265433,9.532475848265433,0.09105090238557523,0.24440988460743876,0.09098805146719546,0.1577753024361039,Amsterdam,BU0363FN01,2,random_forest,0.8642889837272892,30.3535213470459
1630.0,1738.9290654062136,108.92906540621357,0.06682764748847458,6.682764748847458,0.06468942927081045,0.15602845167990442,0.06466687976588743,0.04312619800111267,Amsterdam,BU0363FN02,3,random_forest,0.5337013923485442,38.62590789794922
1530.0,1571.9438936360757,41.9438936360757,0.02741430956606255,2.741430956606255,0.027045266894530684,0.060079839637458034,0.02704361850137101,-0.11544088960721083,Amsterdam,BU0363FN03,4,random_forest,2.7850663950155625,37.49088668823242
2040.0,2140.771115454806,100.77111545480602,0.04939760561510099,4.939760561510099,0.04821629059748922,0.14434311962409793,0.04820695162301111,-0.026998057452530366,Amsterdam,BU0363FN04,3,random_forest,0.8040634671185836,39.77967834472656
1220.0,1716.9289063430554,496.92890634305536,0.407318775691029,40.7318775691029,0.34168631657213666,0.7117939327079951,0.338400364591604,1.4129844592282097,Amsterdam,BU0363FP01,2,random_forest,0.9848658106585153,42.973876953125
1860.0,1628.2888503440981,-231.71114965590186,-0.1245758869117752,-12.45758869117752,-0.13304680938169255,-0.33189977149770633,-0.13285089601054395,-0.7269253278943569,Amsterdam,BU0363FP02,2,random_forest,-0.7067200555439638,45.90104293823242
2490.0,1919.6740667612398,-570.3259332387602,-0.22904655953363862,-22.90465595336386,-0.2601272957424463,-0.8169267952891502,-0.25867033463434447,-1.1472300057357032,Amsterdam,BU0363FP03,3,random_forest,-0.5257351848070162,39.95814514160156
1460.0,1609.5217747138477,149.52177471384766,0.1024121744615395,10.24121744615395,0.09750066481346398,0.2141728740078069,0.09742349830881174,0.18628927688436955,Amsterdam,BU0363FP04,3,random_forest,0.548784071525307,44.7428092956543
1370.0,1617.189192054849,247.18919205484895,0.1804300671933204,18.043006719332038,0.16587883579995655,0.35407030037847526,0.16549952223468692,0.5001695692912299,Amsterdam,BU0363FP05,3,random_forest,1.3822809885948986,43.77033615112305
1260.0,2042.5244024207657,782.5244024207657,0.6210511130323537,62.105111303235375,0.4830747740468935,1.1208768794273516,0.4738946981570653,2.2728688548774763,Amsterdam,BU0363FP06,1,random_forest,2.922339126322889,30.31257438659668
2820.0,2780.981236847861,-39.018763152138945,-0.013836440834091824,-1.3836440834091823,-0.01393305662931077,-0.05588992412989042,-0.013932831231585433,-0.2814002246294516,Amsterdam,BU0363FQ01,4,random_forest,-1.1053102063915594,15.68947696685791
2350.0,2410.018734581466,60.018734581466106,0.025539887055943025,2.5539887055943025,0.02521919300153641,0.08596998600521467,0.025217856453139932,-0.12298203516971656,Amsterdam,BU0363FQ02,5,random_forest,-0.3477630733865198,18.84111785888672
2190.0,1993.0366464745266,-196.9633535254734,-0.08993760434953123,-8.993760434953122,-0.09424211517296044,-0.2821275200852705,-0.09417242552320194,-0.5875691638348307,Amsterdam,BU0363FQ03,5,random_forest,-0.16372065057537444,24.873842239379883
2580.0,2399.2289421150736,-180.77105788492645,-0.07006630150578544,-7.006630150578544,-0.07264198731793137,-0.25893390496963314,-0.07261006070877257,-0.507623267724265,Amsterdam,BU0363FQ04,5,random_forest,-1.5448309686497865,16.39423370361328
1920.0,2336.503402561576,416.50340256157597,0.2169288555008208,21.69288555008208,0.19633035338191007,0.5965935793054887,0.19570213537756037,0.6470108892156218,Amsterdam,BU0363FQ05,5,random_forest,-0.13352620743779706,20.80745887756348
2090.0,1901.0023652347825,-188.99763476521753,-0.0904294903182859,-9.04294903182859,-0.09478275826563465,-0.2707175372671365,-0.09471186307056932,-0.5895481113082562,Amsterdam,BU0363FQ06,5,random_forest,-0.08532029494045765,30.352214813232425
4010.0,2279.751903392789,-1730.2480966072112,-0.43148331586214744,-43.148331586214745,-0.5647246185742416,-2.478382886413026,-0.5501800780644109,-1.9616702071486931,Amsterdam,BU0363FQ07,2,random_forest,-0.953997698777166,16.00493812561035
2610.0,2285.8727429219402,-324.12725707805976,-0.12418668853565508,-12.418668853565508,-0.13260232552465379,-0.46427529585927396,-0.13240836684191065,-0.7253595114409334,Amsterdam,BU0363FQ08,1,random_forest,-1.817076410181372,39.50380706787109
1690.0,2205.8466067278955,515.8466067278955,0.30523467853721625,30.523467853721627,0.2663828549038447,0.7388913790083336,0.2648187461164714,1.0022814122375983,Amsterdam,BU0363FQ09,3,random_forest,-0.33155891580609276,26.2808837890625
1780.0,1613.3814005844513,-166.61859941554872,-0.09360595472783635,-9.360595472783634,-0.0982811389366951,-0.23866212374938225,-0.09820210565594044,-0.6023276102511126,Amsterdam,BU0363KA01,2,random_forest,-0.8654055463268129,40.32617950439453
2070.0,1963.035533248526,-106.96446675147399,-0.05167365543549468,-5.167365543549468,-0.05305659064473289,-0.153214388370646,-0.053044147947447585,-0.43362627902673434,Amsterdam,BU0363KA02,1,random_forest,-0.7985106697851614,35.477500915527344
1880.0,1664.8013868140793,-215.19861318592075,-0.11446734743931955,-11.446734743931955,-0.12156594772348583,-0.3082474479501645,-0.121416457343091,-0.6862568195006641,Amsterdam,BU0363KA03,4,random_forest,-0.5988139752405616,45.17804336547852
1720.0,1697.0773067140526,-22.92269328594739,-0.013327147259271737,-1.3327147259271737,-0.013416750682138101,-0.03283414145161384,-0.013416549424215647,-0.2793512431639429,Amsterdam,BU0363KA04,3,random_forest,-0.9575626295906189,45.28069686889648
1780.0,1914.5997148402853,134.5997148402853,0.07561781732600296,7.561781732600297,0.0728952102865339,0.19279872662791064,0.07286294875173178,0.07849066353973978,Amsterdam,BU0363KA05,3,random_forest,-1.0282006330340976,48.3993034362793
1710.0,1525.2308462048784,-184.7691537951216,-0.10805213672229334,-10.805213672229334,-0.11434759735058986,-0.2646607209687349,-0.11422316525688854,-0.6604472501159279,Amsterdam,BU0363KB01,4,random_forest,-0.6748085982760594,44.61663055419922
1620.0,2234.5262702286545,614.5262702286545,0.3793372038448485,37.93372038448485,0.32160309672538556,0.880238732452524,0.3188595573858679,1.3004094633451821,Amsterdam,BU0363KB02,5,random_forest,0.14114661170956938,53.16268539428711
2780.0,2039.330219914245,-740.6697800857551,-0.26642797844811333,-26.642797844811334,-0.30982949732785325,-1.0609249107381358,-0.3073745712734889,-1.297622310482984,Amsterdam,BU0363KC02,3,random_forest,-0.5132237267782014,53.59844970703125
2410.0,2181.449922564105,-228.55007743589522,-0.09483405702734242,-9.483405702734242,-0.09963698969031487,-0.3273718963865346,-0.09955464234193845,-0.6072684910590543,Amsterdam,BU0363KC03,2,random_forest,-1.0954942438280377,53.085227966308594
2920.0,2105.168243708046,-814.8317562919542,-0.279051971332861,-27.9051971332861,-0.32718822658769753,-1.1671534758857727,-0.32430028877627953,-1.3484109493357304,Amsterdam,BU0363KC04,1,random_forest,-0.7827901832988933,61.504695892333984
2830.0,1985.0412989525948,-844.9587010474052,-0.2985719791686944,-29.85719791686944,-0.3546369922147443,-1.2103068851848384,-0.3509663359403406,-1.4269435211953616,Amsterdam,BU0363KD02,5,random_forest,-1.3210769444268446,72.85355377197266
2750.0,2197.1654139004263,-552.8345860995737,-0.20103075858166317,-20.103075858166317,-0.22443283030437922,-0.7918724371915611,-0.22349549281139153,-1.0345172998818015,Amsterdam,BU0363KD03,4,random_forest,-0.6778934415010692,79.76178741455078
2540.0,1871.4681505390042,-668.5318494609958,-0.2632015155358251,-26.32015155358251,-0.3054408509593136,-0.9575955598362459,-0.3030881451016768,-1.284641658392949,Amsterdam,BU0363KD04,5,random_forest,-0.41714794900330443,138.60897827148438
2920.0,1979.0482274991075,-940.9517725008925,-0.3222437577057851,-32.22437577057851,-0.3889675803260211,-1.3478060022022484,-0.38413656237110966,-1.5221794280988787,Amsterdam,BU0363KD05,1,random_forest,,99.91410064697266
3080.0,1955.7074305392741,-1124.2925694607259,-0.3650300550197162,-36.50300550197162,-0.45417761194929085,-1.610420765054797,-0.446528153181578,-1.6943165500033888,Amsterdam,BU0363KD06,2,random_forest,-0.42335563491034334,62.76204299926758
2450.0,1847.3141844900883,-602.6858155099117,-0.24599421041220884,-24.599421041220886,-0.28235523250526384,-0.8632786326842754,-0.28049418294111783,-1.2154135137376834,Amsterdam,BU0363KD07,2,random_forest,-0.4253448698501818,65.12252807617188
2680.0,2149.159472652305,-530.8405273476951,-0.19807482363719967,-19.807482363719966,-0.22073997177372906,-0.7603684587041379,-0.2198480006112298,-1.0226250314262362,Amsterdam,BU0363KD08,2,random_forest,-1.0046265040941755,77.68389892578125
1780.0,2118.4185299759574,338.4185299759574,0.1901227696494143,19.012276964941428,0.1740564695746265,0.4847459129023792,0.17361836722956708,0.5391650890957803,Amsterdam,BU0363KD09,5,random_forest,-0.5095544584849189,65.53363037109375
1640.0,2566.4097975940485,926.4097975940485,0.5648840229232003,56.488402292320025,0.44781171448773716,1.3269762831495642,0.4404752946914158,2.046898349269062,Amsterdam,BU0363KD10,4,random_forest,0.5165805225462093,61.093387603759766
1690.0,1775.6769893187293,85.67698931872928,0.05069644338386348,5.0696443383863485,0.04945322371006444,0.12272250696492706,0.04944314751939497,-0.02177259487755651,Amsterdam,BU0363KE01,5,random_forest,-0.5381737869312226,58.958763122558594
1640.0,2248.602004943371,608.602004943371,0.37109878350205544,37.10987835020554,0.31561245013775974,0.8717528987004696,0.3130184082452706,1.267264787225096,Amsterdam,BU0363KE02,4,random_forest,0.18199778228745403,50.31000518798828
1540.0,1881.5836259778223,341.5836259778223,0.22180754933624824,22.180754933624826,0.20033136007861518,0.4892795516217385,0.1996640522735751,0.6666387693596303,Amsterdam,BU0363KE03,4,random_forest,0.24096393890842757,58.4600830078125
1630.0,1757.7827078085306,127.78270780853063,0.0783942992690372,7.83942992690372,0.0754731748758024,0.18303414223265127,0.07543736941215452,0.08966095965550439,Amsterdam,BU0363KE04,5,random_forest,-0.24897521168343123,47.44786071777344
1870.0,1593.639682655579,-276.360317344421,-0.1477862659595834,-14.778626595958341,-0.15991792206353406,-0.3958546074017576,-0.15957798308427681,-0.820304940023158,Amsterdam,BU0363KE05,2,random_forest,-0.4470457607045421,45.109256744384766
1630.0,1721.4007041409734,91.4007041409734,0.05607405162022908,5.607405162022908,0.05455830746582002,0.1309210750719947,0.054544778264227954,-0.00013749058830169386,Amsterdam,BU0363KF01,3,random_forest,-0.5503235420365414,59.25003433227539
1610.0,2375.575746865966,765.5757468659658,0.47551288625215266,47.551288625215264,0.3890056488443552,1.096599865074848,0.3841732263992081,1.6873418740963497,Amsterdam,BU0363KF02,1,random_forest,-0.16110272938962608,50.255897521972656
1650.0,1640.9686592443509,-9.031340755649126,-0.005473539851908561,-0.5473539851908561,-0.00548857455830376,-0.012936364683224118,-0.005488560779988005,-0.24775474006501116,Amsterdam,BU0363KF03,4,random_forest,-0.3806642436063426,37.56846237182617
1660.0,1770.4651838389493,110.46518383894932,0.06654529146924658,6.6545291469246575,0.06442472541550259,0.15822876598318908,0.06440245151552913,0.0419902279463611,Amsterdam,BU0363KF04,2,random_forest,-0.15731342319244335,38.292877197265625
1520.0,1563.3005794403396,43.30057944033956,0.028487223316012868,2.848722331601287,0.028089007394931365,0.06202313718312229,0.028087160706335802,-0.11112436079862685,Amsterdam,BU0363KG01,3,random_forest,0.30571342723347283,37.47171401977539
1550.0,1653.0968771785044,103.09687717850443,0.06651411430871254,6.651411430871254,0.0643954930739632,0.14767450780200794,0.06437324947181669,0.04186479651105583,Amsterdam,BU0363KG02,4,random_forest,0.3693179233638987,36.1390380859375
1520.0,2141.337154670493,621.337154670493,0.40877444386216644,40.877444386216645,0.34272013767626763,0.8899945469366368,0.33940450082719087,1.4188408792775795,Amsterdam,BU0363KG03,3,random_forest,0.7689595101528773,39.582950592041016
1340.0,2293.26004270566,953.26004270566,0.711388091571388,71.13880915713881,0.5373047906811186,1.3654361942519657,0.5247408836697386,2.6363110890386383,Amsterdam,BU0363KH01,4,random_forest,0.6823203064071424,52.68406295776367
2030.0,1713.8681752646207,-316.13182473537927,-0.15572996292383215,-15.572996292383214,-0.16928288641661293,-0.4528227517261935,-0.1688797841890011,-0.8522638899335573,Amsterdam,BU0363KH02,3,random_forest,-0.16523546107964554,58.6309814453125
1390.0,1787.5677683382155,397.5677683382155,0.2860199772217378,28.601997722173778,0.2515521600818138,0.5694704448286605,0.25023401376338417,0.9249771445083051,Amsterdam,BU0363KH03,3,random_forest,0.6706308499993796,56.756866455078125
1530.0,1942.6990650046557,412.6990650046557,0.2697379509834351,26.973795098343512,0.23881054137160707,0.5911443000294717,0.2376820203993705,0.8594715665221827,Amsterdam,BU0363KH04,1,random_forest,0.5764413208348171,56.37149810791016
1850.0,1941.2058871567049,91.20588715670488,0.0493004795441648,4.93004795441648,0.048123732195027635,0.1306420219808568,0.048114446891781265,-0.02738881345065235,Amsterdam,BU0363KH05,4,random_forest,-0.8068040596283387,66.86023712158203
4340.0,1797.7639166263734,-2542.2360833736266,-0.5857686828049831,-58.5768682804983,-0.8813307240062942,-3.6414629870765873,-0.8283916155481486,-2.582388537193898,Amsterdam,BU0363KJ01,2,random_forest,-1.3835349881543582,60.85454940795898
3290.0,1854.4071619584397,-1435.5928380415603,-0.4363504066995624,-43.63504066995624,-0.5733225090381406,-2.056322864123347,-0.5581178910788392,-1.9812514063034896,Amsterdam,BU0363KJ02,4,random_forest,-0.8457428335729203,55.46016693115234
2850.0,1714.903667328113,-1135.096332671887,-0.39827941497259195,-39.8279414972592,-0.5079620858944471,-1.6258959225792609,-0.4973144738172628,-1.8280848236509326,Amsterdam,BU0363KJ03,3,random_forest,-0.8333327514343938,58.37067031860352
2680.0,1930.4082190563124,-749.5917809436876,-0.27969842572525655,-27.969842572525653,-0.3280853015071683,-1.0737046584992929,-0.32517371361840874,-1.3510117539282154,Amsterdam,BU0363KJ04,2,random_forest,-0.9313328730461691,62.2513427734375
3120.0,2365.6446962210475,-754.3553037789525,-0.2417805460829976,-24.17805460829976,-0.2767824182008365,-1.0805278611932347,-0.2750288600713105,-1.1984611692760847,Amsterdam,BU0363KJ05,5,random_forest,-0.25859646978551454,51.80524063110352
3910.0,2294.204224523842,-1615.7957754761578,-0.41324700140055187,-41.324700140055185,-0.5331513337409302,-2.314443001400198,-0.5208712405337257,-1.8883021691870965,Amsterdam,BU0363KJ06,4,random_forest,-0.6259183216868206,52.31611633300781
2240.0,2142.7105625865374,-97.28943741346257,-0.0434327845595815,-4.34327845595815,-0.04440422028600288,-0.13935601327178587,-0.04439692561219257,-0.400471743962432,Amsterdam,BU0363KK01,1,random_forest,-0.7576544269157347,54.05809783935547
2040.0,1597.1949084560933,-442.80509154390666,-0.21706131938426798,-21.706131938426797,-0.24470089944785745,-0.6342677463716955,-0.2434871392316269,-1.0990111862966276,Amsterdam,BU0363KK02,1,random_forest,-0.7310536943570494,43.05466079711914
2110.0,1964.5219832406165,-145.47801675938354,-0.06894692737411542,-6.8946927374115425,-0.07143899728701264,-0.20838065234272188,-0.07140863019405262,-0.5031198202783161,Amsterdam,BU0363KK03,2,random_forest,-1.1261658261220389,30.48004150390625
2010.0,1876.5447292902322,-133.45527070976777,-0.06639565706953621,-6.63956570695362,-0.06870254620991645,-0.19115944105199112,-0.06867553572920779,-0.49285559189210054,Amsterdam,BU0363KK04,4,random_forest,-0.6713800838191106,30.491039276123047
2140.0,2467.2629073688613,327.2629073688613,0.15292659222843985,15.292659222843985,0.14230357250246684,0.46876675695883374,0.14206391688455056,0.3895180448536202,Amsterdam,BU0363KK05,5,random_forest,-0.08799318103068984,25.681472778320312
1980.0,2069.622690861513,89.62269086151309,0.04526398528359247,4.5263985283592465,0.044269471010608186,0.128374274013655,0.04426224253620371,-0.04362837022979807,Amsterdam,BU0363KK06,4,random_forest,-0.5745782825439548,27.44589233398437
1570.0,2016.2108288708216,446.2108288708216,0.28421071902600104,28.421071902600104,0.25014430319393455,0.6391460763194037,0.24884807400535264,0.9176981669349206,Amsterdam,BU0363KL01,5,random_forest,0.024263264837849643,34.69367599487305
1750.0,1804.509686465066,54.5096864650659,0.03114839226575194,3.114839226575194,0.030673125100483034,0.07807890344954825,0.03067072044992815,-0.10041799000545751,Amsterdam,BU0363KL02,1,random_forest,-0.1017209697257191,40.22178268432617
1550.0,1801.856063324961,251.85606332496104,0.16248778279029744,16.248778279029743,0.1505623489964485,0.3607550607383441,0.15027856719785626,0.4279844681859063,Amsterdam,BU0363KM01,2,random_forest,-0.11478604240573928,38.960262298583984
1340.0,1721.21411901815,381.2141190181501,0.2844881485210075,28.44881485210075,0.2503603109942967,0.5460457089860231,0.2490607348566785,0.9188143166791118,Amsterdam,BU0363KM02,1,random_forest,0.8409295734693049,28.5661849975586
1710.0,1723.0571752952062,13.057175295206207,0.007635775026436378,0.7635775026436378,0.007606770053039114,0.01870291310245568,0.007606733374071132,-0.19501356181485377,Amsterdam,BU0363KM03,1,random_forest,-0.7188339976272127,28.333471298217773
1730.0,1699.3758180664772,-30.624181933522777,-0.017701839267932243,-1.7701839267932242,-0.017860390712647778,-0.04386564479583517,-0.01785991594866325,-0.29695143151546655,Amsterdam,BU0363KM04,3,random_forest,-0.7991605244559971,46.859352111816406
5390.0,2020.7929067367095,-3369.2070932632905,-0.6250848039449518,-62.50848039449518,-0.981055422439308,-4.826004558016119,-0.9092703400740143,-2.740564503855069,Amsterdam,BU0363KM05,3,random_forest,,25.58951759338379
2970.0,1808.45858118043,-1161.54141881957,-0.39109138680793604,-39.109138680793606,-0.49608708297239534,-1.663775489715704,-0.4861573660569985,-1.7991660679251467,Amsterdam,BU0363KN01,2,random_forest,-1.1764067626737398,65.91553497314453
2080.0,2135.7558991345772,55.75589913457725,0.026805720737777525,2.6805720737777525,0.026452741422952286,0.07986396084045326,0.02645119901084547,-0.11788935409002348,Amsterdam,BU0363KP01,5,random_forest,-0.46417472629697093,64.60570526123047
1680.0,1663.8737295972003,-16.12627040279972,-0.009598970477856976,-0.9598970477856976,-0.00964533755098973,-0.023099041499503967,-0.009645262774167176,-0.2643521041546647,Amsterdam,BU0363KP02,5,random_forest,,46.53434753417969
4200.0,1805.3782766523104,-2394.6217233476896,-0.5701480293684975,-57.01480293684975,-0.8443143839090022,-3.4300222668732436,-0.797492385336488,-2.51954378329768,Amsterdam,BU0363KP03,2,random_forest,1.2076354315465856,49.79500961303711
2490.0,2273.627462402578,-216.3725375974218,-0.08689660144474771,-8.689660144474772,-0.09090615336999708,-0.3099289606633481,-0.09084360156421316,-0.5753346513718358,Amsterdam,BU0363KP04,4,random_forest,-1.4149530694625154,50.95697021484375
1440.0,1598.189284900858,158.18928490085796,0.10985367007004025,10.985367007004026,0.10422817786833782,0.22658809293358934,0.10413392324633912,0.21622777862743334,Amsterdam,BU0363KP05,1,random_forest,1.8167039444304611,40.90446853637695
2850.0,3907.39537457838,1057.3953745783801,0.37101592090469476,37.101592090469474,0.3155520131347025,1.5145981698613398,0.31295945137570264,1.2669314157973572,Amsterdam,BU0363KQ01,4,random_forest,-0.8016658448048427,11.812549591064451
2570.0,1767.4497018325658,-802.5502981674342,-0.3122763806098966,-31.22763806098966,-0.3743682377610389,-1.1495616890803464,-0.37005630189941247,-1.4820788418379467,Amsterdam,BU0363KQ03,5,random_forest,-0.49366576182963856,27.86849975585937
1950.0,1871.9685729824873,-78.03142701751267,-0.04001611641923727,-4.001611641923727,-0.040838782597879764,-0.11177111172773789,-0.040833107613242645,-0.38672586135271636,Amsterdam,BU0363KQ04,4,random_forest,-0.5779305317332826,30.38359260559082
2040.0,2092.2222382716186,52.22223827161861,0.02559913640765618,2.5599136407656182,0.025276965147697616,0.07480239503014142,0.025275619393337157,-0.12274366416033057,Amsterdam,BU0363KQ05,5,random_forest,-0.5763048382607324,25.47602081298828
2530.0,2168.5080130602983,-361.49198693970175,-0.14288220827656195,-14.288220827656195,-0.15417992324416563,-0.5177960061124011,-0.15387522419239197,-0.8005750164680727,Amsterdam,BU0363KQ06,4,random_forest,-0.41604800793101565,26.269731521606445
1740.0,1728.2530678976962,-11.746932102303845,-0.006751110403622899,-0.67511104036229,-0.006774002237837529,-0.016826139296031117,-0.006773976334676363,-0.25289464072499324,Amsterdam,BU0363KR01,3,random_forest,-0.7307872335578283,29.554744720458984
1700.0,1991.548831402428,291.54883140242805,0.17149931258966356,17.149931258966355,0.15828439218761847,0.4176104199844856,0.15795474729866596,0.46423950545258136,Amsterdam,BU0363KR02,1,random_forest,0.13167005678169835,25.1091423034668
2260.0,2434.920367650151,174.9203676501511,0.07739839276555358,7.739839276555357,0.07454923949183989,0.25055345907866283,0.07451473249915856,0.08565424512403133,Amsterdam,BU0363KR03,5,random_forest,-0.3598679874505604,17.120441436767578
3490.0,2285.0066922541514,-1204.9933077458486,-0.34527028875239213,-34.52702887523921,-0.4235327830960216,-1.7260153604650925,-0.41731321605638,-1.614819385997671,Amsterdam,BU0363KR04,5,random_forest,,14.85928726196289
1850.0,1852.0239602378188,2.0239602378187556,0.001094032560983111,0.10940325609831111,0.0010934345434883141,0.002899092000752059,0.0010934344345457645,-0.22133219163181136,Amsterdam,BU0363MA01,3,random_forest,-0.7916480523112936,31.86481285095215
1780.0,2506.5960641266224,726.5960641266224,0.40820003602619237,40.82000360261924,0.34231231868604617,1.0407659191751644,0.33900841285574385,1.4165299311962698,Amsterdam,BU0363MA02,1,random_forest,-0.8862679397982264,14.370465278625488
2650.0,1758.170749237002,-891.8292507629981,-0.3365393399105653,-33.653933991056526,-0.41028571846816053,-1.277443597266578,-0.40462554719204663,-1.579693177386994,Amsterdam,BU0363MA03,4,random_forest,-0.6926958668266856,48.28731536865234
2050.0,1900.0251505621998,-149.97484943780023,-0.07315846314039036,-7.315846314039036,-0.07597266992753227,-0.2148218518303008,-0.07593614912373638,-0.5200636011408033,Amsterdam,BU0363MA04,3,random_forest,-0.7530613277739794,31.454891204833984
2200.0,2105.926562997803,-94.0734370021969,-0.04276065318281677,-4.2760653182816775,-0.0437018176318853,-0.13474945979682057,-0.04369486363775911,-0.39776763615218863,Amsterdam,BU0363MA05,5,random_forest,-1.1183783515612413,22.588563919067383
2290.0,2144.07396524588,-145.92603475411988,-0.06372315928127506,-6.372315928127506,-0.0658440762372301,-0.20902238697785133,-0.06582029794626033,-0.4821036431036351,Amsterdam,BU0363MA06,5,random_forest,-0.5754505622115927,23.69740104675293
1910.0,1653.3999723644088,-256.60002763559123,-0.13434556420711583,-13.434556420711582,-0.14426948493650205,-0.36755024807839937,-0.14401977304014538,-0.7662305315958282,Amsterdam,BU0363MA07,3,random_forest,-0.12946231323956353,32.49809265136719
2340.0,1912.7126845608814,-427.28731543911863,-0.1826014168543242,-18.260141685432423,-0.20162844122063106,-0.6120403034930074,-0.20094812282539073,-0.9603726778252933,Amsterdam,BU0363MA08,2,random_forest,,34.455413818359375
1690.0,2432.3668333660667,742.3668333660667,0.43927031560122287,43.92703156012229,0.3641362598823399,1.0633557458394733,0.36016534353877305,1.5415313647994722,Amsterdam,BU0363MA09,5,random_forest,-0.5765893354058966,26.577468872070312
2360.0,2396.783638896621,36.78363889662114,0.015586287668059806,1.5586287668059806,0.015466069051901066,0.05268836377866437,0.015465760769877455,-0.16302719118425296,Amsterdam,BU0363MA10,1,random_forest,-1.0725977212335172,20.159040451049805
2570.0,1894.2659014923838,-675.7340985076162,-0.26293155583953937,-26.293155583953936,-0.30507452250175415,-0.967911959441499,-0.3027302196680181,-1.2835555610191127,Amsterdam,BU0363MA11,1,random_forest,0.08553002534265815,26.76823806762696
1910.0,2357.3088034308316,447.30880343083163,0.23419309080148254,23.419309080148253,0.21041738877012062,0.6407187995401844,0.20964444994990955,0.7164680744152052,Amsterdam,BU0363MB01,5,random_forest,-0.7767389319815469,51.56425094604492
1810.0,1753.3958680999492,-56.60413190005079,-0.031273001049751815,-3.1273001049751814,-0.03177244161554871,-0.08107895744918621,-0.031769769060338994,-0.3515507045696991,Amsterdam,BU0363MB02,3,random_forest,-0.8307264462690224,47.28539276123047
1200.0,1709.0162008493296,509.0162008493296,0.42418016737444136,42.418016737444134,0.3535963270191598,0.7291076022945276,0.349957625331007,1.4808209306665132,Amsterdam,BU0363MB03,3,random_forest,2.973568260929571,45.96074295043945
1490.0,2591.4952830908364,1101.4952830908364,0.7392585792555949,73.92585792555948,0.5534589185422893,1.5777662546949354,0.5397508543764361,2.748439172963124,Amsterdam,BU0363MC01,4,random_forest,0.010704333872421725,62.3531494140625
1270.0,2022.988644954462,752.988644954462,0.592904444846033,59.2904444846033,0.4655590447257829,1.07857027843454,0.45732841873487534,2.1596296461362954,Amsterdam,BU0363MC02,1,random_forest,1.5305699956954941,48.4937744140625
1560.0,1532.1000780286095,-27.89992197139054,-0.017884565366275987,-1.7884565366275986,-0.018046426992688325,-0.03996345338089991,-0.01804593723834342,-0.29768657212450195,Amsterdam,BU0363MC03,4,random_forest,0.5098877475850094,44.91162109375
1700.0,1981.9214738912626,281.9214738912626,0.16583616111250743,16.58361611125074,0.15343856442969983,0.4038203293357288,0.15313823278980043,0.44145560833163267,Amsterdam,BU0363MC04,4,random_forest,-0.27571720119680326,39.3127326965332
1600.0,1656.5288877886815,56.52888778868146,0.03533055486792591,3.533055486792591,0.03472075241144168,0.08097117884894572,0.03471726475429298,-0.0835923827697385,Amsterdam,BU0363MD01,4,random_forest,0.38122432509441845,42.7691650390625
1760.0,1652.549431655118,-107.45056834488196,-0.06105145928686475,-6.105145928686475,-0.06299460349800334,-0.15391067341353826,-0.0629737798656692,-0.47135490398616203,Amsterdam,BU0363MD02,3,random_forest,0.25385405521364074,33.63426971435547
1580.0,1582.7222883388547,2.722288338854696,0.0017229673030725926,0.17229673030725925,0.001721484697651654,0.0038993672896557165,0.0017214842725154435,-0.21880187180594063,Amsterdam,BU0363ME01,2,random_forest,0.16077453427142083,41.07275772094727
1550.0,1561.650685320097,11.650685320096954,0.0075165711742561,0.7516571174256099,0.007488462519075867,0.016688276767321146,0.007488427525018569,-0.19549314077640045,Amsterdam,BU0363ME02,1,random_forest,0.3422967053988482,36.973731994628906
1850.0,1986.838906309721,136.8389063097211,0.07396697638363303,7.396697638363303,0.0713592473677842,0.19600611279879201,0.07132898182651772,0.07184902763334963,Amsterdam,BU0363ME03,2,random_forest,-0.35914605840136804,35.09050369262695
1570.0,1660.932617438245,90.93261743824496,0.05791886461034711,5.791886461034711,0.056303642981620605,0.13025059430355784,0.05628877367943624,0.007284530444295885,Amsterdam,BU0363MF01,4,random_forest,-0.21607202077985055,36.09667205810547
1520.0,1558.9211434175554,38.92114341755541,0.025606015406286455,2.5606015406286455,0.025283672422807157,0.05575009500362672,0.025282325596915768,-0.12271598868710343,Amsterdam,BU0363MF02,1,random_forest,0.18054264082657984,37.2337532043457
1640.0,2097.1023881770116,457.10238817701156,0.27872096840061683,27.872096840061683,0.24586033491795778,0.6547469917278612,0.24462930939389635,0.8956118932456234,Amsterdam,BU0363MF03,1,random_forest,0.8548025114764293,39.14288711547852
1610.0,1723.0571752952062,113.0571752952062,0.07022184800944485,7.022184800944485,0.06786596157123537,0.16194149786222561,0.06783992553934681,0.05678168925710351,Amsterdam,BU0363MG01,1,random_forest,0.8155238655838466,28.33564186096192
2050.0,2309.144932512964,259.1449325129638,0.12641216220144577,12.641216220144576,0.11903750377230349,0.3711955338082302,0.11889713993224434,0.28284562961054616,Amsterdam,BU0363MG02,4,random_forest,-0.9672286506955954,14.531352996826172
1720.0,1726.8557377095728,6.85573770957285,0.003985894017193518,0.39858940171935175,0.003977971387167045,0.009820061670034016,0.003977966141471572,-0.20969770257176915,Amsterdam,BU0363MG03,5,random_forest,0.43128211689825924,38.29720306396485
2810.0,2292.3140745229157,-517.6859254770843,-0.1842298667178236,-18.42298667178236,-0.20362266311185895,-0.7415259931538928,-0.20292201456669043,-0.966924230314443,Amsterdam,BU0363MH01,4,random_forest,,17.605234146118164
1820.0,2336.503402561576,516.503402561576,0.28379307833053624,28.379307833053623,0.24981903833289643,0.7398321640652586,0.24852783820326696,0.9160179218139178,Amsterdam,BU0363MH02,5,random_forest,-0.3294106066531874,20.79730033874512
2110.0,2535.0837602822,425.0837602821998,0.20146149776407574,20.146149776407572,0.18353873054075098,0.6088839622718359,0.18302522934758664,0.5847828720367703,Amsterdam,BU0363MH04,3,random_forest,1.6651221264598708,21.34740257263184
1220.0,2167.3666848606335,947.3666848606335,0.7765300695578964,77.65300695578964,0.5746620626277856,1.3569946318799209,0.5593528973965279,2.89838921474066,Amsterdam,BU0363MH05,3,random_forest,2.968711942373699,20.724077224731445
3450.0,3122.790271295183,-327.2097287048168,-0.09484339962458459,-9.484339962458458,-0.09964731116289016,-0.46869058459306223,-0.09956493823751336,-0.6073060780413674,Amsterdam,BU0363MH06,3,random_forest,,11.429183959960938
2990.0,2600.875797045919,-389.12420295408083,-0.1301418738976859,-13.014187389768589,-0.1394251540770446,-0.5573760012691602,-0.13919973080413786,-0.7493183144452327,Amsterdam,BU0363MJ01,1,random_forest,-0.45141504417741174,15.34448528289795
2370.0,2772.178382036007,402.17838203600695,0.16969551984641643,16.969551984641644,0.1567434754939967,0.5760746226381172,0.15642334907750416,0.45698251639702914,Amsterdam,BU0363MJ02,4,random_forest,-0.5104948375767133,15.564563751220703
3280.0,2629.33445064155,-650.6655493584499,-0.19837364309708838,-19.83736430970884,-0.22111266882418068,-0.9320041244204258,-0.2202161867104374,-1.02382723692247,Amsterdam,BU0363MJ03,1,random_forest,-1.0586927615590973,15.06378173828125
2130.0,2247.307609233269,117.30760923326898,0.0550739949451967,5.50739949451967,0.05361090185733097,0.16802975928125566,0.053598065160340255,-0.004160902021134836,Amsterdam,BU0363MJ04,2,random_forest,-0.058350705263431564,20.338165283203125
2460.0,2344.5529380979337,-115.44706190206625,-0.04692969996018953,-4.692969996018953,-0.04806661095540221,-0.16536473761525522,-0.04805735867186444,-0.41454047601904376,Amsterdam,BU0363MJ05,5,random_forest,-0.39085792781651996,20.40775489807129
2250.0,2296.139958030531,46.139958030531034,0.02050664801356935,2.050664801356935,0.020299217713539264,0.06609022289168447,0.02029852070393349,-0.14323167902776354,Amsterdam,BU0363MK04,2,random_forest,-1.1233583854339815,14.745500564575195
1900.0,2229.9025759802635,329.90257598026346,0.17363293472645444,17.363293472645445,0.1601040104440612,0.47254778092015404,0.15976288540024874,0.4728234586552659,Amsterdam,BU0363ML01,4,random_forest,0.01626593690957082,21.439666748046875
2690.0,2434.920367650151,-255.0796323498489,-0.0948251421374903,-9.48251421374903,-0.09962714083771385,-0.36537245538834784,-0.09954481789023643,-0.6072326248220209,Amsterdam,BU0363ML02,5,random_forest,-0.5525990253747788,17.248903274536133
5840.0,3122.790271295183,-2717.209728704817,-0.4652756384768522,-46.52756384768522,-0.6260038769597571,-3.8920927603515634,-0.6063312085762242,-2.0976229191743254,Amsterdam,BU0363ML03,3,random_forest,-1.6714454345379715,11.608132362365724
1400.0,1982.2052041975896,582.2052041975896,0.41586086014113544,41.58608601411354,0.347737727831249,0.833942494890356,0.3442755060958608,1.4473508317497186,Amsterdam,BU0363MM01,5,random_forest,1.0811033090016073,48.50262451171875
1460.0,1601.886500742464,141.88650074246402,0.09718253475511235,9.718253475511235,0.09274556194068495,0.2032362156286659,0.09267913798114892,0.16524947713126475,Amsterdam,BU0363MM02,5,random_forest,0.9911767729443828,40.3789291381836
2040.0,1812.561837804267,-227.43816219573296,-0.11148929519398675,-11.148929519398674,-0.11820858328216666,-0.3257792047327979,-0.11807112865207597,-0.6742755690869728,Amsterdam,BU0363MM03,4,random_forest,-0.7762516754547191,30.7671127319336
1650.0,1726.683283811218,76.68328381121796,0.04647471746134422,4.647471746134422,0.045427103473374864,0.10984005047850637,0.045419293055324134,-0.03875737260768069,Amsterdam,BU0363MM04,2,random_forest,-0.868598942162294,33.740779876708984
1920.0,2159.993468838435,239.9934688384351,0.12499659835335161,12.49965983533516,0.11778001196590182,0.34376324828005383,0.11764404559537724,0.2771505566086656,Amsterdam,BU0363MM05,2,random_forest,,23.686168670654297
1630.0,1682.4758729228274,52.47587292282742,0.03219378706921928,3.219378706921928,0.031686427599105116,0.0751656977149933,0.031683776689080796,-0.09621217496606622,Amsterdam,BU0363MM06,5,random_forest,1.6006764921455017,28.5098934173584
1950.0,2119.2006911835156,169.20069118351557,0.08676958522231568,8.676958522231567,0.08320961255305104,0.2423606754550165,0.08316163493735376,0.12335627123029719,Amsterdam,BU0363MM07,1,random_forest,-0.41379962109061136,23.66036605834961
1610.0,2488.658249281422,878.6582492814218,0.5457504653921875,54.575046539218754,0.43550953053505737,1.25857764114568,0.42875409260358244,1.9699205378679685,Amsterdam,BU0363MM08,5,random_forest,0.22860682458251952,19.413206100463867
2180.0,1730.5842693710654,-449.4157306289346,-0.20615400487565808,-20.615400487565807,-0.2308657973484074,-0.6437367322406657,-0.2298458233716639,-1.0551290594221416,Amsterdam,BU0363MN01,1,random_forest,-1.062679055235053,28.881824493408203
2250.0,1938.3938554455524,-311.6061445544476,-0.13849161980197672,-13.849161980197671,-0.14907049561164065,-0.4463402314842736,-0.14879505381248326,-0.7829108737184234,Amsterdam,BU0363MN02,2,random_forest,-0.9416434344873249,34.83371353149414
2180.0,2022.1873604973443,-157.81263950265566,-0.07239111903791544,-7.239111903791544,-0.07514509951756576,-0.22604859139564157,-0.07510975878237754,-0.5169764350712256,Amsterdam,BU0363MN03,3,random_forest,-1.0250507629305614,24.68918800354004
1580.0,1747.8675431695935,167.86754316959355,0.10624528048708452,10.624528048708452,0.10097165110453687,0.24045109310712162,0.10088595233553665,0.20171056548877797,Amsterdam,BU0363MN04,5,random_forest,1.1565728745788884,33.04532241821289
1170.0,2282.713536117221,1112.7135361172209,0.951037210356599,95.1037210356599,0.6683611339125051,1.5938351215646984,0.6445443703786284,3.6004634500611608,Amsterdam,BU0363MN05,3,random_forest,3.307202076786659,21.966909408569336
1870.0,2246.652164566824,376.652164566824,0.20141826982183103,20.141826982183105,0.18350275042819408,0.5395112299925583,0.18298955049385737,0.5846089580963032,Amsterdam,BU0363MN06,2,random_forest,-0.7315757651340624,19.903982162475582
1150.0,2010.036925432409,860.0369254324089,0.7478581960281817,74.78581960281817,0.558391150388978,1.2319047204008202,0.544320807463175,2.78303700857048,Amsterdam,BU0363MN07,3,random_forest,2.7026263303982483,25.036874771118164
2320.0,1968.2126310700812,-351.7873689299188,-0.1516324866077236,-15.16324866077236,-0.16444134864158855,-0.5038952486188463,-0.1640717936331127,-0.835778991159735,Amsterdam,BU0363MN08,1,random_forest,-0.9075937157607623,25.033430099487305
2650.0,2183.838603559409,-466.16139644059103,-0.17590996092097774,-17.590996092097775,-0.19347548431530726,-0.667722986957883,-0.19287420812822836,-0.9334517232667394,Amsterdam,BU0363MP02,2,random_forest,,21.57117080688477
1500.0,1955.218475983166,455.21847598316594,0.3034789839887773,30.34789839887773,0.2650368315063849,0.6520485025632801,0.2634962038709495,0.9952179310418718,Amsterdam,BU0363MP03,3,random_forest,0.32463387864811233,25.41349029541016
1990.0,1606.2317889781348,-383.7682110218652,-0.19284834724716846,-19.284834724716845,-0.21424370674044013,-0.5497041542256071,-0.2134279621230491,-1.001597958275204,Amsterdam,BU0363MQ01,4,random_forest,-1.0937269418559041,43.081050872802734
5150.0,1969.2785630831168,-3180.7214369168832,-0.6176158129935696,-61.76158129935696,-0.9613294506305392,-4.556020371390361,-0.8935516172693266,-2.71051538330443,Amsterdam,BU0363MQ03,4,random_forest,,39.51675415039063
1310.0,1956.4080510175243,646.4080510175243,0.4934412603187208,49.34412603187208,0.401083027682108,0.9259057440507132,0.39579136526813335,1.7594710113666987,Amsterdam,BU0363MQ04,5,random_forest,1.5135195162903021,68.03062438964844
1620.0,1831.5771081880803,211.57710818808027,0.1306031532025187,13.06031532025187,0.1227512542190059,0.30306005544425346,0.12259735277891477,0.2997067551143298,Amsterdam,BU0363MQ05,2,random_forest,-1.1049858012316942,58.76456069946289
1930.0,2141.067620237964,211.0676202379641,0.10936146126319383,10.936146126319384,0.10378458967540549,0.3023302721149855,0.10369153250548399,0.21424753231715005,Amsterdam,BU0363MQ07,5,random_forest,0.24428183146864066,35.614261627197266
2650.0,2498.689019652345,-151.310980347655,-0.05709848315005849,-5.709848315005849,-0.058793437804681936,-0.21673570683611462,-0.05877650787223967,-0.4554513559377198,Amsterdam,BU0363NA03,3,random_forest,-0.6917756599562948,17.35326385498047
2810.0,2296.139958030531,-513.860041969469,-0.18286834233788932,-18.28683423378893,-0.20195504941578601,-0.7360458517630271,-0.20127142859110655,-0.9614465680048231,Amsterdam,BU0363NA04,2,random_forest,-0.6850663318246514,14.710847854614258
2720.0,2372.77082314646,-347.22917685354014,-0.12765778560791916,-12.765778560791915,-0.13657348436327243,-0.4973661587980095,-0.13636159525396116,-0.7393243716270511,Amsterdam,BU0363NA05,2,random_forest,-1.3623571630930196,18.003700256347656
2040.0,2249.385398135921,209.38539813592115,0.10263990104702017,10.263990104702017,0.0977072146621687,0.2999206809835031,0.09762955701155497,0.1872054627070914,Amsterdam,BU0363NA06,3,random_forest,-0.42792973099644177,19.79088020324707
1840.0,2498.689019652345,658.689019652345,0.3579831628545353,35.79831628545353,0.3060006305725551,0.9434968297180217,0.30363504582548995,1.2144982397089503,Amsterdam,BU0363NA07,3,random_forest,1.516461675601486,17.357803344726562
1460.0,1897.5378252221633,437.5378252221633,0.29968344193298857,29.968344193298858,0.26212072860964764,0.6267229886369023,0.2606301688906287,0.9799477691777305,Amsterdam,BU0363NB03,2,random_forest,0.1486039198732168,32.05942153930664
1850.0,1947.308739708779,97.30873970877906,0.052599318761502194,5.259931876150219,0.05126264674134351,0.13938366160642338,0.05125142377348111,-0.014116978210230774,Amsterdam,BU0363NB04,4,random_forest,-0.3964318488296384,39.38440704345703
2340.0,1670.3077465162128,-669.6922534837872,-0.2861932707195672,-28.619327071956718,-0.3371430405672742,-0.9592577061359878,-0.33398546735748863,-1.377141706616889,Amsterdam,BU0363NB05,1,random_forest,-1.2998716458493502,47.00771331787109
2080.0,1786.6548502706441,-293.34514972935585,-0.14103132198526724,-14.103132198526724,-0.15202282097498632,-0.42018344093375737,-0.15173071354368406,-0.7931285614308838,Amsterdam,BU0363NB06,5,random_forest,,47.82121658325195
1940.0,2022.988644954462,82.98864495446196,0.042777652038382456,4.277765203838245,0.04188797212104589,0.11887176054408152,0.04188184846813538,-0.05363134491549492,Amsterdam,BU0363NB07,1,random_forest,-1.116403678717307,48.48359680175781
2060.0,2122.1953479527856,62.195347952785596,0.030191916481934755,3.0191916481934755,0.02974511156637405,0.08908773619398462,0.029742918624416078,-0.10426606751937789,Amsterdam,BU0363NC01,2,random_forest,0.4221756762579541,23.63360023498535
2030.0,2228.582192730471,198.58219273047098,0.09782374026131575,9.782374026131576,0.09332980220618214,0.2844463224520453,0.09326211576681873,0.1678291644918544,Amsterdam,BU0363NC02,2,random_forest,0.33035100867619716,22.05030632019043
1790.0,2512.47002811413,722.47002811413,0.40361454084588266,40.36145408458827,0.3390507243525738,1.0348558435841917,0.33583965647323977,1.3980816430199403,Amsterdam,BU0363NC03,5,random_forest,0.6164444484180249,26.1401596069336
2510.0,2291.4884639706684,-218.51153602933164,-0.08705638885630743,-8.705638885630743,-0.09108116245915987,-0.3129928317452494,-0.09101824889052425,-0.5759775054365531,Amsterdam,BU0363NC04,5,random_forest,-1.0777175626822946,21.748464584350582
2410.0,3426.019735994486,1016.0197359944859,0.42158495269480745,42.158495269480746,0.3517724130349871,1.4553322907184523,0.34818927349681117,1.4703799059992289,Amsterdam,BU0363ND01,5,random_forest,-0.24391364901044593,13.708645820617676
2960.0,2378.167536509672,-581.8324634903279,-0.1965650214494351,-19.65650214494351,-0.21885901985364864,-0.8334085863764507,-0.21798958519415648,-1.01655082029878,Amsterdam,BU0363ND02,2,random_forest,-1.0197511687708163,15.796485900878906
1920.0,2505.9445329007945,585.9445329007945,0.30517944421916376,30.517944421916376,0.26634053647047473,0.8392986564043424,0.2647771695036415,1.0020591944450619,Amsterdam,BU0363NE01,3,random_forest,1.5273199105797213,18.02370834350586
2070.0,2344.5529380979337,274.55293809793375,0.1326342696125284,13.263426961252838,0.12454613171159146,0.3932657429478475,0.12438538712652901,0.30787830897669805,Amsterdam,BU0363NE02,5,random_forest,1.066894654811293,20.415355682373047
2120.0,2151.8026930717183,31.802693071718295,0.015001270316848253,1.5001270316848254,0.01488986403666015,0.04555372747142269,0.014889588942531416,-0.16538082329134737,Amsterdam,BU0363NE03,2,random_forest,1.1577919337166398,22.991247177124023
1880.0,1992.4744242523043,112.47442425230429,0.05982682141080015,5.982682141080016,0.05810551874911152,0.1611067735157001,0.05808917603065683,0.014960590607632081,Amsterdam,BU0363NE04,5,random_forest,0.20961115260445712,24.89430427551269
2940.0,1981.4083862553841,-958.5916137446159,-0.32605156930088974,-32.605156930088974,-0.39460168331290646,-1.373073061153628,-0.3895598733166673,-1.537498952570152,Amsterdam,BU0363NE05,3,random_forest,-1.9035113610047723,39.26127624511719
2200.0,1970.0920863370366,-229.90791366296344,-0.10450359711952883,-10.450359711952883,-0.11037707437333388,-0.3293168417815425,-0.11026514949933014,-0.6461708244251922,Amsterdam,BU0363NE06,1,random_forest,-0.47043690265363625,25.09502410888672
3300.0,2050.2142964921227,-1249.7857035078773,-0.3787229404569325,-37.87229404569325,-0.4759781459113004,-1.7901753542346177,-0.46719089526088764,-1.749405539649687,Amsterdam,BU0363NF01,1,random_forest,-2.6921677622501567,20.90875244140625
3230.0,2196.07041224857,-1033.92958775143,-0.32010203955152633,-32.01020395515263,-0.3858125502358467,-1.480986108907672,-0.38109700361332705,-1.5135629031329592,Amsterdam,BU0363NF02,4,random_forest,-2.9752715900447666,21.667524337768555
2950.0,2247.307609233269,-702.692390766731,-0.23820081042940033,-23.820081042940032,-0.2720722887730638,-1.0065266357488576,-0.27040631172892826,-1.1840592361509075,Amsterdam,BU0363NF03,2,random_forest,-1.5568076049202726,20.30553436279297
3220.0,2309.144932512964,-910.8550674870362,-0.28287424456119137,-28.287424456119137,-0.3325040626336966,-1.3046959078810778,-0.32947411529437265,-1.3637886556100056,Amsterdam,BU0363NF04,4,random_forest,-1.9676834438713955,14.357451438903809
2020.0,1935.5604487228454,-84.43955127715458,-0.04180175805799732,-4.180175805799732,-0.042700589285368906,-0.12095001822689644,-0.042694102325963976,-0.3939098251856636,Amsterdam,BU0363NG01,2,random_forest,-0.5172813349166762,31.82325553894043
1570.0,1987.675349444673,417.675349444673,0.26603525442335857,26.603525442335858,0.23589017043012106,0.5982722594349731,0.23480239674475584,0.8445749391168994,Amsterdam,BU0363NG02,2,random_forest,2.092053193048246,31.20207405090332
2960.0,2175.0946804110927,-784.9053195889073,-0.26517071607733356,-26.517071607733357,-0.30811707351928685,-1.1242872714833,-0.3057023749077481,-1.2925641133598036,Amsterdam,BU0363NG03,5,random_forest,-3.083435156017815,21.875411987304688
1940.0,2216.7107617314773,276.7107617314773,0.1426344132636481,14.26344132636481,0.13333648523700337,0.3963565789821471,0.13313929094080795,0.34811072109932695,Amsterdam,BU0363NH01,3,random_forest,0.17281355537858625,22.60145568847656
1690.0,2533.2275784640183,843.2275784640183,0.49895122986036583,49.89512298603658,0.40476568347468156,1.2078272496959381,0.3993285054132455,1.781638629464642,Amsterdam,BU0363NH02,3,random_forest,1.6530513429410911,21.47650909423828
1690.0,1710.1691342582426,20.169134258242593,0.011934398969374316,1.1934398969374316,0.011863745611369936,0.02888998246980461,0.01186360646300176,-0.17771940924404397,Amsterdam,BU0363NH03,4,random_forest,-0.10142977660893396,28.317182540893555
1690.0,2310.0676528340928,620.0676528340928,0.36690393658822057,36.69039365882206,0.31254828211103103,0.8881761304726778,0.31002858283897666,1.2503881486770243,Amsterdam,BU0363NH04,5,random_forest,0.8430888788919498,21.668960571289062
1810.0,2570.9533644753924,760.9533644753924,0.42041622346706764,42.04162234670677,0.35094994378097955,1.089978829956406,0.34739167535809395,1.4656778939491393,Amsterdam,BU0363NH05,3,random_forest,0.9129894480596473,21.079822540283203
2430.0,2356.490687518021,-73.50931248197912,-0.030250745877357665,-3.0250745877357663,-0.0307177418063187,-0.10529369886582379,-0.03071532664783958,-0.3474379845103583,Amsterdam,BU0363NH06,3,random_forest,-2.7119302558657794,19.33973503112793
2510.0,3426.019735994486,916.0197359944859,0.364948101989835,36.4948101989835,0.3111164073938584,1.3120937059586824,0.3086309603857883,1.2425194673509181,Amsterdam,BU0363NJ01,5,random_forest,-0.6339499804724724,13.409802436828612
2120.0,2782.131838246463,662.1318382464628,0.31232633879550137,31.232633879550136,0.271801393430799,0.9484282743480823,0.27014036345595854,1.0308124622003705,Amsterdam,BU0363NJ02,4,random_forest,0.9191925734016207,15.667718887329102
2170.0,2309.144932512964,139.1449325129638,0.06412208871565152,6.412208871565152,0.06215012937025133,0.1993092320965063,0.06213013180392823,0.032241238807749116,Amsterdam,BU0363NJ03,4,random_forest,0.7120341822170626,14.360751152038574
2630.0,2527.8178503428985,-102.18214965710149,-0.0388525283867306,-3.8852528386730603,-0.039627425371683955,-0.14636426504594227,-0.039622240498589256,-0.38204453327404164,Amsterdam,BU0363NJ04,2,random_forest,-0.9804257257714105,16.669240951538086
1950.0,2370.563751717889,420.56375171788886,0.21567371882968658,21.567371882968658,0.19529842420797916,0.6024095659732965,0.19468003523876692,0.6419612441720085,Amsterdam,BU0363NJ05,2,random_forest,0.7527770518753379,17.84249496459961
2340.0,2291.737320808706,-48.262679191293955,-0.02062507657747605,-2.062507657747605,-0.02084074406200198,-0.06913077864075744,-0.020839989769915208,-0.3087121513883898,Amsterdam,BU0363NJ06,2,random_forest,0.8154028617002733,16.17361831665039
1980.0,1767.4497018325658,-212.55029816743422,-0.1073486354380981,-10.73486354380981,-0.11355918356035488,-0.30445403899770396,-0.1134373054098597,-0.6576169354142611,Amsterdam,BU0363NK01,5,random_forest,0.4510777791619061,27.876352310180664
1850.0,1900.207947764997,50.207947764997016,0.027139431224322712,2.713943122432271,0.0267776872854677,0.07191715381550626,0.026776087333994017,-0.116546775593881,Amsterdam,BU0363NK02,3,random_forest,0.9694632535717046,31.55956077575684
1650.0,1900.9490391283969,250.94903912839686,0.15209032674448295,15.209032674448295,0.1415779678322675,0.3594558521157569,0.14134195470740626,0.38615359542486455,Amsterdam,BU0363NK03,2,random_forest,1.1352235313081527,48.19928359985352
1350.0,2230.2724449155935,880.2724449155935,0.6520536629004396,65.20536629004397,0.502019158167113,1.2608897921273214,0.4917348936200001,2.39759779944674,Amsterdam,BU0363NL01,2,random_forest,0.31522262513680643,26.80798721313477
2930.0,2036.8010466922135,-893.1989533077865,-0.3048460591494152,-30.484605914941522,-0.3636219603175812,-1.2794055398071515,-0.3596676995558896,-1.4521852957419135,Amsterdam,BU0363NL02,4,random_forest,-1.6309036705975266,22.528324127197266
1730.0,1704.8305860862556,-25.169413913744393,-0.014548794169794446,-1.4548794169794446,-0.014655665710300525,-0.036052312282376084,-0.014655403393518248,-0.2842661527579648,Amsterdam,BU0363NL03,4,random_forest,0.8633786787326699,33.71451950073242
1520.0,1831.8772327821805,311.8772327821805,0.20518238998827665,20.518238998827666,0.18663091647482144,0.44672853442512855,0.18609108336781832,0.5997527039362525,Amsterdam,BU0363NL04,2,random_forest,0.6122577058883558,47.0291862487793
2040.0,2331.3671173668945,291.3671173668945,0.14282701831710515,14.282701831710515,0.13350503330458618,0.4173501353716775,0.13330709114287354,0.3488856065567691,Amsterdam,BU0363NM01,2,random_forest,0.3605189675279256,21.906768798828125
1900.0,2507.3726011264266,607.3726011264266,0.31966979006654034,31.966979006654032,0.2773815462627871,0.8699919180720959,0.2756166342601466,1.0603565135906525,Amsterdam,BU0363NN01,3,random_forest,0.17733563339676722,17.5926570892334
1730.0,2484.6014356994933,754.6014356994933,0.4361858009823661,43.618580098236606,0.3619908501268725,1.0808804170728594,0.3580891086439128,1.529121796729895,Amsterdam,BU0363NN02,1,random_forest,0.41475002175223535,14.456543922424316
1590.0,1728.2530678976962,138.25306789769616,0.08695161502999758,8.695161502999758,0.08337709475646005,0.19803173784362377,0.08332882698744096,0.12408861053428721,Amsterdam,BU0363NP01,3,random_forest,1.783605861716257,29.74123764038086
3230.0,2999.95253356396,-230.04746643603994,-0.07122212583159131,-7.122212583159131,-0.07388567083697417,-0.32951673519869035,-0.0738520767844236,-0.5122733609868728,Amsterdam,BU0363NP03,3,random_forest,,10.772582054138184
3200.0,3192.559062462906,-7.440937537094214,-0.002325292980341942,-0.23252929803419417,-0.0023280006723300772,-0.010658293620992233,-0.002327999620930336,-0.23508876545309013,Amsterdam,BU0363NQ03,3,random_forest,-0.8869240985085697,2.3431925773620605
2660.0,3453.9663511293497,793.9663511293497,0.29848359065013147,29.848359065013145,0.2611971148826582,1.1372661648264661,0.2597221854133009,0.9751205473915348,Amsterdam,BU0363NQ04,5,random_forest,-2.0878881476695197,12.376033782958984
3340.0,3536.792694332755,196.79269433275522,0.058919968363100365,5.891996836310036,0.05724949092412146,0.2818830702728585,0.05723385975992395,0.01131215446285383,Amsterdam,BU0363NQ05,4,random_forest,-1.67823237898861,10.9488525390625
2130.0,3322.249959365111,1192.249959365111,0.5597417649601459,55.97417649601459,0.4445202722770105,1.7077619685935168,0.4373423699393059,2.026210102296999,Amsterdam,BU0363NQ07,5,random_forest,0.4694391120643235,3.620231866836548
3350.0,3219.0799112585055,-130.9200887414945,-0.03908062350492374,-3.9080623504923735,-0.03986476895782154,-0.18752808227955162,-0.03985949037310853,-0.3829622017714615,Amsterdam,BU0363NQ08,4,random_forest,-0.9072540383691716,1.015711545944214
3560.0,3192.559062462906,-367.4409375370942,-0.10321374649918377,-10.321374649918377,-0.10893773573058674,-0.5263171987561639,-0.10883012918159506,-0.6409815187967135,Amsterdam,BU0363NQ09,3,random_forest,-1.5631818668640238,1.7939200401306152
3680.0,3177.7766720720815,-502.2233279279185,-0.13647373041519525,-13.647373041519526,-0.14673095964065652,-0.7193775872573688,-0.14646826572034502,-0.7747925345965868,Amsterdam,BU0363NQ10,1,random_forest,-1.3351771332271565,1.98793375492096
4540.0,2819.996638488187,-1720.0033615118132,-0.378855365971765,-37.8855365971765,-0.47619131912941093,-2.4637084728499903,-0.46739243127293556,-1.749938311785185,Amsterdam,BU0363SA01,2,random_forest,-2.7914652579562538,7.573678970336914
2570.0,3411.854088606783,841.8540886067831,0.327569684282795,32.7569684282795,0.28334996562465076,1.2058598822626156,0.2814692823117178,1.0921392370116247,Amsterdam,BU0363SA02,4,random_forest,-0.8220688133314911,10.555868148803713
5050.0,3207.7310099556453,-1842.2689900443547,-0.36480574060284254,-36.480574060284255,-0.45382440656303835,-2.6388400288076403,-0.44619254074110365,-1.693414091960829,Amsterdam,BU0363SB02,1,random_forest,-2.759099421668154,13.461380004882812
3810.0,2345.823472199712,-1464.176527800288,-0.38429830125991815,-38.42983012599181,-0.48499268803015383,-2.097265736805872,-0.4757045209020854,-1.7718362387859894,Amsterdam,BU0363SB03,4,random_forest,-2.7051045169729435,16.72929573059082
4570.0,3770.5136377868757,-799.4863622131243,-0.17494231120637294,-17.494231120637295,-0.19230196928169363,-1.1451729505814472,-0.19171154126312656,-0.9295586909797516,Amsterdam,BU0363SB04,4,random_forest,-2.6365382199795664,13.313756942749023
3160.0,2495.9443498776754,-664.0556501223246,-0.21014419307668497,-21.014419307668497,-0.23590487306227814,-0.951183915252507,-0.23481689671741077,-1.0711823184303348,Amsterdam,BU0363SB05,3,random_forest,-2.3954232238943534,17.490480422973633
3640.0,3072.3613357648546,-567.6386642351454,-0.15594468797668828,-15.594468797668828,-0.16953725096089656,-0.8130775891996845,-0.16913233237628275,-0.8531277682058053,Amsterdam,BU0363SB06,3,random_forest,,7.551327705383301
1900.0,2605.422591085213,705.4225910852128,0.3712750479395857,37.12750479395857,0.3157409989415374,1.0104373360461578,0.31314380696763855,1.267973931387489,Amsterdam,BU0363SC01,1,random_forest,-0.5658863431145396,15.20262622833252
2970.0,2201.7511139429525,-768.2488860570475,-0.25866965860506647,-25.866965860506646,-0.2993089481760478,-1.1004288318208122,-0.2970942990608584,-1.2664091667328259,Amsterdam,BU0363SC02,1,random_forest,-1.758340746156511,18.35771942138672
2300.0,2365.798233028322,65.7982330283221,0.028607927403618304,2.8607927403618305,0.028206361312858697,0.09424845778670408,0.02820449138265285,-0.11063874611479338,Amsterdam,BU0363SC03,1,random_forest,-0.24409726282957886,21.82544708251953
2150.0,2229.5059070161856,79.50590701618557,0.03697949163543515,3.697949163543515,0.03631215242254893,0.11388313601040283,0.03630816293171938,-0.07695840770807434,Amsterdam,BU0363SC04,2,random_forest,0.6398901342589336,22.1475830078125
1860.0,2504.9133007995624,644.9133007995624,0.34672758107503354,34.672758107503356,0.29767763575350603,0.9237646849928112,0.29549879063184487,1.1692149697249072,Amsterdam,BU0363SC05,3,random_forest,-0.4096811112645563,18.43906784057617
1910.0,2343.7160241663732,433.71602416637324,0.22707645244312735,22.707645244312737,0.20463447221729147,0.6212486948922548,0.2039233562853417,0.6878365329743984,Amsterdam,BU0363SC06,2,random_forest,0.8141583599443108,19.13876914978028
2100.0,2571.2811740800494,471.28117408004937,0.22441960670478542,22.44196067047854,0.2024669412774598,0.6750564839914903,0.20177812318174673,0.677147555253638,Amsterdam,BU0363SD01,1,random_forest,-1.0993175598586848,17.255659103393555
3630.0,2346.55878193475,-1283.4412180652498,-0.3535650738471763,-35.35650738471763,-0.4362827414390882,-1.8383830369802163,-0.42949170748380733,-1.6481908278533715,Amsterdam,BU0363SD02,2,random_forest,0.08230006775631706,19.51798820495605
2180.0,3834.877650416404,1654.8776504164039,0.7591181882644055,75.91181882644055,0.5648126540976692,2.3704233259621894,0.5502614505556364,2.8283380226308763,Amsterdam,BU0363SD03,4,random_forest,-0.9169817479447491,12.29782009124756
1750.0,2800.398559568827,1050.3985595688268,0.6002277483250439,60.02277483250439,0.47014596181912705,1.5045760310633964,0.4616732120574324,2.189092639263764,Amsterdam,BU0363SD04,3,random_forest,0.17506655111836758,14.216941833496094
2270.0,3247.4395122942074,977.4395122942074,0.43059009352167726,43.05900935216773,0.358087011966421,1.40007052429302,0.35430909939881805,1.5066092392576935,Amsterdam,BU0363SD05,4,random_forest,-0.16194792846589792,8.458714485168457
2520.0,3162.6729693303782,642.6729693303782,0.2550289560834834,25.502895608348343,0.22715864489405924,0.920555665902424,0.22618685706494493,0.8002945821337392,Amsterdam,BU0363SD06,1,random_forest,-1.7310725680313923,6.107717037200928
4040.0,3177.7766720720815,-862.2233279279185,-0.2134216158237422,-21.34216158237422,-0.24006289943287662,-1.2350364923925405,-0.23891659914171082,-1.0843679912826363,Amsterdam,BU0363SE01,1,random_forest,-1.1094825689503736,3.5176427364349365
2270.0,3165.0201121875216,895.0201121875216,0.3942819877478069,39.42819877478069,0.3323795786442565,1.282014142012711,0.32935300834693254,1.3605350701408536,Amsterdam,BU0363SE02,1,random_forest,-1.034490680576394,5.647757053375244
2310.0,3401.257786297981,1091.257786297981,0.4724059680943641,47.24059680943641,0.38689777582500273,1.5631022091740225,0.38214271781464476,1.67484217248042,Amsterdam,BU0363SE03,4,random_forest,-1.0166789904291655,10.143012046813965
4320.0,3322.249959365111,-997.750040634889,-0.23096065755437248,-23.096065755437248,-0.26261315025767473,-1.4291630376454443,-0.26111421268345386,-1.1549307731546443,Amsterdam,BU0363SE04,5,random_forest,-1.0066213240086062,2.3422341346740723
1670.0,2009.0112458045905,339.01124580459054,0.20300074599077278,20.300074599077277,0.1848190571010555,0.48559491066696037,0.18429475919171845,0.5909755499798083,Amsterdam,BU0363TA03,2,random_forest,0.17567340884350294,56.04849624633789
1340.0,1639.6851358234137,299.6851358234137,0.2236456237488162,22.36456237488162,0.20183461908920286,0.42926474728885206,0.2011522172060626,0.6740336798587623,Amsterdam,BU0363TA05,5,random_forest,1.2198211848223426,44.95952987670898
5230.0,3426.019735994486,-1803.980264005514,-0.34492930478116907,-34.492930478116904,-0.42301211753928136,-2.5839957995070595,-0.41681519197651307,-1.6134475449385757,Amsterdam,BU0363TA07,5,random_forest,,13.462725639343262
1660.0,1546.6146151059115,-113.38538489408847,-0.0683044487313786,-6.83044487313786,-0.07074917939105685,-0.16241162064671028,-0.07071968321977068,-0.5005350108559353,Amsterdam,BU0363TB01,4,random_forest,1.0188346933826782,43.30289840698242
1770.0,1695.9248190771216,-74.07518092287842,-0.0418503847021912,-4.18503847021912,-0.04275133857289681,-0.10610424081217013,-0.04274482845972554,-0.3941054590942954,Amsterdam,BU0363TB02,4,random_forest,0.8550738818195847,33.03034591674805
1180.0,1611.344903436947,431.3449034369471,0.36554652833639584,36.55465283363959,0.31155473556304436,0.6178523351164792,0.3090588360512796,1.2449270463057642,Amsterdam,BU0363TC01,1,random_forest,1.7650982659753949,35.98344421386719
2120.0,2086.884276772591,-33.115723227409035,-0.015620624163872186,-1.5620624163872185,-0.01574391168417577,-0.047434493283903104,-0.015743586487629524,-0.28857832141789225,Amsterdam,BU0363TC02,2,random_forest,0.7132844706719099,35.281986236572266
1670.0,1781.143690955245,111.14369095524489,0.06655310835643406,6.655310835643406,0.06443205455436285,0.1592006499740652,0.06440977305380255,0.04202167671728028,Amsterdam,BU0363TC03,4,random_forest,1.47262713677502,39.0057373046875
2780.0,1830.4363193236293,-949.5636806763707,-0.341569669308047,-34.1569669308047,-0.4178965634082381,-1.3601415775936143,-0.4119192262547835,-1.5999311152099571,Amsterdam,BU0363TC04,1,random_forest,0.2676681097376184,31.313140869140625
1600.0,1597.5653533291618,-2.4346466708382195,-0.0015216541692738871,-0.15216541692738872,-0.0015228130607498613,-0.00348735343520952,-0.0015228127664714496,-0.23185557911371096,Amsterdam,BU0363TD01,1,random_forest,1.7968316143244687,40.55207061767578
2080.0,2421.868781530563,341.86878153056296,0.16435999112046296,16.435999112046296,0.15217157221696187,0.48968800439984805,0.15187860780532705,0.4355167056963349,Amsterdam,BU0363TD02,2,random_forest,1.6301325227555221,26.01283836364746
1790.0,1892.436349157464,102.43634915746406,0.05722701070249389,5.722701070249389,0.055649452705098135,0.14672837681272802,0.055635095596914444,0.004501075274000885,Amsterdam,BU0363TD03,3,random_forest,1.956818599672059,30.67085647583008
3230.0,2389.5088418154783,-840.4911581845217,-0.26021398086208103,-26.0213980862081,-0.3013942979268345,-1.2039076400145081,-0.2991333163960239,-1.2726222584305038,Amsterdam,BU0363TD04,3,random_forest,-1.8929481651820728,19.605525970458984
2780.0,1787.4658247364089,-992.5341752635911,-0.3570266817494932,-35.70266817494932,-0.4416520513278739,-1.4216919059046222,-0.4346104441058936,-1.6621175113682998,Amsterdam,BU0363TE01,3,random_forest,0.1303034739051902,30.004940032958984
2540.0,2163.8925730446863,-376.1074269553137,-0.14807379013988728,-14.807379013988728,-0.16025536404893082,-0.5387309555471768,-0.15991327230156996,-0.8214617025378557,Amsterdam,BU0363TE02,1,random_forest,0.7640812111511116,26.416791915893555
1760.0,2515.473099738584,755.4730997385841,0.4292460793969228,42.92460793969228,0.3571470880390093,1.0821289763063129,0.353398598056798,1.5012020239163717,Amsterdam,BU0363TE03,5,random_forest,1.982391277315423,26.173583984375
2080.0,2607.3838451453944,527.3838451453944,0.25354992555067035,25.354992555067035,0.22597946674262204,0.7554171560379195,0.2250226832571404,0.7943441710182525,Amsterdam,BU0363TF01,1,random_forest,-0.1657379726648592,16.603599548339844
2560.0,2040.5080120004695,-519.4919879995305,-0.20292655781231658,-20.29265578123166,-0.22680845614662104,-0.7441129715509213,-0.22584114043250467,-1.0421444479119073,Amsterdam,BU0363TF02,2,random_forest,0.11822104900031868,20.839569091796875
2300.0,3770.5136377868757,1470.5136377868757,0.6393537555595112,63.935375555951126,0.494302112689315,2.10634292346533,0.48447750076152707,2.346503742812642,Amsterdam,BU0363TF03,4,random_forest,0.4637491438604544,13.146682739257812
1930.0,2217.7009839537,287.70098395369996,0.14906786733352329,14.906786733352329,0.1389510635570117,0.41209881775521257,0.1387279290704585,0.37399368683874823,Amsterdam,BU0363TG01,3,random_forest,1.8174242360629376,22.69192314147949
2170.0,2373.9994824909345,203.9994824909345,0.09400897810642142,9.400897810642142,0.08984891064474443,0.2922059716372692,0.08978851484336255,0.15248167664368414,Amsterdam,BU0363TG02,3,random_forest,1.361440000585669,23.95157241821289
1820.0,2301.349846973287,481.3498469732872,0.26447793789741053,26.447793789741052,0.2346593396822092,0.6894787085478548,0.2335884430324641,0.8383095690919091,Amsterdam,BU0363TG03,5,random_forest,1.7767843389187106,21.582895278930664
2940.0,2271.9592777054386,-668.0407222945614,-0.2272247354743406,-22.72247354743406,-0.25776700419745513,-0.9568920762336746,-0.25634917185641015,-1.139900473388396,Amsterdam,BU0363TH01,5,random_forest,-1.199098493835408,21.09797096252441
1770.0,2361.188459902412,591.188459902412,0.3340047796058825,33.40047796058825,0.28818553039996875,0.8468099832272948,0.2862074512651873,1.118028805813756,Amsterdam,BU0363TH02,3,random_forest,1.3011953824983844,24.1027946472168
2410.0,2407.6803333251714,-2.319666674828568,-0.0009625172924599866,-0.09625172924599866,-0.0009629808096818238,-0.0033226577161684545,-0.0009629807352649858,-0.2296060689020834,Amsterdam,BU0363TH03,5,random_forest,1.1614317134125498,16.314287185668945
2720.0,2142.4884336817304,-577.5115663182696,-0.21232042879348148,-21.23204287934815,-0.23866390734762533,-0.8272193944182695,-0.2375374560556004,-1.0799377138815132,Amsterdam,BU0363TH04,1,random_forest,0.5798413246538904,21.143329620361328
2750.0,2256.472391046605,-493.527608953395,-0.17946458507396182,-17.946458507396184,-0.19779820676794557,-0.7069219624635745,-0.19715582965602765,-0.9477526282190292,Amsterdam,BU0363TH05,3,random_forest,0.26480392992825547,20.31200218200684
1850.0,1699.7869844819775,-150.21301551802253,-0.08119622460433651,-8.11962246043365,-0.08468269912506621,-0.21516299755298904,-0.08463212929377688,-0.5524009897866812,Amsterdam,BU0363TJ01,1,random_forest,1.938479139511799,29.32208251953125
2290.0,2348.4691042588297,58.4691042588297,0.025532359938353583,2.5532359938353584,0.025211853311186694,0.08375031746206203,0.025210517929351327,-0.12301231814439363,Amsterdam,BU0363TJ02,4,random_forest,-0.14637756826227133,17.48711395263672
2030.0,2305.848610543394,275.848610543394,0.1358860150460069,13.588601504600689,0.12741297639672666,0.395121645821847,0.1272408865349305,0.3209606772867708,Amsterdam,BU0363TJ03,5,random_forest,1.5570801278590483,23.87492752075196
1900.0,2529.3726485422058,629.3726485422058,0.3312487623906346,33.12487623906346,0.2861174208155486,0.9015044746369363,0.28418139473965676,1.1069408430514913,Amsterdam,BU0363TK01,1,random_forest,-0.07985639422755206,14.743502616882324
3640.0,3043.625906010055,-596.3740939899449,-0.16383903681042442,-16.38390368104244,-0.17893414473037517,-0.8542378121050971,-0.17845825076884478,-0.8848881815357782,Amsterdam,BU0363TK02,1,random_forest,,9.221481323242188
1930.0,2344.5529380979337,414.55293809793375,0.21479426844452526,21.479426844452526,0.19457473607207465,0.5937997616115254,0.19396317888738054,0.6384230539647856,Amsterdam,BU0363TL01,5,random_forest,0.7036203588612834,20.41412925720215
1790.0,2414.454367409167,624.4543674091669,0.3488571884967413,34.88571884967413,0.2992577069045348,0.8944595983474647,0.2970441883016382,1.1777827709924382,Amsterdam,BU0363TL02,2,random_forest,0.7091375578749073,16.657888412475586
1970.0,2754.920342053456,784.9203420534559,0.39843672185454615,39.843672185454615,0.3353549854817759,1.1243087894489154,0.33224701591998845,1.3772503275085375,Amsterdam,BU0363TL03,1,random_forest,0.8879357642028788,15.99714469909668
2100.0,3065.55737035127,965.55737035127,0.4597892239767953,45.978922397679526,0.3782920581591256,1.3830507123348095,0.3738444086956718,1.6240826967475943,Amsterdam,BU0363TL04,1,random_forest,0.19558678112639138,8.155470848083496
1800.0,2285.784342469706,485.7843424697062,0.2698801902609479,26.98801902609479,0.23892255764314907,0.6958306171381611,0.23779245390913972,0.8600438212249717,Amsterdam,BU0363TM01,5,random_forest,1.1764409338446715,20.54853820800781
1960.0,2844.2692730015924,884.2692730015924,0.4511577923477512,45.11577923477512,0.37236171530013973,1.266614792112987,0.3681181144324669,1.5893568641372686,Amsterdam,BU0363TM02,3,random_forest,1.105057291140201,15.428162574768066
2500.0,2935.144264566356,435.144264566356,0.1740577058265424,17.405770582654238,0.16046587337215446,0.6232944862281573,0.16012243406424986,0.47453239070191783,Amsterdam,BU0363TM03,2,random_forest,-0.8934958691734527,10.431647300720217
2030.0,3260.111523939424,1230.111523939424,0.6059662679504552,60.596626795045516,0.473725611537148,1.7619943378576692,0.4650607150237877,2.212179756269078,Amsterdam,BU0363TM04,5,random_forest,0.4983737407537495,7.447344303131103
